email_id,customer_id,subject,email_body,timestamp,category,order_id
EMAIL02286,CUST0034,Discount code question,"Do you have a student discount or a promo code I can use for the Coast Travel Backpack? Please reply before the weekend. I hope this can be resolved soon. Kind regards, Jordan Juniper.",2026-02-27 17:12,Other,ORD00977
EMAIL01728,CUST0179,Poor experience,"I have tried to get help with ORD01110 twice. Still no answer. Really disappointed with the service. Please reply today. Sorry if I missed this information somewhere. Kind regards, Morgan Fern.",2026-03-10 19:59,Complaint,ORD01110
EMAIL01144,CUST0154,Payment problem,"My card payment for ORD00481 is still pending in my bank app. Did the order go through? Please reply when you can. Please let me know what you need from me. Kind regards, Avery Ivy.",2026-06-17 16:44,Payment Issue,ORD00481
EMAIL00927,CUST0136,I was charged twice,"I can see two charges for order ORD00839, but I only placed one order. Please look into this. Please reply as soon as possible. I hope this can be resolved soon. Kind regards, Casey Ivy.",2026-07-31 17:28,Payment Issue,ORD00839
EMAIL00644,CUST0286,Please cancel my order,"Hi, please cancel order ORD00474 before it ships. I made this purchase by mistake. Please reply before the weekend. Sorry if I missed this information somewhere. Kind regards, Jamie Grove.",2026-04-27 16:37,Cancellation,ORD00474
EMAIL00882,CUST0197,Cancel order,"I no longer need the Orbit Fleece Hoodie. Can you cancel ORD00124 and refund the payment? Please reply this week. I hope this can be resolved soon. Kind regards, Jamie Juniper.",2026-05-07 14:34,Cancellation,ORD00124
EMAIL00304,CUST0110,I need to return an item,"Hey, I received the Pioneer Trail Runner from order ORD00756, but it does not fit my needs. Please send the return instructions. Please reply before the weekend. I hope this can be resolved soon. Kind regards, Avery Briar.",2026-05-22 19:50,Return/Refund,ORD00756
EMAIL02333,CUST0197,Need account help,"Hi, I cannot log in after resetting my password. Can you help me access my account? Please reply this week. A quick reply would be appreciated. Kind regards, Jamie Juniper.",2026-06-21 17:26,Other,ORD00647
EMAIL00481,CUST0096,I need to return an item,"Hello, I received the Summit Foam Roller from order ORD00983, but it does not fit my needs. Please send the return instructions. Please reply when you can. I hope this can be resolved soon. Kind regards, Skyler Juniper.",2026-04-06 17:11,Return/Refund,ORD00983
EMAIL01113,CUST0297,Payment problem,"My card payment for ORD00671 is still pending in my bank app. Did the order go through? Please reply when you can. I checked the help page but could not find a clear answer. Kind regards, Riley Grove.",2026-06-13 20:34,Payment Issue,ORD00671
EMAIL00136,CUST0249,Where is my order?,"Hey, I placed order ORD01103 a few days ago and it still says delivered. Can you tell me when it will arrive? Thank you, Quinn Fern Please reply before the weekend. I checked the help page but could not find a clear answer. Kind regards, Quinn Fern.",2026-02-12 10:21,Order Status,ORD01103
EMAIL01538,CUST0157,Poor experience,"I have tried to get help with ORD01008 twice. Still no answer. Really disappointed with the service. Please reply as soon as possible. I checked the help page but could not find a clear answer. Kind regards, Avery Juniper.",2026-03-09 18:54,Complaint,ORD01008
EMAIL01585,CUST0211,Complaint about delivery,"My package for ORD00217 arrived much later than promised and nobody sent an update. This is not acceptable. Please reply as soon as possible. Sorry if I missed this information somewhere. Kind regards, Riley Hollow.",2026-02-20 18:10,Complaint,ORD00217
EMAIL01124,CUST0199,Payment problem,"My card payment for ORD00511 is still pending in my bank app. Did the order go through? Please reply when you can. Sorry if I missed this information somewhere. Kind regards, Rowan Briar.",2026-05-17 20:51,Payment Issue,ORD00511
EMAIL00463,CUST0113,I need to return an item,"Hi, I received the Harbor Training Shoe from order ORD00439, but it does not fit my needs. Please send the return instructions. Please reply today. I hope this can be resolved soon. Kind regards, Avery Cove.",2026-05-04 15:26,Return/Refund,ORD00439
EMAIL01513,CUST0181,Poor experience,"I have tried to get help with ORD00358 twice. Still no answer. Really disappointed with the service. Please reply when you can. Sorry if I missed this information somewhere. Kind regards, Avery Hollow.",2026-02-15 15:30,Complaint,ORD00358
EMAIL01967,CUST0003,Exchange request,"I would like to exchange the Pioneer Rain Jacket from order ORD01052 for a different size or color. Please tell me the next steps. Please reply as soon as possible. I hope this can be resolved soon. Kind regards, Rowan Cove.",2026-05-24 11:42,Exchange,ORD01052
EMAIL01410,CUST0280,Is this in stock?,"Do you still have the Coast Travel Backpack available? I am looking for one as a gift. Please reply as soon as possible. I checked the help page but could not find a clear answer. Kind regards, Jordan Fern.",2026-06-19 10:37,Product Information,
EMAIL02090,CUST0027,Can you replace this?,"Hi, the Solace Air Fryer from ORD00116 is the wrong size. How can I swap it for the correct one? Please reply when you can. I checked the help page but could not find a clear answer. Kind regards, Jamie Lark.",2026-02-19 19:27,Exchange,ORD00116
EMAIL00226,CUST0237,Tracking update needed,"Could you check the delivery status of ORD00164? The tracking has not changed and I am starting to worry. Please reply before the weekend. I hope this can be resolved soon. Kind regards, Jamie Ivy.",2026-07-02 15:47,Order Status,ORD00164
EMAIL00341,CUST0290,Refund status,"I returned order ORD00043 and have not received my refund. Can someone check the status for me? Please reply before the weekend. Sorry if I missed this information somewhere. Kind regards, Casey Hollow.",2026-02-08 15:54,Return/Refund,ORD00043
EMAIL01080,CUST0292,Checkout error,"Hi, my payment keeps failing when I try to buy the Atlas Denim Jacket. The card works everywhere else. Please reply when you can. I hope this can be resolved soon. Kind regards, Skyler Juniper.",2026-05-14 15:26,Payment Issue,ORD00864
EMAIL00523,CUST0049,Return request,"The Solace Daily Runner arrived damaged. I would like to return it and receive a refund for ORD01164. Please reply when you can. A quick reply would be appreciated. Kind regards, Jamie Hollow.",2026-03-20 09:23,Return/Refund,ORD01164
EMAIL01226,CUST0155,Question about Coast Trail Runner,"Hey, could you tell me more about the Coast Trail Runner? I need the size, material, and care details before ordering. Please reply when you can. I hope this can be resolved soon. Kind regards, Quinn Ember.",2026-07-23 20:53,Product Information,
EMAIL00717,CUST0151,Cancel order,"I no longer need the Harbor Insulated Bottle. Can you cancel ORD01111 and refund the payment? Please reply today. Sorry if I missed this information somewhere. Kind regards, Quinn Hollow.",2026-05-31 18:50,Cancellation,ORD01111
EMAIL00619,CUST0236,Cancel order,"I no longer need the Coast Travel Backpack. Can you cancel ORD00449 and refund the payment? Please reply this week. Please let me know what you need from me. Kind regards, Riley Ivy.",2026-04-20 09:43,Cancellation,ORD00449
EMAIL02096,CUST0265,Wrong item size,"The item in order ORD00610 does not fit. I do not need a refund; I would prefer an exchange if possible. Please reply as soon as possible. Please let me know what you need from me. Kind regards, Casey Ivy.",2026-06-06 12:43,Exchange,ORD00610
EMAIL01210,CUST0150,Question about Echo Walking Shoe,"Hey, could you tell me more about the Echo Walking Shoe? I need the size, material, and care details before ordering. Please reply before the weekend. I hope this can be resolved soon. Kind regards, Riley Lark.",2026-02-01 14:36,Product Information,
EMAIL01899,CUST0107,Need a different size,"Hi, I received the Lumen Cast Iron Pan from order ORD01146, but the size is wrong. Can I exchange it for a smaller size? Please reply today. Please let me know what you need from me. Kind regards, Quinn Dale.",2026-05-13 14:27,Exchange,ORD01146
EMAIL00615,CUST0045,Cancel order,"I no longer need the Ember Bamboo Organizer. Can you cancel ORD00213 and refund the payment? Please reply before the weekend. A quick reply would be appreciated. Kind regards, Taylor Cove.",2026-06-04 15:02,Cancellation,ORD00213
EMAIL00500,CUST0106,I need to return an item,"Dear support team, I received the Echo Gentle Cleanser from order ORD00152, but it does not fit my needs. Please send the return instructions. Please reply this week. I checked the help page but could not find a clear answer. Kind regards, Quinn Ivy.",2026-05-01 15:06,Return/Refund,ORD00152
EMAIL01063,CUST0300,Payment problem,"My card payment for ORD00296 is still pending in my bank app. Did the order go through? Please reply today. I hope this can be resolved soon. Kind regards, Jamie Hollow.",2026-08-07 08:48,Payment Issue,ORD00296
EMAIL01501,CUST0131,Very disappointed,"Hi, I am unhappy with order ORD00813. The Nimbus Electric Kettle was not as described and this has been frustrating. Please reply when you can. A quick reply would be appreciated. Kind regards, Skyler Juniper.",2026-08-25 12:05,Complaint,ORD00813
EMAIL01907,CUST0177,Exchange request,"I would like to exchange the Terra Hydrating Serum from order ORD00174 for a different size or color. Please tell me the next steps. Please reply as soon as possible. Sorry if I missed this information somewhere. Kind regards, Quinn Ivy.",2026-04-21 17:35,Exchange,ORD00174
EMAIL01020,CUST0162,Checkout error,"Hi, my payment keeps failing when I try to buy the Atlas Denim Jacket. The card works everywhere else. Please reply today. Sorry if I missed this information somewhere. Kind regards, Jamie Juniper.",2026-01-08 09:05,Payment Issue,ORD01124
EMAIL01126,CUST0265,I was charged twice,"I can see two charges for order ORD00529, but I only placed one order. Please look into this. Please reply today. I hope this can be resolved soon. Kind regards, Casey Ivy.",2026-02-05 10:46,Payment Issue,ORD00529
EMAIL01092,CUST0015,I was charged twice,"I can see two charges for order ORD00924, but I only placed one order. Please look into this. Please reply today. I checked the help page but could not find a clear answer. Kind regards, Riley Ivy.",2026-04-29 20:32,Payment Issue,ORD00924
EMAIL01653,CUST0030,Very disappointed,"Dear support team, I am unhappy with order ORD00631. The Ember Coffee Grinder was not as described and this has been frustrating. Please reply as soon as possible. Sorry if I missed this information somewhere. Kind regards, Taylor Cove.",2026-07-20 20:23,Complaint,ORD00631
EMAIL02234,CUST0187,Discount code question,"Do you have a student discount or a promo code I can use for the Nimbus Night Cream? Please reply today. I checked the help page but could not find a clear answer. Kind regards, Skyler Fern.",2026-01-28 08:30,Other,ORD00803
EMAIL02153,CUST0010,Change my address,"Hi, how do I update the delivery address saved in my account for future orders? Please reply when you can. Sorry if I missed this information somewhere. Kind regards, Taylor Grove.",2026-03-10 19:17,Other,ORD01048
EMAIL00850,CUST0087,Please cancel my order,"Hello, please cancel order ORD01049 before it ships. I made this purchase by mistake. Please reply this week. Sorry if I missed this information somewhere. Kind regards, Taylor Hollow.",2026-06-03 14:58,Cancellation,ORD01049
EMAIL00033,CUST0056,Tracking update needed,"Could you check the delivery status of ORD00550? The tracking has not changed and I am starting to worry. Please reply today. I checked the help page but could not find a clear answer. Kind regards, Avery Dale.",2026-08-09 10:49,Order Status,ORD00550
EMAIL00070,CUST0112,Where is my order?,"Hi, I placed order ORD01041 a few days ago and it still says cancelled. Can you tell me when it will arrive? Please help, Jamie Ivy Please reply before the weekend. Sorry if I missed this information somewhere. Kind regards, Jamie Ivy.",2026-05-02 11:03,Order Status,ORD01041
EMAIL01722,CUST0166,Poor experience,"I have tried to get help with ORD00785 twice. Still no answer. Really disappointed with the service. Please reply when you can. I checked the help page but could not find a clear answer. Kind regards, Skyler Juniper.",2026-04-01 17:31,Complaint,ORD00785
EMAIL00879,CUST0267,Cancel order,"I no longer need the Sage Denim Jacket. Can you cancel ORD01069 and refund the payment? Please reply before the weekend. Sorry if I missed this information somewhere. Kind regards, Jordan Lark.",2026-06-10 16:32,Cancellation,ORD01069
EMAIL00154,CUST0295,Tracking update needed,"Could you check the delivery status of ORD00392? The tracking has not changed and I am starting to worry. Please reply as soon as possible. I checked the help page but could not find a clear answer. Kind regards, Morgan Hollow.",2026-02-05 16:28,Order Status,ORD00392
EMAIL00278,CUST0034,Where is my order?,"Dear support team, I placed order ORD00964 a few days ago and it still says out for delivery. Can you tell me when it will arrive? Thank you, Jordan Juniper Please reply before the weekend. I hope this can be resolved soon. Kind regards, Jordan Juniper.",2026-08-15 11:22,Order Status,ORD00964
EMAIL01572,CUST0258,Complaint about delivery,"My package for ORD01170 arrived much later than promised and nobody sent an update. This is not acceptable. Please reply today. Please let me know what you need from me. Kind regards, Avery Fern.",2026-02-01 11:16,Complaint,ORD01170
EMAIL01664,CUST0177,Very disappointed,"Dear support team, I am unhappy with order ORD00435. The Pioneer Compact Blender was not as described and this has been frustrating. Please reply this week. I hope this can be resolved soon. Kind regards, Quinn Ivy.",2026-05-15 10:58,Complaint,ORD00435
EMAIL01794,CUST0218,Poor experience,"I have tried to get help with ORD00374 twice. Still no answer. Really disappointed with the service. Please reply today. Please let me know what you need from me. Kind regards, Jamie Hollow.",2026-01-12 17:34,Complaint,ORD00374
EMAIL00622,CUST0293,Cancel order,"I no longer need the Nova Crossbody Bag. Can you cancel ORD00061 and refund the payment? Please reply as soon as possible. I checked the help page but could not find a clear answer. Kind regards, Quinn Ember.",2026-07-01 16:57,Cancellation,ORD00061
EMAIL00600,CUST0193,Return request,"The Summit Rain Jacket arrived damaged. I would like to return it and receive a refund for ORD01139. Please reply before the weekend. Sorry if I missed this information somewhere. Kind regards, Rowan Ivy.",2026-02-14 17:25,Return/Refund,ORD01139
EMAIL02046,CUST0099,Can you replace this?,"Hi, the Sage Training Shoe from ORD01098 is the wrong size. How can I swap it for the correct one? Please reply when you can. I hope this can be resolved soon. Kind regards, Jamie Cove.",2026-06-03 12:22,Exchange,ORD01098
EMAIL00026,CUST0005,Where is my order?,"Hey, I placed order ORD00045 a few days ago and it still says shipped. Can you tell me when it will arrive? Thanks, Skyler Briar Please reply when you can. Sorry if I missed this information somewhere. Kind regards, Skyler Briar.",2026-07-14 17:57,Order Status,ORD00045
EMAIL01499,CUST0289,Is this in stock?,"Do you still have the Sage Wireless Earbuds available? I am looking for one as a gift. Please reply today. I checked the help page but could not find a clear answer. Kind regards, Rowan Briar.",2026-05-17 10:22,Product Information,ORD00365
EMAIL00420,CUST0212,I need to return an item,"Dear support team, I received the Nimbus Electric Kettle from order ORD00018, but it does not fit my needs. Please send the return instructions. Please reply today. I checked the help page but could not find a clear answer. Kind regards, Avery Fern.",2026-03-31 11:05,Return/Refund,ORD00018
EMAIL00112,CUST0103,Where is my order?,"Dear support team, I placed order ORD00148 a few days ago and it still says processing. Can you tell me when it will arrive? Please help, Jamie Dale Please reply before the weekend. Sorry if I missed this information somewhere. Kind regards, Jamie Dale.",2026-01-31 09:28,Order Status,ORD00148
EMAIL01216,CUST0067,Question about Drift Rain Jacket,"Hello, could you tell me more about the Drift Rain Jacket? I need the size, material, and care details before ordering. Please reply before the weekend. Please let me know what you need from me. Kind regards, Jordan Fern.",2026-05-26 14:54,Product Information,ORD00165
EMAIL00803,CUST0135,Cancel order,"I no longer need the Summit Foam Roller. Can you cancel ORD01197 and refund the payment? Please reply when you can. I hope this can be resolved soon. Kind regards, Jamie Fern.",2026-02-19 14:45,Cancellation,ORD01197
EMAIL01960,CUST0298,Can you replace this?,"Hi, the Summit Air Fryer from ORD00732 is the wrong size. How can I swap it for the correct one? Please reply before the weekend. I checked the help page but could not find a clear answer. Kind regards, Jordan Lark.",2026-06-28 20:20,Exchange,ORD00732
EMAIL00219,CUST0042,Has my package shipped?,"Hi, I ordered a Cedar Rain Jacket. Is order ORD00646 on its way yet? Please reply today. I hope this can be resolved soon. Kind regards, Morgan Ember.",2026-05-01 18:33,Order Status,ORD00646
EMAIL02172,CUST0252,Need account help,"Hey, I cannot log in after resetting my password. Can you help me access my account? Please reply this week. Please let me know what you need from me. Kind regards, Avery Fern.",2026-03-18 09:50,Other,ORD00442
EMAIL02391,CUST0088,Change my address,"Hi, how do I update the delivery address saved in my account for future orders? Please reply this week. I hope this can be resolved soon. Kind regards, Jordan Cove.",2026-02-21 09:10,Other,
EMAIL01004,CUST0231,I was charged twice,"I can see two charges for order ORD00535, but I only placed one order. Please look into this. Please reply before the weekend. I hope this can be resolved soon. Kind regards, Jamie Lark.",2026-02-17 14:40,Payment Issue,ORD00535
EMAIL01729,CUST0061,Very disappointed,"Hi, I am unhappy with order ORD00923. The Sage Gentle Cleanser was not as described and this has been frustrating. Please reply before the weekend. I checked the help page but could not find a clear answer. Kind regards, Rowan Dale.",2026-02-11 10:04,Complaint,ORD00923
EMAIL02108,CUST0050,Discount code question,"Do you have a student discount or a promo code I can use for the Willow Coffee Grinder? Please reply as soon as possible. I hope this can be resolved soon. Kind regards, Casey Briar.",2026-04-16 14:42,Other,ORD01102
EMAIL02385,CUST0004,Change my address,"Hi, how do I update the delivery address saved in my account for future orders? Please reply this week. I hope this can be resolved soon. Kind regards, Avery Cove.",2026-05-26 15:29,Other,ORD00437
EMAIL02065,CUST0121,Exchange request,"I would like to exchange the Meadow Vitamin C Set from order ORD00599 for a different size or color. Please tell me the next steps. Please reply before the weekend. I checked the help page but could not find a clear answer. Kind regards, Riley Grove.",2026-04-07 14:43,Exchange,ORD00599
EMAIL01509,CUST0228,Very disappointed,"Dear support team, I am unhappy with order ORD00057. The Ember Gentle Cleanser was not as described and this has been frustrating. Please reply this week. Please let me know what you need from me. Kind regards, Avery Fern.",2026-01-03 08:36,Complaint,ORD00057
EMAIL01997,CUST0045,Exchange request,"I would like to exchange the Ember Bamboo Organizer from order ORD00213 for a different size or color. Please tell me the next steps. Please reply when you can. I checked the help page but could not find a clear answer. Kind regards, Taylor Cove.",2026-06-01 16:15,Exchange,ORD00213
EMAIL01906,CUST0222,Need a different size,"Dear support team, I received the Drift Insulated Bottle from order ORD00626, but the size is wrong. Can I exchange it for a smaller size? Please reply when you can. I checked the help page but could not find a clear answer. Kind regards, Quinn Fern.",2026-02-08 20:32,Exchange,ORD00626
EMAIL01861,CUST0288,Need a different size,"Hey, I received the Lumen Cast Iron Pan from order ORD00236, but the size is wrong. Can I exchange it for a smaller size? Please reply as soon as possible. I checked the help page but could not find a clear answer. Kind regards, Casey Hollow.",2026-07-24 19:39,Exchange,ORD00236
EMAIL00436,CUST0087,Return request,"The Orbit Fleece Hoodie arrived damaged. I would like to return it and receive a refund for ORD01113. Please reply this week. Sorry if I missed this information somewhere. Kind regards, Taylor Hollow.",2026-08-08 11:17,Return/Refund,ORD01113
EMAIL01130,CUST0103,I was charged twice,"I can see two charges for order ORD00148, but I only placed one order. Please look into this. Please reply today. A quick reply would be appreciated. Kind regards, Jamie Dale.",2026-01-13 12:59,Payment Issue,ORD00148
EMAIL00807,CUST0023,Please cancel my order,"Hey, please cancel order ORD00669 before it ships. I made this purchase by mistake. Please reply before the weekend. Please let me know what you need from me. Kind regards, Riley Dale.",2026-07-13 12:55,Cancellation,ORD00669
EMAIL02016,CUST0224,Can you replace this?,"Hi, the Meadow Quilted Vest from ORD01085 is the wrong size. How can I swap it for the correct one? Please reply as soon as possible. I checked the help page but could not find a clear answer. Kind regards, Taylor Ivy.",2026-06-26 20:43,Exchange,ORD01085
EMAIL00315,CUST0128,Refund status,"I returned order ORD00280 and have not received my refund. Can someone check the status for me? Please reply when you can. Please let me know what you need from me. Kind regards, Morgan Ivy.",2026-01-26 15:35,Return/Refund,ORD00280
EMAIL01016,CUST0015,Payment problem,"My card payment for ORD00731 is still pending in my bank app. Did the order go through? Please reply before the weekend. Sorry if I missed this information somewhere. Kind regards, Riley Ivy.",2026-08-13 14:50,Payment Issue,ORD00731
EMAIL02012,CUST0044,Can you replace this?,"Hi, the Terra Rain Jacket from ORD00900 is the wrong size. How can I swap it for the correct one? Please reply today. Sorry if I missed this information somewhere. Kind regards, Casey Briar.",2026-01-30 14:15,Exchange,ORD00900
EMAIL01571,CUST0082,Poor experience,"I have tried to get help with ORD01034 twice. Still no answer. Really disappointed with the service. Please reply as soon as possible. Sorry if I missed this information somewhere. Kind regards, Rowan Dale.",2026-05-23 16:29,Complaint,ORD01034
EMAIL00957,CUST0131,I was charged twice,"I can see two charges for order ORD01009, but I only placed one order. Please look into this. Please reply today. I hope this can be resolved soon. Kind regards, Skyler Juniper.",2026-01-16 20:07,Payment Issue,ORD01009
EMAIL00746,CUST0292,Please cancel my order,"Hi, please cancel order ORD00276 before it ships. I made this purchase by mistake. Please reply when you can. I hope this can be resolved soon. Kind regards, Skyler Juniper.",2026-06-29 09:40,Cancellation,ORD00276
EMAIL00724,CUST0171,Please cancel my order,"Dear support team, please cancel order ORD00571 before it ships. I made this purchase by mistake. Please reply when you can. Please let me know what you need from me. Kind regards, Riley Ivy.",2026-02-13 18:18,Cancellation,ORD00571
EMAIL01785,CUST0220,Complaint about delivery,"My package for ORD01001 arrived much later than promised and nobody sent an update. This is not acceptable. Please reply before the weekend. I hope this can be resolved soon. Kind regards, Quinn Cove.",2026-02-23 09:08,Complaint,ORD01001
EMAIL01258,CUST0089,Warranty question,"Hi, does the Brook Wireless Earbuds come with a warranty? I could not find the answer on the product page. Please reply today. Please let me know what you need from me. Kind regards, Morgan Ember.",2026-05-18 10:55,Product Information,
EMAIL01299,CUST0085,Question about Terra Electric Kettle,"Hi, could you tell me more about the Terra Electric Kettle? I need the size, material, and care details before ordering. Please reply when you can. I checked the help page but could not find a clear answer. Kind regards, Rowan Hollow.",2026-03-24 13:39,Product Information,
EMAIL00753,CUST0060,Accidental order,"Oops, I ordered the wrong item. Is it still possible to stop order ORD00079? Please reply today. Sorry if I missed this information somewhere. Kind regards, Taylor Briar.",2026-01-28 13:13,Cancellation,ORD00079
EMAIL00462,CUST0143,Return request,"The Harbor Fleece Hoodie arrived damaged. I would like to return it and receive a refund for ORD00133. Please reply when you can. A quick reply would be appreciated. Kind regards, Skyler Hollow.",2026-08-13 11:28,Return/Refund,ORD00133
EMAIL01514,CUST0202,Complaint about delivery,"My package for ORD00848 arrived much later than promised and nobody sent an update. This is not acceptable. Please reply today. Sorry if I missed this information somewhere. Kind regards, Morgan Fern.",2026-08-08 19:13,Complaint,ORD00848
EMAIL01683,CUST0274,Very disappointed,"Hey, I am unhappy with order ORD00029. The Harbor Cast Iron Pan was not as described and this has been frustrating. Please reply as soon as possible. A quick reply would be appreciated. Kind regards, Casey Cove.",2026-04-01 20:49,Complaint,ORD00029
EMAIL01198,CUST0161,Checkout error,"Hi, my payment keeps failing when I try to buy the Cedar Air Fryer. The card works everywhere else. Please reply as soon as possible. Please let me know what you need from me. Kind regards, Skyler Grove.",2026-03-21 11:01,Payment Issue,ORD00526
EMAIL01831,CUST0259,Can you replace this?,"Hi, the Brook Crossbody Bag from ORD00772 is the wrong size. How can I swap it for the correct one? Please reply this week. I hope this can be resolved soon. Kind regards, Morgan Juniper.",2026-07-17 09:42,Exchange,ORD00772
EMAIL00445,CUST0254,I need to return an item,"Hello, I received the Summit Rain Jacket from order ORD00826, but it does not fit my needs. Please send the return instructions. Please reply this week. I hope this can be resolved soon. Kind regards, Taylor Cove.",2026-08-10 13:15,Return/Refund,ORD00826
EMAIL02006,CUST0070,Need a different size,"Hello, I received the Ember Denim Jacket from order ORD00677, but the size is wrong. Can I exchange it for a smaller size? Please reply before the weekend. I checked the help page but could not find a clear answer. Kind regards, Taylor Cove.",2026-03-04 11:17,Exchange,ORD00677
EMAIL01402,CUST0272,Question about Harbor Wireless Earbuds,"Dear support team, could you tell me more about the Harbor Wireless Earbuds? I need the size, material, and care details before ordering. Please reply today. A quick reply would be appreciated. Kind regards, Skyler Grove.",2026-02-21 10:36,Product Information,ORD00040
EMAIL02068,CUST0199,Can you replace this?,"Hi, the Brook Walking Shoe from ORD00354 is the wrong size. How can I swap it for the correct one? Please reply before the weekend. Please let me know what you need from me. Kind regards, Rowan Briar.",2026-02-14 12:15,Exchange,ORD00354
EMAIL00669,CUST0090,Cancel order,"I no longer need the Nova Gentle Cleanser. Can you cancel ORD00558 and refund the payment? Please reply when you can. A quick reply would be appreciated. Kind regards, Riley Ember.",2026-01-13 15:09,Cancellation,ORD00558
EMAIL02273,CUST0211,Change my address,"Hi, how do I update the delivery address saved in my account for future orders? Please reply today. A quick reply would be appreciated. Kind regards, Riley Hollow.",2026-06-07 17:03,Other,ORD01185
EMAIL02064,CUST0296,Exchange request,"I would like to exchange the Nova Crossbody Bag from order ORD00419 for a different size or color. Please tell me the next steps. Please reply this week. I checked the help page but could not find a clear answer. Kind regards, Riley Briar.",2026-08-02 17:50,Exchange,ORD00419
EMAIL00796,CUST0014,Accidental order,"Oops, I ordered the wrong item. Is it still possible to stop order ORD00126? Please reply before the weekend. A quick reply would be appreciated. Kind regards, Casey Ember.",2026-04-07 13:40,Cancellation,ORD00126
EMAIL00663,CUST0103,Please cancel my order,"Dear support team, please cancel order ORD00148 before it ships. I made this purchase by mistake. Please reply when you can. I checked the help page but could not find a clear answer. Kind regards, Jamie Dale.",2026-07-01 10:05,Cancellation,ORD00148
EMAIL02021,CUST0204,Can you replace this?,"Hi, the Cedar Resistance Band Set from ORD00381 is the wrong size. How can I swap it for the correct one? Please reply when you can. A quick reply would be appreciated. Kind regards, Skyler Ember.",2026-01-01 12:43,Exchange,ORD00381
EMAIL02002,CUST0112,Need a different size,"Hey, I received the Cedar Resistance Band Set from order ORD01181, but the size is wrong. Can I exchange it for a smaller size? Please reply when you can. I hope this can be resolved soon. Kind regards, Jamie Ivy.",2026-03-22 16:25,Exchange,ORD01181
EMAIL00419,CUST0167,I need to return an item,"Hi, I received the Nova Trail Runner from order ORD00525, but it does not fit my needs. Please send the return instructions. Please reply as soon as possible. I checked the help page but could not find a clear answer. Kind regards, Morgan Fern.",2026-07-08 10:58,Return/Refund,ORD00525
EMAIL00261,CUST0216,Where is my order?,"Hi, I placed order ORD00008 a few days ago and it still says shipped. Can you tell me when it will arrive? Thank you, Morgan Lark Please reply this week. Sorry if I missed this information somewhere. Kind regards, Morgan Lark.",2026-02-19 17:54,Order Status,ORD00008
EMAIL00637,CUST0291,Please cancel my order,"Dear support team, please cancel order ORD00460 before it ships. I made this purchase by mistake. Please reply as soon as possible. Please let me know what you need from me. Kind regards, Riley Lark.",2026-05-17 16:39,Cancellation,ORD00460
EMAIL02071,CUST0142,Can you replace this?,"Hi, the Summit Night Cream from ORD00695 is the wrong size. How can I swap it for the correct one? Please reply this week. Sorry if I missed this information somewhere. Kind regards, Riley Cove.",2026-03-14 13:13,Exchange,ORD00695
EMAIL00695,CUST0173,Please cancel my order,"Hi, please cancel order ORD01054 before it ships. I made this purchase by mistake. Please reply as soon as possible. Sorry if I missed this information somewhere. Kind regards, Casey Hollow.",2026-08-26 14:37,Cancellation,ORD01054
EMAIL01496,CUST0271,Warranty question,"Hi, does the Nova Wireless Earbuds come with a warranty? I could not find the answer on the product page. Please reply this week. A quick reply would be appreciated. Kind regards, Avery Dale.",2026-07-18 13:44,Product Information,ORD00937
EMAIL00880,CUST0239,Cancel order,"I no longer need the Aster Coffee Grinder. Can you cancel ORD00030 and refund the payment? Please reply when you can. A quick reply would be appreciated. Kind regards, Riley Briar.",2026-08-18 16:25,Cancellation,ORD00030
EMAIL00421,CUST0218,Refund status,"I returned order ORD00325 and have not received my refund. Can someone check the status for me? Please reply as soon as possible. I hope this can be resolved soon. Kind regards, Jamie Hollow.",2026-04-23 10:54,Return/Refund,ORD00325
EMAIL01554,CUST0010,Poor experience,"I have tried to get help with ORD01048 twice. Still no answer. Really disappointed with the service. Please reply when you can. Sorry if I missed this information somewhere. Kind regards, Taylor Grove.",2026-06-11 12:05,Complaint,ORD01048
EMAIL02017,CUST0261,Can you replace this?,"Hi, the Cedar Air Fryer from ORD01003 is the wrong size. How can I swap it for the correct one? Please reply when you can. I hope this can be resolved soon. Kind regards, Casey Ivy.",2026-04-01 14:06,Exchange,ORD01003
EMAIL02160,CUST0020,Change my address,"Hi, how do I update the delivery address saved in my account for future orders? Please reply when you can. A quick reply would be appreciated. Kind regards, Morgan Briar.",2026-08-25 12:09,Other,
EMAIL01611,CUST0151,Poor experience,"I have tried to get help with ORD01111 twice. Still no answer. Really disappointed with the service. Please reply when you can. I hope this can be resolved soon. Kind regards, Quinn Hollow.",2026-03-11 14:56,Complaint,ORD01111
EMAIL01250,CUST0204,Warranty question,"Hi, does the Lumen Canvas Tote come with a warranty? I could not find the answer on the product page. Please reply before the weekend. Sorry if I missed this information somewhere. Kind regards, Skyler Ember.",2026-03-01 12:11,Product Information,
EMAIL01317,CUST0222,Is this in stock?,"Do you still have the Drift Insulated Bottle available? I am looking for one as a gift. Please reply as soon as possible. Sorry if I missed this information somewhere. Kind regards, Quinn Fern.",2026-01-23 19:30,Product Information,ORD00626
EMAIL00806,CUST0069,Please cancel my order,"Dear support team, please cancel order ORD00660 before it ships. I made this purchase by mistake. Please reply before the weekend. Please let me know what you need from me. Kind regards, Rowan Ember.",2026-01-22 15:55,Cancellation,ORD00660
EMAIL02357,CUST0238,Need account help,"Hi, I cannot log in after resetting my password. Can you help me access my account? Please reply this week. Please let me know what you need from me. Kind regards, Skyler Grove.",2026-07-15 14:44,Other,ORD00666
EMAIL00780,CUST0019,Please cancel my order,"Dear support team, please cancel order ORD00544 before it ships. I made this purchase by mistake. Please reply when you can. A quick reply would be appreciated. Kind regards, Rowan Ember.",2026-01-19 10:26,Cancellation,ORD00544
EMAIL02356,CUST0299,Discount code question,"Do you have a student discount or a promo code I can use for the Pioneer Trail Runner? Please reply when you can. Sorry if I missed this information somewhere. Kind regards, Jordan Briar.",2026-07-03 09:47,Other,
EMAIL01083,CUST0112,Payment problem,"My card payment for ORD01181 is still pending in my bank app. Did the order go through? Please reply before the weekend. I checked the help page but could not find a clear answer. Kind regards, Jamie Ivy.",2026-02-09 13:49,Payment Issue,ORD01181
EMAIL00083,CUST0214,Has my package shipped?,"Hi, I ordered a Orbit Fleece Hoodie. Is order ORD00513 on its way yet? Please reply as soon as possible. I hope this can be resolved soon. Kind regards, Rowan Ivy.",2026-05-29 20:02,Order Status,ORD00513
EMAIL01502,CUST0150,Very disappointed,"Hello, I am unhappy with order ORD01134. The Harbor Training Shoe was not as described and this has been frustrating. Please reply this week. Sorry if I missed this information somewhere. Kind regards, Riley Lark.",2026-04-11 10:53,Complaint,ORD01134
EMAIL00674,CUST0108,Please cancel my order,"Hey, please cancel order ORD00408 before it ships. I made this purchase by mistake. Please reply this week. Sorry if I missed this information somewhere. Kind regards, Rowan Lark.",2026-04-08 14:19,Cancellation,ORD00408
EMAIL02297,CUST0161,Need account help,"Hi, I cannot log in after resetting my password. Can you help me access my account? Please reply before the weekend. Sorry if I missed this information somewhere. Kind regards, Skyler Grove.",2026-08-08 20:20,Other,ORD00903
EMAIL02156,CUST0144,Change my address,"Hi, how do I update the delivery address saved in my account for future orders? Please reply as soon as possible. A quick reply would be appreciated. Kind regards, Skyler Ember.",2026-04-20 15:20,Other,ORD00153
EMAIL02214,CUST0085,Discount code question,"Do you have a student discount or a promo code I can use for the Lumen Wireless Earbuds? Please reply before the weekend. I hope this can be resolved soon. Kind regards, Rowan Hollow.",2026-04-20 15:19,Other,ORD00775
EMAIL01481,CUST0202,Question about Harbor Training Shoe,"Dear support team, could you tell me more about the Harbor Training Shoe? I need the size, material, and care details before ordering. Please reply this week. I checked the help page but could not find a clear answer. Kind regards, Morgan Fern.",2026-03-30 17:47,Product Information,
EMAIL01787,CUST0145,Poor experience,"I have tried to get help with ORD00199 twice. Still no answer. Really disappointed with the service. Please reply before the weekend. Please let me know what you need from me. Kind regards, Skyler Cove.",2026-07-12 14:13,Complaint,ORD00199
EMAIL00179,CUST0107,Tracking update needed,"Could you check the delivery status of ORD01007? The tracking has not changed and I am starting to worry. Please reply as soon as possible. I hope this can be resolved soon. Kind regards, Quinn Dale.",2026-05-20 09:21,Order Status,ORD01007
EMAIL01659,CUST0164,Poor experience,"I have tried to get help with ORD00239 twice. Still no answer. Really disappointed with the service. Please reply when you can. A quick reply would be appreciated. Kind regards, Casey Ember.",2026-07-30 14:49,Complaint,ORD00239
EMAIL00106,CUST0035,Has my package shipped?,"Hi, I ordered a Pioneer Trail Runner. Is order ORD00629 on its way yet? Please reply before the weekend. I hope this can be resolved soon. Kind regards, Skyler Grove.",2026-04-15 12:38,Order Status,ORD00629
EMAIL02035,CUST0212,Can you replace this?,"Hi, the Summit Rain Jacket from ORD00248 is the wrong size. How can I swap it for the correct one? Please reply before the weekend. Please let me know what you need from me. Kind regards, Avery Fern.",2026-04-25 10:47,Exchange,ORD00248
EMAIL01537,CUST0089,Very disappointed,"Dear support team, I am unhappy with order ORD00821. The Drift Travel Backpack was not as described and this has been frustrating. Please reply before the weekend. Please let me know what you need from me. Kind regards, Morgan Ember.",2026-08-06 08:54,Complaint,ORD00821
EMAIL00873,CUST0195,Please cancel my order,"Hi, please cancel order ORD00780 before it ships. I made this purchase by mistake. Please reply when you can. Please let me know what you need from me. Kind regards, Jamie Grove.",2026-03-25 18:10,Cancellation,ORD00780
EMAIL01636,CUST0291,Complaint about delivery,"My package for ORD00790 arrived much later than promised and nobody sent an update. This is not acceptable. Please reply as soon as possible. I checked the help page but could not find a clear answer. Kind regards, Riley Lark.",2026-07-17 10:15,Complaint,ORD00790
EMAIL00234,CUST0223,Tracking update needed,"Could you check the delivery status of ORD00596? The tracking has not changed and I am starting to worry. Please reply when you can. A quick reply would be appreciated. Kind regards, Casey Grove.",2026-01-11 19:56,Order Status,ORD00596
EMAIL00043,CUST0043,Has my package shipped?,"Hi, I ordered a Nova Trail Runner. Is order ORD00866 on its way yet? Please reply as soon as possible. A quick reply would be appreciated. Kind regards, Skyler Juniper.",2026-07-15 10:30,Order Status,ORD00866
EMAIL00861,CUST0006,Please cancel my order,"Hello, please cancel order ORD00334 before it ships. I made this purchase by mistake. Please reply this week. A quick reply would be appreciated. Kind regards, Rowan Hollow.",2026-01-01 14:07,Cancellation,ORD00334
EMAIL00345,CUST0294,Refund status,"I returned order ORD00576 and have not received my refund. Can someone check the status for me? Please reply this week. Sorry if I missed this information somewhere. Kind regards, Rowan Grove.",2026-03-02 14:58,Return/Refund,ORD00576
EMAIL01089,CUST0030,Checkout error,"Hi, my payment keeps failing when I try to buy the Lumen Gentle Cleanser. The card works everywhere else. Please reply today. Sorry if I missed this information somewhere. Kind regards, Taylor Cove.",2026-04-03 15:39,Payment Issue,ORD01086
EMAIL00816,CUST0257,Accidental order,"Oops, I ordered the wrong item. Is it still possible to stop order ORD00359? Please reply before the weekend. A quick reply would be appreciated. Kind regards, Riley Hollow.",2026-01-11 14:54,Cancellation,ORD00359
EMAIL01693,CUST0187,Very disappointed,"Dear support team, I am unhappy with order ORD00668. The Nova Trail Runner was not as described and this has been frustrating. Please reply as soon as possible. Sorry if I missed this information somewhere. Kind regards, Skyler Fern.",2026-08-03 15:18,Complaint,ORD00668
EMAIL01224,CUST0203,Warranty question,"Hi, does the Aster Yoga Mat come with a warranty? I could not find the answer on the product page. Please reply before the weekend. A quick reply would be appreciated. Kind regards, Quinn Ivy.",2026-05-26 12:24,Product Information,
EMAIL01096,CUST0294,I was charged twice,"I can see two charges for order ORD00364, but I only placed one order. Please look into this. Please reply as soon as possible. I checked the help page but could not find a clear answer. Kind regards, Rowan Grove.",2026-01-21 13:07,Payment Issue,ORD00364
EMAIL02393,CUST0035,Need account help,"Hi, I cannot log in after resetting my password. Can you help me access my account? Please reply this week. Sorry if I missed this information somewhere. Kind regards, Skyler Grove.",2026-03-06 18:04,Other,ORD00629
EMAIL01171,CUST0065,Payment problem,"My card payment for ORD00425 is still pending in my bank app. Did the order go through? Please reply when you can. I hope this can be resolved soon. Kind regards, Skyler Lark.",2026-07-18 14:11,Payment Issue,ORD00425
EMAIL00388,CUST0293,Refund status,"I returned order ORD00804 and have not received my refund. Can someone check the status for me? Please reply today. Sorry if I missed this information somewhere. Kind regards, Quinn Ember.",2026-04-01 18:51,Return/Refund,ORD00804
EMAIL00976,CUST0268,Checkout error,"Hi, my payment keeps failing when I try to buy the Echo Noise-Canceling Headphones. The card works everywhere else. Please reply as soon as possible. I checked the help page but could not find a clear answer. Kind regards, Morgan Lark.",2026-01-18 19:52,Payment Issue,ORD00965
EMAIL00482,CUST0230,I need to return an item,"Hello, I received the Pioneer Glass Storage Set from order ORD00514, but it does not fit my needs. Please send the return instructions. Please reply this week. I checked the help page but could not find a clear answer. Kind regards, Jordan Dale.",2026-05-18 20:07,Return/Refund,ORD00514
EMAIL01037,CUST0149,I was charged twice,"I can see two charges for order ORD00829, but I only placed one order. Please look into this. Please reply before the weekend. Please let me know what you need from me. Kind regards, Jordan Hollow.",2026-03-07 18:23,Payment Issue,ORD00829
EMAIL01217,CUST0035,Question about Summit Glass Storage Set,"Hello, could you tell me more about the Summit Glass Storage Set? I need the size, material, and care details before ordering. Please reply when you can. Please let me know what you need from me. Kind regards, Skyler Grove.",2026-01-28 10:49,Product Information,ORD00396
EMAIL01195,CUST0020,I was charged twice,"I can see two charges for order ORD00783, but I only placed one order. Please look into this. Please reply when you can. Sorry if I missed this information somewhere. Kind regards, Morgan Briar.",2026-05-06 15:14,Payment Issue,ORD00783
EMAIL00594,CUST0238,I need to return an item,"Hey, I received the Brook Quilted Vest from order ORD01080, but it does not fit my needs. Please send the return instructions. Please reply this week. Sorry if I missed this information somewhere. Kind regards, Skyler Grove.",2026-01-17 19:44,Return/Refund,ORD01080
EMAIL01599,CUST0085,Poor experience,"I have tried to get help with ORD01043 twice. Still no answer. Really disappointed with the service. Please reply before the weekend. I hope this can be resolved soon. Kind regards, Rowan Hollow.",2026-05-22 14:43,Complaint,ORD01043
EMAIL00411,CUST0086,Refund status,"I returned order ORD01099 and have not received my refund. Can someone check the status for me? Please reply this week. Please let me know what you need from me. Kind regards, Jordan Dale.",2026-07-11 13:26,Return/Refund,ORD01099
EMAIL01799,CUST0023,Very disappointed,"Hey, I am unhappy with order ORD00323. The Drift Hydrating Serum was not as described and this has been frustrating. Please reply when you can. Please let me know what you need from me. Kind regards, Riley Dale.",2026-05-09 19:59,Complaint,ORD00323
EMAIL00946,CUST0195,Checkout error,"Hi, my payment keeps failing when I try to buy the Lumen Gentle Cleanser. The card works everywhere else. Please reply before the weekend. Please let me know what you need from me. Kind regards, Jamie Grove.",2026-07-04 14:53,Payment Issue,ORD00780
EMAIL01837,CUST0025,Exchange request,"I would like to exchange the Drift Noise-Canceling Headphones from order ORD00037 for a different size or color. Please tell me the next steps. Please reply as soon as possible. Sorry if I missed this information somewhere. Kind regards, Morgan Dale.",2026-01-24 11:26,Exchange,ORD00037
EMAIL02313,CUST0184,Change my address,"Hi, how do I update the delivery address saved in my account for future orders? Please reply this week. Please let me know what you need from me. Kind regards, Skyler Ember.",2026-07-30 14:13,Other,ORD00887
EMAIL02050,CUST0093,Can you replace this?,"Hi, the Solace Travel Backpack from ORD00940 is the wrong size. How can I swap it for the correct one? Please reply when you can. Please let me know what you need from me. Kind regards, Rowan Grove.",2026-06-16 20:59,Exchange,ORD00940
EMAIL02202,CUST0088,Need account help,"Hello, I cannot log in after resetting my password. Can you help me access my account? Please reply today. I hope this can be resolved soon. Kind regards, Jordan Cove.",2026-05-06 20:41,Other,ORD00999
EMAIL02217,CUST0059,Need account help,"Dear support team, I cannot log in after resetting my password. Can you help me access my account? Please reply this week. I checked the help page but could not find a clear answer. Kind regards, Morgan Briar.",2026-07-08 13:35,Other,
EMAIL01855,CUST0146,Wrong item size,"The item in order ORD00913 does not fit. I do not need a refund; I would prefer an exchange if possible. Please reply before the weekend. I hope this can be resolved soon. Kind regards, Rowan Hollow.",2026-03-21 08:46,Exchange,ORD00913
EMAIL01435,CUST0046,Is this in stock?,"Do you still have the Orbit Gentle Cleanser available? I am looking for one as a gift. Please reply before the weekend. A quick reply would be appreciated. Kind regards, Quinn Ember.",2026-04-10 09:00,Product Information,
EMAIL00215,CUST0039,Where is my order?,"Hey, I placed order ORD01155 a few days ago and it still says delivered. Can you tell me when it will arrive? Thank you, Jordan Fern Please reply before the weekend. I hope this can be resolved soon. Kind regards, Jordan Fern.",2026-07-21 13:21,Order Status,ORD01155
EMAIL02342,CUST0030,Need account help,"Hey, I cannot log in after resetting my password. Can you help me access my account? Please reply when you can. Sorry if I missed this information somewhere. Kind regards, Taylor Cove.",2026-03-09 12:39,Other,ORD01086
EMAIL01440,CUST0286,Warranty question,"Hi, does the Willow Walking Shoe come with a warranty? I could not find the answer on the product page. Please reply when you can. A quick reply would be appreciated. Kind regards, Jamie Grove.",2026-06-20 17:55,Product Information,ORD00474
EMAIL02218,CUST0099,Discount code question,"Do you have a student discount or a promo code I can use for the Sage Training Shoe? Please reply today. Sorry if I missed this information somewhere. Kind regards, Jamie Cove.",2026-03-12 10:07,Other,ORD01098
EMAIL00400,CUST0170,Return request,"The Willow Walking Shoe arrived damaged. I would like to return it and receive a refund for ORD00989. Please reply before the weekend. I checked the help page but could not find a clear answer. Kind regards, Jordan Ivy.",2026-07-08 09:36,Return/Refund,ORD00989
EMAIL00394,CUST0148,Return request,"The Terra Canvas Tote arrived damaged. I would like to return it and receive a refund for ORD00698. Please reply today. Please let me know what you need from me. Kind regards, Casey Hollow.",2026-07-18 19:26,Return/Refund,ORD00698
EMAIL01149,CUST0118,I was charged twice,"I can see two charges for order ORD00672, but I only placed one order. Please look into this. Please reply when you can. I checked the help page but could not find a clear answer. Kind regards, Jordan Ivy.",2026-01-21 19:53,Payment Issue,ORD00672
EMAIL00549,CUST0250,Refund status,"I returned order ORD00457 and have not received my refund. Can someone check the status for me? Please reply before the weekend. I hope this can be resolved soon. Kind regards, Quinn Cove.",2026-07-10 11:14,Return/Refund,ORD00457
EMAIL01984,CUST0054,Wrong item size,"The item in order ORD00914 does not fit. I do not need a refund; I would prefer an exchange if possible. Please reply this week. I checked the help page but could not find a clear answer. Kind regards, Rowan Briar.",2026-05-11 20:41,Exchange,ORD00914
EMAIL01917,CUST0212,Exchange request,"I would like to exchange the Echo Walking Shoe from order ORD00397 for a different size or color. Please tell me the next steps. Please reply when you can. Please let me know what you need from me. Kind regards, Avery Fern.",2026-07-19 12:01,Exchange,ORD00397
EMAIL00761,CUST0123,Accidental order,"Oops, I ordered the wrong item. Is it still possible to stop order ORD01040? Please reply this week. A quick reply would be appreciated. Kind regards, Jordan Ember.",2026-01-29 12:46,Cancellation,ORD01040
EMAIL01669,CUST0101,Very disappointed,"Hi, I am unhappy with order ORD00595. The Drift Travel Backpack was not as described and this has been frustrating. Please reply when you can. Sorry if I missed this information somewhere. Kind regards, Riley Hollow.",2026-07-25 09:03,Complaint,ORD00595
EMAIL00150,CUST0262,Where is my order?,"Hi, I placed order ORD00420 a few days ago and it still says returned. Can you tell me when it will arrive? Regards, Avery Grove Please reply when you can. Sorry if I missed this information somewhere. Kind regards, Avery Grove.",2026-05-30 09:18,Order Status,ORD00420
EMAIL00630,CUST0091,Accidental order,"Oops, I ordered the wrong item. Is it still possible to stop order ORD00187? Please reply when you can. I hope this can be resolved soon. Kind regards, Morgan Hollow.",2026-02-07 20:04,Cancellation,ORD00187
EMAIL00521,CUST0128,Refund status,"I returned order ORD01169 and have not received my refund. Can someone check the status for me? Please reply this week. I hope this can be resolved soon. Kind regards, Morgan Ivy.",2026-05-16 19:40,Return/Refund,ORD01169
EMAIL00369,CUST0261,Refund status,"I returned order ORD00845 and have not received my refund. Can someone check the status for me? Please reply when you can. I hope this can be resolved soon. Kind regards, Casey Ivy.",2026-05-04 10:30,Return/Refund,ORD00845
EMAIL02364,CUST0055,Discount code question,"Do you have a student discount or a promo code I can use for the Pioneer Insulated Bottle? Please reply today. A quick reply would be appreciated. Kind regards, Jamie Ivy.",2026-06-03 19:15,Other,ORD00292
EMAIL02176,CUST0110,Change my address,"Hi, how do I update the delivery address saved in my account for future orders? Please reply as soon as possible. Sorry if I missed this information somewhere. Kind regards, Avery Briar.",2026-01-27 13:55,Other,ORD00756
EMAIL01436,CUST0005,Question about Ember Trail Runner,"Hello, could you tell me more about the Ember Trail Runner? I need the size, material, and care details before ordering. Please reply this week. Please let me know what you need from me. Kind regards, Skyler Briar.",2026-08-17 20:10,Product Information,ORD00232
EMAIL01465,CUST0220,Is this in stock?,"Do you still have the Terra Bamboo Organizer available? I am looking for one as a gift. Please reply as soon as possible. I checked the help page but could not find a clear answer. Kind regards, Quinn Cove.",2026-08-24 11:51,Product Information,ORD01066
EMAIL00103,CUST0153,Has my package shipped?,"Hi, I ordered a Willow Canvas Tote. Is order ORD00100 on its way yet? Please reply as soon as possible. A quick reply would be appreciated. Kind regards, Quinn Lark.",2026-03-06 10:12,Order Status,ORD00100
EMAIL00392,CUST0250,Return request,"The Terra Daily Runner arrived damaged. I would like to return it and receive a refund for ORD01129. Please reply as soon as possible. Sorry if I missed this information somewhere. Kind regards, Quinn Cove.",2026-03-05 12:38,Return/Refund,ORD01129
EMAIL01150,CUST0190,Payment problem,"My card payment for ORD00835 is still pending in my bank app. Did the order go through? Please reply before the weekend. Please let me know what you need from me. Kind regards, Taylor Lark.",2026-08-10 15:49,Payment Issue,ORD00835
EMAIL00618,CUST0202,Accidental order,"Oops, I ordered the wrong item. Is it still possible to stop order ORD00848? Please reply today. I hope this can be resolved soon. Kind regards, Morgan Fern.",2026-05-06 10:57,Cancellation,ORD00848
EMAIL01326,CUST0232,Is this in stock?,"Do you still have the Nimbus Fleece Hoodie available? I am looking for one as a gift. Please reply this week. I hope this can be resolved soon. Kind regards, Skyler Dale.",2026-03-18 12:59,Product Information,
EMAIL01515,CUST0131,Poor experience,"I have tried to get help with ORD01088 twice. Still no answer. Really disappointed with the service. Please reply today. Please let me know what you need from me. Kind regards, Skyler Juniper.",2026-08-14 14:51,Complaint,ORD01088
EMAIL01801,CUST0034,Can you replace this?,"Hi, the Coast Travel Backpack from ORD00977 is the wrong size. How can I swap it for the correct one? Please reply this week. I checked the help page but could not find a clear answer. Kind regards, Jordan Juniper.",2026-02-22 16:24,Exchange,ORD00977
EMAIL00789,CUST0270,Cancel order,"I no longer need the Nimbus Glass Storage Set. Can you cancel ORD00317 and refund the payment? Please reply this week. I checked the help page but could not find a clear answer. Kind regards, Jordan Juniper.",2026-07-08 20:20,Cancellation,ORD00317
EMAIL01914,CUST0145,Wrong item size,"The item in order ORD00199 does not fit. I do not need a refund; I would prefer an exchange if possible. Please reply as soon as possible. A quick reply would be appreciated. Kind regards, Skyler Cove.",2026-08-16 18:03,Exchange,ORD00199
EMAIL01764,CUST0069,Complaint about delivery,"My package for ORD00414 arrived much later than promised and nobody sent an update. This is not acceptable. Please reply as soon as possible. A quick reply would be appreciated. Kind regards, Rowan Ember.",2026-06-17 08:06,Complaint,ORD00414
EMAIL00001,CUST0010,Tracking update needed,"Could you check the delivery status of ORD00793? The tracking has not changed and I am starting to worry. Please reply as soon as possible. I hope this can be resolved soon. Kind regards, Taylor Grove.",2026-03-20 19:40,Order Status,ORD00793
EMAIL01865,CUST0148,Exchange request,"I would like to exchange the Terra Daily Runner from order ORD00827 for a different size or color. Please tell me the next steps. Please reply as soon as possible. I checked the help page but could not find a clear answer. Kind regards, Casey Hollow.",2026-01-22 12:54,Exchange,ORD00827
EMAIL00019,CUST0280,Has my package shipped?,"Hi, I ordered a Aster Yoga Mat. Is order ORD00099 on its way yet? Please reply this week. I hope this can be resolved soon. Kind regards, Jordan Fern.",2026-02-22 15:14,Order Status,ORD00099
EMAIL01924,CUST0289,Wrong item size,"The item in order ORD00365 does not fit. I do not need a refund; I would prefer an exchange if possible. Please reply this week. I hope this can be resolved soon. Kind regards, Rowan Briar.",2026-07-02 11:22,Exchange,ORD00365
EMAIL01280,CUST0078,Warranty question,"Hi, does the Nimbus Canvas Tote come with a warranty? I could not find the answer on the product page. Please reply as soon as possible. I hope this can be resolved soon. Kind regards, Avery Grove.",2026-04-09 20:10,Product Information,
EMAIL00898,CUST0057,Accidental order,"Oops, I ordered the wrong item. Is it still possible to stop order ORD00633? Please reply when you can. Sorry if I missed this information somewhere. Kind regards, Riley Ivy.",2026-05-02 19:54,Cancellation,ORD00633
EMAIL01820,CUST0246,Need a different size,"Hello, I received the Solace Night Cream from order ORD00362, but the size is wrong. Can I exchange it for a smaller size? Please reply today. Please let me know what you need from me. Kind regards, Riley Grove.",2026-08-11 20:42,Exchange,ORD00362
EMAIL02011,CUST0159,Exchange request,"I would like to exchange the Nimbus Canvas Tote from order ORD00135 for a different size or color. Please tell me the next steps. Please reply today. I checked the help page but could not find a clear answer. Kind regards, Quinn Ivy.",2026-01-06 13:08,Exchange,ORD00135
EMAIL00418,CUST0086,Refund status,"I returned order ORD00256 and have not received my refund. Can someone check the status for me? Please reply as soon as possible. Please let me know what you need from me. Kind regards, Jordan Dale.",2026-08-21 12:39,Return/Refund,ORD00256
EMAIL00901,CUST0275,Checkout error,"Hi, my payment keeps failing when I try to buy the Brook Air Fryer. The card works everywhere else. Please reply when you can. Sorry if I missed this information somewhere. Kind regards, Rowan Lark.",2026-01-02 12:23,Payment Issue,ORD00134
EMAIL01342,CUST0194,Question about Solace Travel Backpack,"Hi, could you tell me more about the Solace Travel Backpack? I need the size, material, and care details before ordering. Please reply before the weekend. A quick reply would be appreciated. Kind regards, Jamie Ivy.",2026-05-14 09:24,Product Information,
EMAIL02245,CUST0098,Discount code question,"Do you have a student discount or a promo code I can use for the Atlas Gentle Cleanser? Please reply when you can. I hope this can be resolved soon. Kind regards, Rowan Juniper.",2026-03-20 09:08,Other,
EMAIL01239,CUST0176,Warranty question,"Hi, does the Aster Night Cream come with a warranty? I could not find the answer on the product page. Please reply before the weekend. I hope this can be resolved soon. Kind regards, Skyler Lark.",2026-07-05 19:09,Product Information,
EMAIL02375,CUST0215,Need account help,"Dear support team, I cannot log in after resetting my password. Can you help me access my account? Please reply when you can. A quick reply would be appreciated. Kind regards, Rowan Hollow.",2026-02-27 20:36,Other,ORD00538
EMAIL00412,CUST0100,Refund status,"I returned order ORD00337 and have not received my refund. Can someone check the status for me? Please reply before the weekend. I hope this can be resolved soon. Kind regards, Taylor Cove.",2026-01-29 15:01,Return/Refund,ORD00337
EMAIL00368,CUST0265,Return request,"The Sage Resistance Band Set arrived damaged. I would like to return it and receive a refund for ORD00610. Please reply when you can. Please let me know what you need from me. Kind regards, Casey Ivy.",2026-06-14 10:37,Return/Refund,ORD00610
EMAIL01221,CUST0282,Is this in stock?,"Do you still have the Sage Gentle Cleanser available? I am looking for one as a gift. Please reply when you can. A quick reply would be appreciated. Kind regards, Quinn Juniper.",2026-08-01 14:10,Product Information,
EMAIL02119,CUST0280,Discount code question,"Do you have a student discount or a promo code I can use for the Nimbus Training Shoe? Please reply this week. I hope this can be resolved soon. Kind regards, Jordan Fern.",2026-03-25 13:56,Other,ORD00333
EMAIL00923,CUST0112,I was charged twice,"I can see two charges for order ORD01181, but I only placed one order. Please look into this. Please reply as soon as possible. Please let me know what you need from me. Kind regards, Jamie Ivy.",2026-06-18 17:04,Payment Issue,ORD01181
EMAIL00547,CUST0179,I need to return an item,"Hi, I received the Brook Walking Shoe from order ORD01110, but it does not fit my needs. Please send the return instructions. Please reply as soon as possible. I checked the help page but could not find a clear answer. Kind regards, Morgan Fern.",2026-07-10 18:05,Return/Refund,ORD01110
EMAIL00838,CUST0154,Accidental order,"Oops, I ordered the wrong item. Is it still possible to stop order ORD01079? Please reply before the weekend. A quick reply would be appreciated. Kind regards, Avery Ivy.",2026-05-18 20:23,Cancellation,ORD01079
EMAIL00317,CUST0052,I need to return an item,"Hello, I received the Meadow Electric Kettle from order ORD00412, but it does not fit my needs. Please send the return instructions. Please reply as soon as possible. Please let me know what you need from me. Kind regards, Jordan Hollow.",2026-08-18 12:52,Return/Refund,ORD00412
EMAIL00285,CUST0291,Has my package shipped?,"Hi, I ordered a Willow Glass Storage Set. Is order ORD00790 on its way yet? Please reply as soon as possible. Please let me know what you need from me. Kind regards, Riley Lark.",2026-03-21 16:20,Order Status,ORD00790
EMAIL01027,CUST0027,Payment problem,"My card payment for ORD00691 is still pending in my bank app. Did the order go through? Please reply before the weekend. I hope this can be resolved soon. Kind regards, Jamie Lark.",2026-02-14 12:08,Payment Issue,ORD00691
EMAIL01398,CUST0211,Is this in stock?,"Do you still have the Brook Air Fryer available? I am looking for one as a gift. Please reply as soon as possible. I checked the help page but could not find a clear answer. Kind regards, Riley Hollow.",2026-01-03 12:05,Product Information,
EMAIL01200,CUST0038,Payment problem,"My card payment for ORD00327 is still pending in my bank app. Did the order go through? Please reply as soon as possible. Please let me know what you need from me. Kind regards, Rowan Dale.",2026-03-14 17:40,Payment Issue,ORD00327
EMAIL00284,CUST0266,Tracking update needed,"Could you check the delivery status of ORD00986? The tracking has not changed and I am starting to worry. Please reply before the weekend. I hope this can be resolved soon. Kind regards, Skyler Briar.",2026-07-14 09:15,Order Status,ORD00986
EMAIL00378,CUST0054,Return request,"The Drift Rain Jacket arrived damaged. I would like to return it and receive a refund for ORD00914. Please reply today. I hope this can be resolved soon. Kind regards, Rowan Briar.",2026-04-21 09:46,Return/Refund,ORD00914
EMAIL01300,CUST0249,Question about Echo Gentle Cleanser,"Hey, could you tell me more about the Echo Gentle Cleanser? I need the size, material, and care details before ordering. Please reply when you can. A quick reply would be appreciated. Kind regards, Quinn Fern.",2026-02-01 17:00,Product Information,ORD00459
EMAIL01969,CUST0159,Need a different size,"Hi, I received the Nimbus Canvas Tote from order ORD00135, but the size is wrong. Can I exchange it for a smaller size? Please reply this week. A quick reply would be appreciated. Kind regards, Quinn Ivy.",2026-05-17 12:25,Exchange,ORD00135
EMAIL00054,CUST0147,Tracking update needed,"Could you check the delivery status of ORD00530? The tracking has not changed and I am starting to worry. Please reply before the weekend. A quick reply would be appreciated. Kind regards, Rowan Grove.",2026-06-29 18:06,Order Status,ORD00530
EMAIL02142,CUST0184,Change my address,"Hi, how do I update the delivery address saved in my account for future orders? Please reply this week. Sorry if I missed this information somewhere. Kind regards, Skyler Ember.",2026-05-16 16:59,Other,ORD00887
EMAIL00579,CUST0081,Refund status,"I returned order ORD00185 and have not received my refund. Can someone check the status for me? Please reply as soon as possible. I checked the help page but could not find a clear answer. Kind regards, Jordan Juniper.",2026-05-11 20:18,Return/Refund,ORD00185
EMAIL01800,CUST0171,Very disappointed,"Hey, I am unhappy with order ORD00636. The Aster Studio Microphone was not as described and this has been frustrating. Please reply when you can. Please let me know what you need from me. Kind regards, Riley Ivy.",2026-02-20 09:27,Complaint,ORD00636
EMAIL00896,CUST0272,Cancel order,"I no longer need the Pioneer Vitamin C Set. Can you cancel ORD00837 and refund the payment? Please reply today. I checked the help page but could not find a clear answer. Kind regards, Skyler Grove.",2026-08-03 13:13,Cancellation,ORD00837
EMAIL02290,CUST0107,Discount code question,"Do you have a student discount or a promo code I can use for the Ember Noise-Canceling Headphones? Please reply before the weekend. I checked the help page but could not find a clear answer. Kind regards, Quinn Dale.",2026-08-05 10:09,Other,
EMAIL01173,CUST0112,I was charged twice,"I can see two charges for order ORD00685, but I only placed one order. Please look into this. Please reply as soon as possible. A quick reply would be appreciated. Kind regards, Jamie Ivy.",2026-06-29 17:12,Payment Issue,ORD00685
EMAIL00104,CUST0146,Where is my order?,"Hi, I placed order ORD00546 a few days ago and it still says processing. Can you tell me when it will arrive? Regards, Rowan Hollow Please reply when you can. Sorry if I missed this information somewhere. Kind regards, Rowan Hollow.",2026-04-21 15:27,Order Status,ORD00546
EMAIL00580,CUST0257,I need to return an item,"Dear support team, I received the Aster Night Cream from order ORD00051, but it does not fit my needs. Please send the return instructions. Please reply when you can. I hope this can be resolved soon. Kind regards, Riley Hollow.",2026-01-10 11:14,Return/Refund,ORD00051
EMAIL00825,CUST0236,Cancel order,"I no longer need the Coast Travel Backpack. Can you cancel ORD00449 and refund the payment? Please reply today. I checked the help page but could not find a clear answer. Kind regards, Riley Ivy.",2026-03-07 08:44,Cancellation,ORD00449
EMAIL01982,CUST0058,Exchange request,"I would like to exchange the Brook Walking Shoe from order ORD00499 for a different size or color. Please tell me the next steps. Please reply as soon as possible. Please let me know what you need from me. Kind regards, Rowan Ivy.",2026-04-09 09:53,Exchange,ORD00499
EMAIL00632,CUST0033,Cancel order,"I no longer need the Nimbus Canvas Tote. Can you cancel ORD01145 and refund the payment? Please reply today. A quick reply would be appreciated. Kind regards, Rowan Lark.",2026-06-21 19:59,Cancellation,ORD01145
EMAIL01979,CUST0101,Wrong item size,"The item in order ORD00595 does not fit. I do not need a refund; I would prefer an exchange if possible. Please reply today. Please let me know what you need from me. Kind regards, Riley Hollow.",2026-06-11 20:27,Exchange,ORD00595
EMAIL01162,CUST0233,I was charged twice,"I can see two charges for order ORD00584, but I only placed one order. Please look into this. Please reply when you can. Please let me know what you need from me. Kind regards, Riley Ivy.",2026-07-28 18:17,Payment Issue,ORD00584
EMAIL00769,CUST0055,Cancel order,"I no longer need the Atlas Training Shoe. Can you cancel ORD00868 and refund the payment? Please reply today. A quick reply would be appreciated. Kind regards, Jamie Ivy.",2026-04-30 14:34,Cancellation,ORD00868
EMAIL00767,CUST0052,Please cancel my order,"Dear support team, please cancel order ORD00412 before it ships. I made this purchase by mistake. Please reply before the weekend. I checked the help page but could not find a clear answer. Kind regards, Jordan Hollow.",2026-08-08 13:22,Cancellation,ORD00412
EMAIL00408,CUST0222,Refund status,"I returned order ORD00626 and have not received my refund. Can someone check the status for me? Please reply today. A quick reply would be appreciated. Kind regards, Quinn Fern.",2026-08-13 15:07,Return/Refund,ORD00626
EMAIL00540,CUST0074,I need to return an item,"Hi, I received the Ember Denim Jacket from order ORD00603, but it does not fit my needs. Please send the return instructions. Please reply today. I checked the help page but could not find a clear answer. Kind regards, Riley Cove.",2026-04-21 20:43,Return/Refund,ORD00603
EMAIL00331,CUST0155,Refund status,"I returned order ORD00791 and have not received my refund. Can someone check the status for me? Please reply today. I hope this can be resolved soon. Kind regards, Quinn Ember.",2026-07-09 14:15,Return/Refund,ORD00791
EMAIL00721,CUST0225,Accidental order,"Oops, I ordered the wrong item. Is it still possible to stop order ORD00101? Please reply this week. Sorry if I missed this information somewhere. Kind regards, Skyler Cove.",2026-01-05 16:55,Cancellation,ORD00101
EMAIL01472,CUST0293,Is this in stock?,"Do you still have the Harbor Travel Backpack available? I am looking for one as a gift. Please reply as soon as possible. Sorry if I missed this information somewhere. Kind regards, Quinn Ember.",2026-04-12 18:21,Product Information,ORD00804
EMAIL00299,CUST0047,Where is my order?,"Hey, I placed order ORD00117 a few days ago and it still says delivered. Can you tell me when it will arrive? Thanks, Skyler Ivy Please reply today. A quick reply would be appreciated. Kind regards, Skyler Ivy.",2026-06-13 13:29,Order Status,ORD00117
EMAIL01678,CUST0011,Very disappointed,"Dear support team, I am unhappy with order ORD00784. The Willow Canvas Tote was not as described and this has been frustrating. Please reply this week. Please let me know what you need from me. Kind regards, Quinn Juniper.",2026-07-27 12:09,Complaint,ORD00784
EMAIL01426,CUST0175,Question about Drift Travel Backpack,"Hello, could you tell me more about the Drift Travel Backpack? I need the size, material, and care details before ordering. Please reply as soon as possible. A quick reply would be appreciated. Kind regards, Morgan Cove.",2026-05-23 16:43,Product Information,ORD00954
EMAIL00202,CUST0225,Has my package shipped?,"Hi, I ordered a Drift Travel Backpack. Is order ORD00101 on its way yet? Please reply before the weekend. I checked the help page but could not find a clear answer. Kind regards, Skyler Cove.",2026-08-21 17:48,Order Status,ORD00101
EMAIL00266,CUST0058,Has my package shipped?,"Hi, I ordered a Echo Coffee Grinder. Is order ORD00452 on its way yet? Please reply today. I checked the help page but could not find a clear answer. Kind regards, Rowan Ivy.",2026-05-24 10:13,Order Status,ORD00452
EMAIL01596,CUST0062,Complaint about delivery,"My package for ORD00934 arrived much later than promised and nobody sent an update. This is not acceptable. Please reply today. I checked the help page but could not find a clear answer. Kind regards, Jordan Cove.",2026-03-14 08:37,Complaint,ORD00934
EMAIL01105,CUST0254,Payment problem,"My card payment for ORD00968 is still pending in my bank app. Did the order go through? Please reply this week. Sorry if I missed this information somewhere. Kind regards, Taylor Cove.",2026-08-22 16:03,Payment Issue,ORD00968
EMAIL00183,CUST0012,Tracking update needed,"Could you check the delivery status of ORD00572? The tracking has not changed and I am starting to worry. Please reply before the weekend. I checked the help page but could not find a clear answer. Kind regards, Rowan Fern.",2026-08-12 10:18,Order Status,ORD00572
EMAIL01464,CUST0095,Is this in stock?,"Do you still have the Harbor Vitamin C Set available? I am looking for one as a gift. Please reply when you can. Sorry if I missed this information somewhere. Kind regards, Skyler Hollow.",2026-03-10 15:53,Product Information,ORD00517
EMAIL01733,CUST0067,Poor experience,"I have tried to get help with ORD00746 twice. Still no answer. Really disappointed with the service. Please reply when you can. A quick reply would be appreciated. Kind regards, Jordan Fern.",2026-07-17 08:51,Complaint,ORD00746
EMAIL00719,CUST0117,Accidental order,"Oops, I ordered the wrong item. Is it still possible to stop order ORD00142? Please reply today. A quick reply would be appreciated. Kind regards, Skyler Juniper.",2026-06-21 17:16,Cancellation,ORD00142
EMAIL01001,CUST0017,I was charged twice,"I can see two charges for order ORD00523, but I only placed one order. Please look into this. Please reply this week. Sorry if I missed this information somewhere. Kind regards, Casey Lark.",2026-04-13 09:30,Payment Issue,ORD00523
EMAIL01378,CUST0264,Is this in stock?,"Do you still have the Atlas Laptop Sleeve available? I am looking for one as a gift. Please reply as soon as possible. I checked the help page but could not find a clear answer. Kind regards, Taylor Briar.",2026-08-21 08:32,Product Information,
EMAIL00557,CUST0270,Refund status,"I returned order ORD00846 and have not received my refund. Can someone check the status for me? Please reply today. Please let me know what you need from me. Kind regards, Jordan Juniper.",2026-06-11 10:21,Return/Refund,ORD00846
EMAIL00493,CUST0008,Return request,"The Orbit Air Fryer arrived damaged. I would like to return it and receive a refund for ORD00500. Please reply today. Please let me know what you need from me. Kind regards, Jamie Grove.",2026-01-02 11:42,Return/Refund,ORD00500
EMAIL02294,CUST0029,Change my address,"Hi, how do I update the delivery address saved in my account for future orders? Please reply before the weekend. Please let me know what you need from me. Kind regards, Avery Cove.",2026-04-11 12:04,Other,ORD00802
EMAIL01060,CUST0271,Checkout error,"Hi, my payment keeps failing when I try to buy the Terra Studio Microphone. The card works everywhere else. Please reply today. Please let me know what you need from me. Kind regards, Avery Dale.",2026-01-08 13:51,Payment Issue,ORD00753
EMAIL00123,CUST0154,Has my package shipped?,"Hi, I ordered a Solace Night Cream. Is order ORD00066 on its way yet? Please reply when you can. I checked the help page but could not find a clear answer. Kind regards, Avery Ivy.",2026-01-20 15:03,Order Status,ORD00066
EMAIL01621,CUST0278,Complaint about delivery,"My package for ORD00938 arrived much later than promised and nobody sent an update. This is not acceptable. Please reply before the weekend. Sorry if I missed this information somewhere. Kind regards, Jamie Cove.",2026-03-17 18:20,Complaint,ORD00938
EMAIL00849,CUST0282,Accidental order,"Oops, I ordered the wrong item. Is it still possible to stop order ORD00070? Please reply before the weekend. I checked the help page but could not find a clear answer. Kind regards, Quinn Juniper.",2026-08-07 08:53,Cancellation,ORD00070
EMAIL00733,CUST0119,Cancel order,"I no longer need the Orbit Laptop Sleeve. Can you cancel ORD00879 and refund the payment? Please reply before the weekend. A quick reply would be appreciated. Kind regards, Riley Juniper.",2026-08-19 08:02,Cancellation,ORD00879
EMAIL00831,CUST0286,Cancel order,"I no longer need the Willow Vitamin C Set. Can you cancel ORD00281 and refund the payment? Please reply as soon as possible. Sorry if I missed this information somewhere. Kind regards, Jamie Grove.",2026-07-15 16:41,Cancellation,ORD00281
EMAIL00359,CUST0064,Refund status,"I returned order ORD01149 and have not received my refund. Can someone check the status for me? Please reply today. Please let me know what you need from me. Kind regards, Skyler Briar.",2026-07-27 14:53,Return/Refund,ORD01149
EMAIL00449,CUST0254,I need to return an item,"Dear support team, I received the Solace Travel Backpack from order ORD00968, but it does not fit my needs. Please send the return instructions. Please reply this week. I checked the help page but could not find a clear answer. Kind regards, Taylor Cove.",2026-06-01 20:41,Return/Refund,ORD00968
EMAIL01131,CUST0079,Checkout error,"Hi, my payment keeps failing when I try to buy the Willow Portable Speaker. The card works everywhere else. Please reply as soon as possible. Sorry if I missed this information somewhere. Kind regards, Riley Dale.",2026-04-02 10:44,Payment Issue,ORD00620
EMAIL00770,CUST0040,Please cancel my order,"Dear support team, please cancel order ORD00049 before it ships. I made this purchase by mistake. Please reply when you can. A quick reply would be appreciated. Kind regards, Rowan Ember.",2026-04-05 09:02,Cancellation,ORD00049
EMAIL01040,CUST0167,Checkout error,"Hi, my payment keeps failing when I try to buy the Echo Noise-Canceling Headphones. The card works everywhere else. Please reply as soon as possible. I hope this can be resolved soon. Kind regards, Morgan Fern.",2026-05-12 18:16,Payment Issue,ORD00657
EMAIL00379,CUST0231,I need to return an item,"Hello, I received the Summit Training Shoe from order ORD01097, but it does not fit my needs. Please send the return instructions. Please reply before the weekend. Sorry if I missed this information somewhere. Kind regards, Jamie Lark.",2026-06-03 12:31,Return/Refund,ORD01097
EMAIL01564,CUST0222,Complaint about delivery,"My package for ORD00626 arrived much later than promised and nobody sent an update. This is not acceptable. Please reply before the weekend. I checked the help page but could not find a clear answer. Kind regards, Quinn Fern.",2026-03-04 14:52,Complaint,ORD00626
EMAIL02180,CUST0137,Change my address,"Hi, how do I update the delivery address saved in my account for future orders? Please reply this week. Sorry if I missed this information somewhere. Kind regards, Taylor Ember.",2026-02-04 10:22,Other,ORD00177
EMAIL01215,CUST0266,Warranty question,"Hi, does the Lumen Gentle Cleanser come with a warranty? I could not find the answer on the product page. Please reply as soon as possible. Please let me know what you need from me. Kind regards, Skyler Briar.",2026-03-28 15:51,Product Information,
EMAIL02392,CUST0120,Change my address,"Hi, how do I update the delivery address saved in my account for future orders? Please reply before the weekend. A quick reply would be appreciated. Kind regards, Quinn Cove.",2026-02-17 08:30,Other,ORD01065
EMAIL00929,CUST0244,I was charged twice,"I can see two charges for order ORD01116, but I only placed one order. Please look into this. Please reply as soon as possible. Please let me know what you need from me. Kind regards, Avery Fern.",2026-02-05 17:35,Payment Issue,ORD01116
EMAIL00264,CUST0252,Where is my order?,"Hello, I placed order ORD00442 a few days ago and it still says delivered. Can you tell me when it will arrive? Please help, Avery Fern Please reply as soon as possible. Sorry if I missed this information somewhere. Kind regards, Avery Fern.",2026-04-06 20:34,Order Status,ORD00442
EMAIL00143,CUST0300,Has my package shipped?,"Hi, I ordered a Harbor Cast Iron Pan. Is order ORD00728 on its way yet? Please reply today. A quick reply would be appreciated. Kind regards, Jamie Hollow.",2026-08-24 14:40,Order Status,ORD00728
EMAIL00550,CUST0090,Refund status,"I returned order ORD00346 and have not received my refund. Can someone check the status for me? Please reply as soon as possible. Please let me know what you need from me. Kind regards, Riley Ember.",2026-08-25 20:54,Return/Refund,ORD00346
EMAIL00084,CUST0151,Tracking update needed,"Could you check the delivery status of ORD01111? The tracking has not changed and I am starting to worry. Please reply this week. Sorry if I missed this information somewhere. Kind regards, Quinn Hollow.",2026-01-30 11:54,Order Status,ORD01111
EMAIL01376,CUST0057,Warranty question,"Hi, does the Cedar Bamboo Organizer come with a warranty? I could not find the answer on the product page. Please reply this week. I checked the help page but could not find a clear answer. Kind regards, Riley Ivy.",2026-02-13 20:27,Product Information,ORD00922
EMAIL00283,CUST0078,Where is my order?,"Hello, I placed order ORD00150 a few days ago and it still says returned. Can you tell me when it will arrive? Please help, Avery Grove Please reply before the weekend. I checked the help page but could not find a clear answer. Kind regards, Avery Grove.",2026-08-18 08:08,Order Status,ORD00150
EMAIL01248,CUST0172,Question about Solace Travel Backpack,"Hey, could you tell me more about the Solace Travel Backpack? I need the size, material, and care details before ordering. Please reply when you can. I checked the help page but could not find a clear answer. Kind regards, Jordan Briar.",2026-08-09 13:39,Product Information,ORD00151
EMAIL00862,CUST0115,Please cancel my order,"Hello, please cancel order ORD00233 before it ships. I made this purchase by mistake. Please reply as soon as possible. Sorry if I missed this information somewhere. Kind regards, Morgan Cove.",2026-05-20 17:22,Cancellation,ORD00233
EMAIL00892,CUST0178,Accidental order,"Oops, I ordered the wrong item. Is it still possible to stop order ORD00433? Please reply today. I hope this can be resolved soon. Kind regards, Skyler Lark.",2026-07-01 14:23,Cancellation,ORD00433
EMAIL02386,CUST0234,Discount code question,"Do you have a student discount or a promo code I can use for the Pioneer Glass Storage Set? Please reply this week. Please let me know what you need from me. Kind regards, Riley Juniper.",2026-07-15 13:04,Other,
EMAIL01516,CUST0038,Very disappointed,"Hey, I am unhappy with order ORD00832. The Aster Night Cream was not as described and this has been frustrating. Please reply this week. I hope this can be resolved soon. Kind regards, Rowan Dale.",2026-04-23 08:05,Complaint,ORD00832
EMAIL00960,CUST0269,I was charged twice,"I can see two charges for order ORD00020, but I only placed one order. Please look into this. Please reply when you can. I hope this can be resolved soon. Kind regards, Jordan Lark.",2026-01-08 19:06,Payment Issue,ORD00020
EMAIL01128,CUST0068,I was charged twice,"I can see two charges for order ORD00856, but I only placed one order. Please look into this. Please reply before the weekend. I checked the help page but could not find a clear answer. Kind regards, Avery Ivy.",2026-03-13 12:31,Payment Issue,ORD00856
EMAIL01018,CUST0174,I was charged twice,"I can see two charges for order ORD01023, but I only placed one order. Please look into this. Please reply today. Sorry if I missed this information somewhere. Kind regards, Avery Dale.",2026-02-11 10:07,Payment Issue,ORD01023
EMAIL00735,CUST0004,Please cancel my order,"Dear support team, please cancel order ORD00557 before it ships. I made this purchase by mistake. Please reply today. I hope this can be resolved soon. Kind regards, Avery Cove.",2026-05-14 16:49,Cancellation,ORD00557
EMAIL01780,CUST0261,Poor experience,"I have tried to get help with ORD01141 twice. Still no answer. Really disappointed with the service. Please reply this week. I checked the help page but could not find a clear answer. Kind regards, Casey Ivy.",2026-04-16 20:06,Complaint,ORD01141
EMAIL01870,CUST0110,Need a different size,"Hi, I received the Pioneer Trail Runner from order ORD00756, but the size is wrong. Can I exchange it for a smaller size? Please reply before the weekend. I checked the help page but could not find a clear answer. Kind regards, Avery Briar.",2026-07-28 14:51,Exchange,ORD00756
EMAIL01595,CUST0051,Complaint about delivery,"My package for ORD00894 arrived much later than promised and nobody sent an update. This is not acceptable. Please reply this week. Sorry if I missed this information somewhere. Kind regards, Morgan Ember.",2026-06-21 13:15,Complaint,ORD00894
EMAIL00229,CUST0063,Has my package shipped?,"Hi, I ordered a Summit Training Shoe. Is order ORD00765 on its way yet? Please reply today. I checked the help page but could not find a clear answer. Kind regards, Morgan Hollow.",2026-07-09 13:28,Order Status,ORD00765
EMAIL01160,CUST0236,I was charged twice,"I can see two charges for order ORD00449, but I only placed one order. Please look into this. Please reply today. I checked the help page but could not find a clear answer. Kind regards, Riley Ivy.",2026-01-08 16:41,Payment Issue,ORD00449
EMAIL01743,CUST0068,Poor experience,"I have tried to get help with ORD01193 twice. Still no answer. Really disappointed with the service. Please reply this week. Please let me know what you need from me. Kind regards, Avery Ivy.",2026-07-08 18:24,Complaint,ORD01193
EMAIL01854,CUST0012,Need a different size,"Hey, I received the Meadow Studio Microphone from order ORD00572, but the size is wrong. Can I exchange it for a smaller size? Please reply as soon as possible. A quick reply would be appreciated. Kind regards, Rowan Fern.",2026-02-17 13:24,Exchange,ORD00572
EMAIL01305,CUST0242,Is this in stock?,"Do you still have the Nimbus Electric Kettle available? I am looking for one as a gift. Please reply when you can. Sorry if I missed this information somewhere. Kind regards, Taylor Ember.",2026-07-17 12:34,Product Information,
EMAIL01639,CUST0250,Poor experience,"I have tried to get help with ORD00250 twice. Still no answer. Really disappointed with the service. Please reply as soon as possible. Please let me know what you need from me. Kind regards, Quinn Cove.",2026-03-08 08:11,Complaint,ORD00250
EMAIL01467,CUST0215,Is this in stock?,"Do you still have the Harbor Training Shoe available? I am looking for one as a gift. Please reply as soon as possible. I hope this can be resolved soon. Kind regards, Rowan Hollow.",2026-02-27 09:55,Product Information,ORD00538
EMAIL01768,CUST0158,Complaint about delivery,"My package for ORD00564 arrived much later than promised and nobody sent an update. This is not acceptable. Please reply this week. Sorry if I missed this information somewhere. Kind regards, Jamie Ivy.",2026-04-20 20:00,Complaint,ORD00564
EMAIL00568,CUST0130,Refund status,"I returned order ORD01091 and have not received my refund. Can someone check the status for me? Please reply before the weekend. A quick reply would be appreciated. Kind regards, Jamie Dale.",2026-02-06 12:01,Return/Refund,ORD01091
EMAIL01396,CUST0114,Question about Meadow Foam Roller,"Dear support team, could you tell me more about the Meadow Foam Roller? I need the size, material, and care details before ordering. Please reply when you can. Sorry if I missed this information somewhere. Kind regards, Jordan Juniper.",2026-02-06 08:33,Product Information,
EMAIL00067,CUST0278,Where is my order?,"Hi, I placed order ORD00938 a few days ago and it still says shipped. Can you tell me when it will arrive? Thanks, Jamie Cove Please reply today. Sorry if I missed this information somewhere. Kind regards, Jamie Cove.",2026-07-16 14:12,Order Status,ORD00938
EMAIL01320,CUST0015,Question about Aster Coffee Grinder,"Hi, could you tell me more about the Aster Coffee Grinder? I need the size, material, and care details before ordering. Please reply this week. I hope this can be resolved soon. Kind regards, Riley Ivy.",2026-05-22 13:30,Product Information,ORD00924
EMAIL00520,CUST0142,Return request,"The Summit Glass Storage Set arrived damaged. I would like to return it and receive a refund for ORD01035. Please reply when you can. A quick reply would be appreciated. Kind regards, Riley Cove.",2026-04-16 13:29,Return/Refund,ORD01035
EMAIL01277,CUST0298,Warranty question,"Hi, does the Orbit Training Shoe come with a warranty? I could not find the answer on the product page. Please reply before the weekend. A quick reply would be appreciated. Kind regards, Jordan Lark.",2026-07-17 09:39,Product Information,
EMAIL01362,CUST0020,Warranty question,"Hi, does the Summit Air Fryer come with a warranty? I could not find the answer on the product page. Please reply as soon as possible. I checked the help page but could not find a clear answer. Kind regards, Morgan Briar.",2026-06-26 14:13,Product Information,ORD00219
EMAIL01754,CUST0036,Complaint about delivery,"My package for ORD00368 arrived much later than promised and nobody sent an update. This is not acceptable. Please reply this week. Sorry if I missed this information somewhere. Kind regards, Taylor Fern.",2026-02-13 18:06,Complaint,ORD00368
EMAIL02159,CUST0124,Discount code question,"Do you have a student discount or a promo code I can use for the Willow Portable Speaker? Please reply this week. A quick reply would be appreciated. Kind regards, Taylor Juniper.",2026-01-16 09:25,Other,ORD00014
EMAIL02243,CUST0126,Change my address,"Hi, how do I update the delivery address saved in my account for future orders? Please reply this week. A quick reply would be appreciated. Kind regards, Jamie Ivy.",2026-03-06 12:24,Other,ORD00015
EMAIL00502,CUST0192,Return request,"The Terra Electric Kettle arrived damaged. I would like to return it and receive a refund for ORD00566. Please reply today. I hope this can be resolved soon. Kind regards, Riley Lark.",2026-07-16 11:49,Return/Refund,ORD00566
EMAIL02354,CUST0156,Discount code question,"Do you have a student discount or a promo code I can use for the Solace Glass Storage Set? Please reply when you can. A quick reply would be appreciated. Kind regards, Riley Lark.",2026-05-26 09:30,Other,
EMAIL00199,CUST0065,Where is my order?,"Hello, I placed order ORD00425 a few days ago and it still says shipped. Can you tell me when it will arrive? Thanks, Skyler Lark Please reply as soon as possible. Sorry if I missed this information somewhere. Kind regards, Skyler Lark.",2026-01-30 08:31,Order Status,ORD00425
EMAIL02158,CUST0165,Discount code question,"Do you have a student discount or a promo code I can use for the Echo Foam Roller? Please reply today. I hope this can be resolved soon. Kind regards, Jordan Ember.",2026-04-14 15:33,Other,ORD00254
EMAIL02078,CUST0234,Can you replace this?,"Hi, the Sage Travel Backpack from ORD00004 is the wrong size. How can I swap it for the correct one? Please reply before the weekend. Sorry if I missed this information somewhere. Kind regards, Riley Juniper.",2026-04-21 19:20,Exchange,ORD00004
EMAIL01448,CUST0273,Question about Aster Daily Runner,"Dear support team, could you tell me more about the Aster Daily Runner? I need the size, material, and care details before ordering. Please reply today. Sorry if I missed this information somewhere. Kind regards, Avery Dale.",2026-03-23 12:14,Product Information,
EMAIL01310,CUST0153,Is this in stock?,"Do you still have the Ember Crossbody Bag available? I am looking for one as a gift. Please reply today. Please let me know what you need from me. Kind regards, Quinn Lark.",2026-05-29 12:44,Product Information,
EMAIL01583,CUST0081,Very disappointed,"Hi, I am unhappy with order ORD00455. The Ember Bamboo Organizer was not as described and this has been frustrating. Please reply before the weekend. Sorry if I missed this information somewhere. Kind regards, Jordan Juniper.",2026-03-07 09:45,Complaint,ORD00455
EMAIL00811,CUST0094,Cancel order,"I no longer need the Nova Trail Runner. Can you cancel ORD00400 and refund the payment? Please reply this week. I checked the help page but could not find a clear answer. Kind regards, Jordan Lark.",2026-06-22 19:21,Cancellation,ORD00400
EMAIL01230,CUST0213,Warranty question,"Hi, does the Echo Coffee Grinder come with a warranty? I could not find the answer on the product page. Please reply today. Sorry if I missed this information somewhere. Kind regards, Skyler Ivy.",2026-07-20 15:23,Product Information,ORD00792
EMAIL01155,CUST0173,I was charged twice,"I can see two charges for order ORD01054, but I only placed one order. Please look into this. Please reply as soon as possible. I hope this can be resolved soon. Kind regards, Casey Hollow.",2026-02-06 13:50,Payment Issue,ORD01054
EMAIL02076,CUST0238,Can you replace this?,"Hi, the Harbor Electric Kettle from ORD00022 is the wrong size. How can I swap it for the correct one? Please reply today. Sorry if I missed this information somewhere. Kind regards, Skyler Grove.",2026-05-30 08:05,Exchange,ORD00022
EMAIL01552,CUST0281,Very disappointed,"Hi, I am unhappy with order ORD00001. The Ember Gentle Cleanser was not as described and this has been frustrating. Please reply as soon as possible. A quick reply would be appreciated. Kind regards, Taylor Hollow.",2026-05-16 10:38,Complaint,ORD00001
EMAIL00890,CUST0087,Please cancel my order,"Hi, please cancel order ORD00659 before it ships. I made this purchase by mistake. Please reply this week. Please let me know what you need from me. Kind regards, Taylor Hollow.",2026-07-04 15:11,Cancellation,ORD00659
EMAIL01497,CUST0249,Question about Echo Gentle Cleanser,"Dear support team, could you tell me more about the Echo Gentle Cleanser? I need the size, material, and care details before ordering. Please reply this week. Please let me know what you need from me. Kind regards, Quinn Fern.",2026-04-12 15:08,Product Information,ORD00459
EMAIL01933,CUST0105,Need a different size,"Hi, I received the Terra Rain Jacket from order ORD00307, but the size is wrong. Can I exchange it for a smaller size? Please reply today. I hope this can be resolved soon. Kind regards, Jamie Lark.",2026-01-14 16:52,Exchange,ORD00307
EMAIL01009,CUST0043,Checkout error,"Hi, my payment keeps failing when I try to buy the Nova Trail Runner. The card works everywhere else. Please reply this week. I hope this can be resolved soon. Kind regards, Skyler Juniper.",2026-07-26 14:13,Payment Issue,ORD00866
EMAIL01232,CUST0032,Question about Nimbus Night Cream,"Hey, could you tell me more about the Nimbus Night Cream? I need the size, material, and care details before ordering. Please reply today. I checked the help page but could not find a clear answer. Kind regards, Jordan Juniper.",2026-08-20 10:58,Product Information,ORD00901
EMAIL01760,CUST0010,Complaint about delivery,"My package for ORD00945 arrived much later than promised and nobody sent an update. This is not acceptable. Please reply today. I checked the help page but could not find a clear answer. Kind regards, Taylor Grove.",2026-03-16 20:09,Complaint,ORD00945
EMAIL01456,CUST0273,Warranty question,"Hi, does the Drift Trail Runner come with a warranty? I could not find the answer on the product page. Please reply as soon as possible. I checked the help page but could not find a clear answer. Kind regards, Avery Dale.",2026-08-20 13:38,Product Information,ORD00473
EMAIL00238,CUST0023,Where is my order?,"Hi, I placed order ORD00323 a few days ago and it still says out for delivery. Can you tell me when it will arrive? Please help, Riley Dale Please reply before the weekend. A quick reply would be appreciated. Kind regards, Riley Dale.",2026-03-14 17:27,Order Status,ORD00323
EMAIL00785,CUST0278,Accidental order,"Oops, I ordered the wrong item. Is it still possible to stop order ORD00462? Please reply this week. A quick reply would be appreciated. Kind regards, Jamie Cove.",2026-01-14 16:11,Cancellation,ORD00462
EMAIL01811,CUST0259,Exchange request,"I would like to exchange the Pioneer Canvas Tote from order ORD00683 for a different size or color. Please tell me the next steps. Please reply before the weekend. Please let me know what you need from me. Kind regards, Morgan Juniper.",2026-05-05 19:51,Exchange,ORD00683
EMAIL01373,CUST0243,Question about Pioneer Trail Runner,"Dear support team, could you tell me more about the Pioneer Trail Runner? I need the size, material, and care details before ordering. Please reply when you can. Sorry if I missed this information somewhere. Kind regards, Riley Dale.",2026-06-14 18:22,Product Information,
EMAIL01204,CUST0128,Is this in stock?,"Do you still have the Ember Resistance Band Set available? I am looking for one as a gift. Please reply when you can. I checked the help page but could not find a clear answer. Kind regards, Morgan Ivy.",2026-05-31 19:24,Product Information,ORD00398
EMAIL01233,CUST0289,Question about Drift Coffee Grinder,"Dear support team, could you tell me more about the Drift Coffee Grinder? I need the size, material, and care details before ordering. Please reply today. A quick reply would be appreciated. Kind regards, Rowan Briar.",2026-03-11 19:58,Product Information,ORD00614
EMAIL00322,CUST0251,I need to return an item,"Hey, I received the Pioneer Insulated Bottle from order ORD00095, but it does not fit my needs. Please send the return instructions. Please reply when you can. Sorry if I missed this information somewhere. Kind regards, Jamie Juniper.",2026-06-24 16:53,Return/Refund,ORD00095
EMAIL01334,CUST0164,Warranty question,"Hi, does the Ember Resistance Band Set come with a warranty? I could not find the answer on the product page. Please reply as soon as possible. I checked the help page but could not find a clear answer. Kind regards, Casey Ember.",2026-05-27 08:44,Product Information,ORD00239
EMAIL00603,CUST0087,Accidental order,"Oops, I ordered the wrong item. Is it still possible to stop order ORD00168? Please reply before the weekend. I hope this can be resolved soon. Kind regards, Taylor Hollow.",2026-06-11 19:10,Cancellation,ORD00168
EMAIL00124,CUST0111,Tracking update needed,"Could you check the delivery status of ORD00293? The tracking has not changed and I am starting to worry. Please reply when you can. Sorry if I missed this information somewhere. Kind regards, Casey Ivy.",2026-01-27 13:13,Order Status,ORD00293
EMAIL02337,CUST0038,Discount code question,"Do you have a student discount or a promo code I can use for the Harbor Fleece Hoodie? Please reply today. Please let me know what you need from me. Kind regards, Rowan Dale.",2026-08-24 09:44,Other,ORD00055
EMAIL01064,CUST0297,Payment problem,"My card payment for ORD00751 is still pending in my bank app. Did the order go through? Please reply before the weekend. Please let me know what you need from me. Kind regards, Riley Grove.",2026-05-11 13:07,Payment Issue,ORD00751
EMAIL01777,CUST0130,Poor experience,"I have tried to get help with ORD00451 twice. Still no answer. Really disappointed with the service. Please reply as soon as possible. Sorry if I missed this information somewhere. Kind regards, Jamie Dale.",2026-08-25 17:09,Complaint,ORD00451
EMAIL02270,CUST0043,Discount code question,"Do you have a student discount or a promo code I can use for the Nova Trail Runner? Please reply this week. Sorry if I missed this information somewhere. Kind regards, Skyler Juniper.",2026-07-06 15:15,Other,ORD00866
EMAIL01244,CUST0057,Question about Pioneer Insulated Bottle,"Hi, could you tell me more about the Pioneer Insulated Bottle? I need the size, material, and care details before ordering. Please reply when you can. Sorry if I missed this information somewhere. Kind regards, Riley Ivy.",2026-04-10 19:16,Product Information,
EMAIL02398,CUST0119,Change my address,"Hi, how do I update the delivery address saved in my account for future orders? Please reply when you can. Please let me know what you need from me. Kind regards, Riley Juniper.",2026-02-20 15:21,Other,
EMAIL02228,CUST0121,Discount code question,"Do you have a student discount or a promo code I can use for the Meadow Vitamin C Set? Please reply as soon as possible. I hope this can be resolved soon. Kind regards, Riley Grove.",2026-03-08 09:48,Other,ORD00599
EMAIL02199,CUST0187,Discount code question,"Do you have a student discount or a promo code I can use for the Meadow Canvas Tote? Please reply today. I hope this can be resolved soon. Kind regards, Skyler Fern.",2026-02-14 13:11,Other,
EMAIL00185,CUST0059,Has my package shipped?,"Hi, I ordered a Summit Night Cream. Is order ORD00865 on its way yet? Please reply today. I checked the help page but could not find a clear answer. Kind regards, Morgan Briar.",2026-03-28 14:16,Order Status,ORD00865
EMAIL01635,CUST0172,Very disappointed,"Hi, I am unhappy with order ORD00244. The Nimbus Foam Roller was not as described and this has been frustrating. Please reply before the weekend. I hope this can be resolved soon. Kind regards, Jordan Briar.",2026-05-07 12:40,Complaint,ORD00244
EMAIL00804,CUST0099,Please cancel my order,"Dear support team, please cancel order ORD00211 before it ships. I made this purchase by mistake. Please reply when you can. I checked the help page but could not find a clear answer. Kind regards, Jamie Cove.",2026-02-06 19:25,Cancellation,ORD00211
EMAIL00044,CUST0074,Tracking update needed,"Could you check the delivery status of ORD01168? The tracking has not changed and I am starting to worry. Please reply before the weekend. Sorry if I missed this information somewhere. Kind regards, Riley Cove.",2026-07-20 18:44,Order Status,ORD01168
EMAIL01458,CUST0242,Is this in stock?,"Do you still have the Cedar Laptop Sleeve available? I am looking for one as a gift. Please reply when you can. Sorry if I missed this information somewhere. Kind regards, Taylor Ember.",2026-08-06 09:37,Product Information,ORD01018
EMAIL01012,CUST0298,Checkout error,"Hi, my payment keeps failing when I try to buy the Summit Air Fryer. The card works everywhere else. Please reply this week. Please let me know what you need from me. Kind regards, Jordan Lark.",2026-02-15 08:18,Payment Issue,ORD00732
EMAIL01987,CUST0162,Exchange request,"I would like to exchange the Pioneer Vitamin C Set from order ORD01104 for a different size or color. Please tell me the next steps. Please reply when you can. Sorry if I missed this information somewhere. Kind regards, Jamie Juniper.",2026-04-23 11:43,Exchange,ORD01104
EMAIL02089,CUST0262,Can you replace this?,"Hi, the Harbor Insulated Bottle from ORD00767 is the wrong size. How can I swap it for the correct one? Please reply before the weekend. I hope this can be resolved soon. Kind regards, Avery Grove.",2026-04-07 20:30,Exchange,ORD00767
EMAIL00100,CUST0272,Where is my order?,"Hey, I placed order ORD00837 a few days ago and it still says cancelled. Can you tell me when it will arrive? Thanks, Skyler Grove Please reply this week. I checked the help page but could not find a clear answer. Kind regards, Skyler Grove.",2026-05-18 08:33,Order Status,ORD00837
EMAIL00300,CUST0044,Has my package shipped?,"Hi, I ordered a Drift Noise-Canceling Headphones. Is order ORD00206 on its way yet? Please reply when you can. Please let me know what you need from me. Kind regards, Casey Briar.",2026-01-14 14:45,Order Status,ORD00206
EMAIL01409,CUST0180,Is this in stock?,"Do you still have the Orbit Laptop Sleeve available? I am looking for one as a gift. Please reply today. I hope this can be resolved soon. Kind regards, Morgan Dale.",2026-08-14 15:56,Product Information,
EMAIL01019,CUST0092,Payment problem,"My card payment for ORD00048 is still pending in my bank app. Did the order go through? Please reply as soon as possible. Sorry if I missed this information somewhere. Kind regards, Riley Grove.",2026-06-27 18:30,Payment Issue,ORD00048
EMAIL00415,CUST0168,I need to return an item,"Hello, I received the Coast Portable Speaker from order ORD00489, but it does not fit my needs. Please send the return instructions. Please reply this week. I checked the help page but could not find a clear answer. Kind regards, Riley Briar.",2026-02-02 16:09,Return/Refund,ORD00489
EMAIL00348,CUST0145,Return request,"The Terra Hydrating Serum arrived damaged. I would like to return it and receive a refund for ORD00828. Please reply before the weekend. I hope this can be resolved soon. Kind regards, Skyler Cove.",2026-05-18 16:25,Return/Refund,ORD00828
EMAIL01069,CUST0288,Payment problem,"My card payment for ORD00508 is still pending in my bank app. Did the order go through? Please reply today. Please let me know what you need from me. Kind regards, Casey Hollow.",2026-04-22 20:32,Payment Issue,ORD00508
EMAIL02355,CUST0014,Need account help,"Hello, I cannot log in after resetting my password. Can you help me access my account? Please reply today. I checked the help page but could not find a clear answer. Kind regards, Casey Ember.",2026-03-21 17:44,Other,
EMAIL01450,CUST0028,Is this in stock?,"Do you still have the Nova Yoga Mat available? I am looking for one as a gift. Please reply as soon as possible. I hope this can be resolved soon. Kind regards, Skyler Ivy.",2026-04-14 10:57,Product Information,ORD00093
EMAIL00337,CUST0228,Return request,"The Aster Quilted Vest arrived damaged. I would like to return it and receive a refund for ORD01068. Please reply today. I hope this can be resolved soon. Kind regards, Avery Fern.",2026-04-13 10:43,Return/Refund,ORD01068
EMAIL00189,CUST0118,Tracking update needed,"Could you check the delivery status of ORD00991? The tracking has not changed and I am starting to worry. Please reply when you can. I checked the help page but could not find a clear answer. Kind regards, Jordan Ivy.",2026-01-15 08:49,Order Status,ORD00991
EMAIL01674,CUST0175,Complaint about delivery,"My package for ORD00954 arrived much later than promised and nobody sent an update. This is not acceptable. Please reply today. Please let me know what you need from me. Kind regards, Morgan Cove.",2026-01-19 14:24,Complaint,ORD00954
EMAIL01479,CUST0033,Is this in stock?,"Do you still have the Brook Vitamin C Set available? I am looking for one as a gift. Please reply before the weekend. I checked the help page but could not find a clear answer. Kind regards, Rowan Lark.",2026-02-27 14:37,Product Information,ORD00086
EMAIL00272,CUST0085,Where is my order?,"Hi, I placed order ORD01043 a few days ago and it still says delivered. Can you tell me when it will arrive? Thank you, Rowan Hollow Please reply as soon as possible. I checked the help page but could not find a clear answer. Kind regards, Rowan Hollow.",2026-01-10 14:31,Order Status,ORD01043
EMAIL01438,CUST0013,Warranty question,"Hi, does the Terra Hydrating Serum come with a warranty? I could not find the answer on the product page. Please reply as soon as possible. I hope this can be resolved soon. Kind regards, Morgan Cove.",2026-07-27 20:04,Product Information,ORD00322
EMAIL00107,CUST0276,Where is my order?,"Dear support team, I placed order ORD00873 a few days ago and it still says delivered. Can you tell me when it will arrive? Thanks, Morgan Lark Please reply when you can. Please let me know what you need from me. Kind regards, Morgan Lark.",2026-04-20 20:11,Order Status,ORD00873
EMAIL01289,CUST0239,Is this in stock?,"Do you still have the Aster Coffee Grinder available? I am looking for one as a gift. Please reply this week. I hope this can be resolved soon. Kind regards, Riley Briar.",2026-08-19 08:01,Product Information,ORD00030
EMAIL02092,CUST0196,Need a different size,"Hello, I received the Nova Gentle Cleanser from order ORD01064, but the size is wrong. Can I exchange it for a smaller size? Please reply this week. I checked the help page but could not find a clear answer. Kind regards, Taylor Hollow.",2026-06-22 10:12,Exchange,ORD01064
EMAIL00971,CUST0293,I was charged twice,"I can see two charges for order ORD00468, but I only placed one order. Please look into this. Please reply today. Please let me know what you need from me. Kind regards, Quinn Ember.",2026-07-20 10:02,Payment Issue,ORD00468
EMAIL02257,CUST0002,Discount code question,"Do you have a student discount or a promo code I can use for the Harbor Fleece Hoodie? Please reply before the weekend. Please let me know what you need from me. Kind regards, Morgan Dale.",2026-01-18 14:17,Other,
EMAIL02325,CUST0003,Need account help,"Hello, I cannot log in after resetting my password. Can you help me access my account? Please reply when you can. A quick reply would be appreciated. Kind regards, Rowan Cove.",2026-08-18 12:02,Other,ORD00343
EMAIL00065,CUST0032,Where is my order?,"Hi, I placed order ORD00901 a few days ago and it still says shipped. Can you tell me when it will arrive? Thank you, Jordan Juniper Please reply before the weekend. Sorry if I missed this information somewhere. Kind regards, Jordan Juniper.",2026-02-10 17:25,Order Status,ORD00901
EMAIL00528,CUST0188,I need to return an item,"Hello, I received the Aster Night Cream from order ORD00692, but it does not fit my needs. Please send the return instructions. Please reply as soon as possible. I hope this can be resolved soon. Kind regards, Riley Hollow.",2026-03-30 13:05,Return/Refund,ORD00692
EMAIL00712,CUST0131,Cancel order,"I no longer need the Echo Gentle Cleanser. Can you cancel ORD01009 and refund the payment? Please reply when you can. I checked the help page but could not find a clear answer. Kind regards, Skyler Juniper.",2026-08-15 10:15,Cancellation,ORD01009
EMAIL01932,CUST0032,Can you replace this?,"Hi, the Nimbus Night Cream from ORD00901 is the wrong size. How can I swap it for the correct one? Please reply when you can. Sorry if I missed this information somewhere. Kind regards, Jordan Juniper.",2026-06-03 19:48,Exchange,ORD00901
EMAIL01841,CUST0075,Wrong item size,"The item in order ORD00711 does not fit. I do not need a refund; I would prefer an exchange if possible. Please reply this week. I checked the help page but could not find a clear answer. Kind regards, Riley Lark.",2026-07-16 08:17,Exchange,ORD00711
EMAIL01945,CUST0097,Can you replace this?,"Hi, the Aster Cast Iron Pan from ORD01108 is the wrong size. How can I swap it for the correct one? Please reply this week. I hope this can be resolved soon. Kind regards, Morgan Fern.",2026-01-03 17:44,Exchange,ORD01108
EMAIL01912,CUST0152,Can you replace this?,"Hi, the Ember Trail Runner from ORD00127 is the wrong size. How can I swap it for the correct one? Please reply this week. Sorry if I missed this information somewhere. Kind regards, Morgan Cove.",2026-02-20 08:49,Exchange,ORD00127
EMAIL01697,CUST0285,Very disappointed,"Dear support team, I am unhappy with order ORD00092. The Willow Canvas Tote was not as described and this has been frustrating. Please reply when you can. Sorry if I missed this information somewhere. Kind regards, Jamie Hollow.",2026-07-05 10:14,Complaint,ORD00092
EMAIL01292,CUST0247,Is this in stock?,"Do you still have the Ember Coffee Grinder available? I am looking for one as a gift. Please reply when you can. I checked the help page but could not find a clear answer. Kind regards, Morgan Dale.",2026-02-08 15:50,Product Information,ORD00366
EMAIL00658,CUST0196,Please cancel my order,"Dear support team, please cancel order ORD00373 before it ships. I made this purchase by mistake. Please reply before the weekend. Please let me know what you need from me. Kind regards, Taylor Hollow.",2026-04-14 12:15,Cancellation,ORD00373
EMAIL02367,CUST0057,Discount code question,"Do you have a student discount or a promo code I can use for the Sage Wireless Earbuds? Please reply today. Sorry if I missed this information somewhere. Kind regards, Riley Ivy.",2026-01-19 17:29,Other,
EMAIL01495,CUST0051,Is this in stock?,"Do you still have the Sage Air Fryer available? I am looking for one as a gift. Please reply as soon as possible. I hope this can be resolved soon. Kind regards, Morgan Ember.",2026-06-20 12:27,Product Information,ORD00894
EMAIL00330,CUST0154,Refund status,"I returned order ORD00066 and have not received my refund. Can someone check the status for me? Please reply before the weekend. Sorry if I missed this information somewhere. Kind regards, Avery Ivy.",2026-01-05 15:20,Return/Refund,ORD00066
EMAIL01962,CUST0258,Can you replace this?,"Hi, the Cedar Bamboo Organizer from ORD00836 is the wrong size. How can I swap it for the correct one? Please reply when you can. Please let me know what you need from me. Kind regards, Avery Fern.",2026-06-15 12:16,Exchange,ORD00836
EMAIL00974,CUST0152,I was charged twice,"I can see two charges for order ORD00033, but I only placed one order. Please look into this. Please reply when you can. A quick reply would be appreciated. Kind regards, Morgan Cove.",2026-05-05 12:03,Payment Issue,ORD00033
EMAIL01950,CUST0165,Need a different size,"Hi, I received the Echo Foam Roller from order ORD00254, but the size is wrong. Can I exchange it for a smaller size? Please reply as soon as possible. I checked the help page but could not find a clear answer. Kind regards, Jordan Ember.",2026-08-17 20:24,Exchange,ORD00254
EMAIL00045,CUST0007,Where is my order?,"Hi, I placed order ORD00739 a few days ago and it still says processing. Can you tell me when it will arrive? Thank you, Riley Briar Please reply today. I hope this can be resolved soon. Kind regards, Riley Briar.",2026-07-12 10:32,Order Status,ORD00739
EMAIL00004,CUST0027,Where is my order?,"Hi, I placed order ORD00116 a few days ago and it still says processing. Can you tell me when it will arrive? Thanks, Jamie Lark Please reply before the weekend. A quick reply would be appreciated. Kind regards, Jamie Lark.",2026-03-15 15:17,Order Status,ORD00116
EMAIL02353,CUST0047,Discount code question,"Do you have a student discount or a promo code I can use for the Aster Coffee Grinder? Please reply before the weekend. A quick reply would be appreciated. Kind regards, Skyler Ivy.",2026-03-01 11:42,Other,ORD00203
EMAIL00005,CUST0054,Tracking update needed,"Could you check the delivery status of ORD01163? The tracking has not changed and I am starting to worry. Please reply before the weekend. Please let me know what you need from me. Kind regards, Rowan Briar.",2026-03-19 09:06,Order Status,ORD01163
EMAIL01771,CUST0286,Poor experience,"I have tried to get help with ORD00543 twice. Still no answer. Really disappointed with the service. Please reply as soon as possible. A quick reply would be appreciated. Kind regards, Jamie Grove.",2026-04-02 14:53,Complaint,ORD00543
EMAIL02319,CUST0017,Change my address,"Hi, how do I update the delivery address saved in my account for future orders? Please reply as soon as possible. Sorry if I missed this information somewhere. Kind regards, Casey Lark.",2026-06-11 15:15,Other,ORD01190
EMAIL00631,CUST0249,Please cancel my order,"Hi, please cancel order ORD00875 before it ships. I made this purchase by mistake. Please reply as soon as possible. Please let me know what you need from me. Kind regards, Quinn Fern.",2026-02-27 12:26,Cancellation,ORD00875
EMAIL01045,CUST0286,I was charged twice,"I can see two charges for order ORD00474, but I only placed one order. Please look into this. Please reply this week. A quick reply would be appreciated. Kind regards, Jamie Grove.",2026-02-14 16:55,Payment Issue,ORD00474
EMAIL01030,CUST0103,I was charged twice,"I can see two charges for order ORD00148, but I only placed one order. Please look into this. Please reply when you can. Sorry if I missed this information somewhere. Kind regards, Jamie Dale.",2026-03-15 20:34,Payment Issue,ORD00148
EMAIL01588,CUST0104,Very disappointed,"Dear support team, I am unhappy with order ORD00800. The Cedar Bamboo Organizer was not as described and this has been frustrating. Please reply as soon as possible. I checked the help page but could not find a clear answer. Kind regards, Rowan Briar.",2026-02-18 12:46,Complaint,ORD00800
EMAIL00291,CUST0143,Where is my order?,"Dear support team, I placed order ORD01059 a few days ago and it still says shipped. Can you tell me when it will arrive? Please help, Skyler Hollow Please reply before the weekend. Please let me know what you need from me. Kind regards, Skyler Hollow.",2026-06-10 08:36,Order Status,ORD01059
EMAIL01989,CUST0262,Exchange request,"I would like to exchange the Harbor Insulated Bottle from order ORD00767 for a different size or color. Please tell me the next steps. Please reply today. A quick reply would be appreciated. Kind regards, Avery Grove.",2026-04-05 17:52,Exchange,ORD00767
EMAIL01276,CUST0011,Is this in stock?,"Do you still have the Cedar Laptop Sleeve available? I am looking for one as a gift. Please reply today. I checked the help page but could not find a clear answer. Kind regards, Quinn Juniper.",2026-04-19 20:40,Product Information,
EMAIL00900,CUST0079,Please cancel my order,"Hey, please cancel order ORD00200 before it ships. I made this purchase by mistake. Please reply before the weekend. A quick reply would be appreciated. Kind regards, Riley Dale.",2026-04-27 14:39,Cancellation,ORD00200
EMAIL01910,CUST0100,Need a different size,"Dear support team, I received the Lumen Cast Iron Pan from order ORD00247, but the size is wrong. Can I exchange it for a smaller size? Please reply as soon as possible. A quick reply would be appreciated. Kind regards, Taylor Cove.",2026-05-23 19:54,Exchange,ORD00247
EMAIL00552,CUST0074,Refund status,"I returned order ORD00763 and have not received my refund. Can someone check the status for me? Please reply before the weekend. I checked the help page but could not find a clear answer. Kind regards, Riley Cove.",2026-04-22 20:52,Return/Refund,ORD00763
EMAIL00787,CUST0280,Cancel order,"I no longer need the Aster Yoga Mat. Can you cancel ORD00099 and refund the payment? Please reply before the weekend. Please let me know what you need from me. Kind regards, Jordan Fern.",2026-05-21 10:52,Cancellation,ORD00099
EMAIL00347,CUST0151,Return request,"The Summit Glass Storage Set arrived damaged. I would like to return it and receive a refund for ORD00312. Please reply as soon as possible. Please let me know what you need from me. Kind regards, Quinn Hollow.",2026-07-12 11:26,Return/Refund,ORD00312
EMAIL00484,CUST0285,Return request,"The Harbor Wireless Earbuds arrived damaged. I would like to return it and receive a refund for ORD00956. Please reply this week. I checked the help page but could not find a clear answer. Kind regards, Jamie Hollow.",2026-03-28 11:23,Return/Refund,ORD00956
EMAIL00534,CUST0298,I need to return an item,"Hey, I received the Harbor Travel Backpack from order ORD00454, but it does not fit my needs. Please send the return instructions. Please reply as soon as possible. Sorry if I missed this information somewhere. Kind regards, Jordan Lark.",2026-04-10 08:44,Return/Refund,ORD00454
EMAIL00459,CUST0264,Return request,"The Aster Quilted Vest arrived damaged. I would like to return it and receive a refund for ORD00642. Please reply today. A quick reply would be appreciated. Kind regards, Taylor Briar.",2026-01-24 09:45,Return/Refund,ORD00642
EMAIL01282,CUST0086,Warranty question,"Hi, does the Nova Crossbody Bag come with a warranty? I could not find the answer on the product page. Please reply before the weekend. Sorry if I missed this information somewhere. Kind regards, Jordan Dale.",2026-06-10 18:00,Product Information,ORD00621
EMAIL00982,CUST0064,Checkout error,"Hi, my payment keeps failing when I try to buy the Aster Daily Runner. The card works everywhere else. Please reply as soon as possible. I hope this can be resolved soon. Kind regards, Skyler Briar.",2026-04-06 15:59,Payment Issue,ORD00757
EMAIL02083,CUST0138,Can you replace this?,"Hi, the Solace Night Cream from ORD00220 is the wrong size. How can I swap it for the correct one? Please reply this week. I hope this can be resolved soon. Kind regards, Avery Briar.",2026-02-12 13:51,Exchange,ORD00220
EMAIL02101,CUST0107,Change my address,"Hi, how do I update the delivery address saved in my account for future orders? Please reply today. I hope this can be resolved soon. Kind regards, Quinn Dale.",2026-08-06 12:47,Other,
EMAIL00950,CUST0041,I was charged twice,"I can see two charges for order ORD01172, but I only placed one order. Please look into this. Please reply as soon as possible. I checked the help page but could not find a clear answer. Kind regards, Taylor Ivy.",2026-04-19 09:23,Payment Issue,ORD01172
EMAIL00935,CUST0297,Checkout error,"Hi, my payment keeps failing when I try to buy the Lumen Denim Jacket. The card works everywhere else. Please reply this week. A quick reply would be appreciated. Kind regards, Riley Grove.",2026-07-19 19:37,Payment Issue,ORD00671
EMAIL00745,CUST0249,Cancel order,"I no longer need the Ember Coffee Grinder. Can you cancel ORD00341 and refund the payment? Please reply this week. I checked the help page but could not find a clear answer. Kind regards, Quinn Fern.",2026-03-09 10:37,Cancellation,ORD00341
EMAIL00399,CUST0027,I need to return an item,"Hi, I received the Pioneer Compact Blender from order ORD00942, but it does not fit my needs. Please send the return instructions. Please reply this week. Sorry if I missed this information somewhere. Kind regards, Jamie Lark.",2026-01-09 16:55,Return/Refund,ORD00942
EMAIL00131,CUST0199,Tracking update needed,"Could you check the delivery status of ORD00511? The tracking has not changed and I am starting to worry. Please reply when you can. Sorry if I missed this information somewhere. Kind regards, Rowan Briar.",2026-02-15 17:17,Order Status,ORD00511
EMAIL01686,CUST0001,Very disappointed,"Hey, I am unhappy with order ORD00598. The Drift Noise-Canceling Headphones was not as described and this has been frustrating. Please reply today. A quick reply would be appreciated. Kind regards, Casey Briar.",2026-01-24 13:58,Complaint,ORD00598
EMAIL01429,CUST0082,Is this in stock?,"Do you still have the Coast Denim Jacket available? I am looking for one as a gift. Please reply as soon as possible. Sorry if I missed this information somewhere. Kind regards, Rowan Dale.",2026-07-18 09:34,Product Information,ORD01034
EMAIL00440,CUST0204,Refund status,"I returned order ORD00831 and have not received my refund. Can someone check the status for me? Please reply this week. A quick reply would be appreciated. Kind regards, Skyler Ember.",2026-03-05 13:04,Return/Refund,ORD00831
EMAIL01978,CUST0096,Need a different size,"Hey, I received the Coast Compact Blender from order ORD01096, but the size is wrong. Can I exchange it for a smaller size? Please reply this week. Please let me know what you need from me. Kind regards, Skyler Juniper.",2026-05-07 11:33,Exchange,ORD01096
EMAIL00812,CUST0021,Please cancel my order,"Hi, please cancel order ORD00321 before it ships. I made this purchase by mistake. Please reply when you can. A quick reply would be appreciated. Kind regards, Riley Cove.",2026-02-23 20:52,Cancellation,ORD00321
EMAIL00204,CUST0032,Has my package shipped?,"Hi, I ordered a Nimbus Night Cream. Is order ORD00901 on its way yet? Please reply as soon as possible. Sorry if I missed this information somewhere. Kind regards, Jordan Juniper.",2026-05-27 19:36,Order Status,ORD00901
EMAIL02077,CUST0136,Need a different size,"Dear support team, I received the Sage Resistance Band Set from order ORD00918, but the size is wrong. Can I exchange it for a smaller size? Please reply today. A quick reply would be appreciated. Kind regards, Casey Ivy.",2026-07-24 16:16,Exchange,ORD00918
EMAIL01512,CUST0135,Complaint about delivery,"My package for ORD00347 arrived much later than promised and nobody sent an update. This is not acceptable. Please reply when you can. A quick reply would be appreciated. Kind regards, Jamie Fern.",2026-07-03 09:24,Complaint,ORD00347
EMAIL02056,CUST0141,Wrong item size,"The item in order ORD00574 does not fit. I do not need a refund; I would prefer an exchange if possible. Please reply when you can. Please let me know what you need from me. Kind regards, Riley Grove.",2026-01-02 19:38,Exchange,ORD00574
EMAIL00180,CUST0097,Where is my order?,"Dear support team, I placed order ORD01120 a few days ago and it still says shipped. Can you tell me when it will arrive? Thank you, Morgan Fern Please reply this week. Sorry if I missed this information somewhere. Kind regards, Morgan Fern.",2026-05-09 13:22,Order Status,ORD01120
EMAIL01751,CUST0151,Very disappointed,"Hey, I am unhappy with order ORD00243. The Cedar Walking Shoe was not as described and this has been frustrating. Please reply as soon as possible. Sorry if I missed this information somewhere. Kind regards, Quinn Hollow.",2026-06-16 14:27,Complaint,ORD00243
EMAIL02107,CUST0113,Discount code question,"Do you have a student discount or a promo code I can use for the Brook Crossbody Bag? Please reply today. Please let me know what you need from me. Kind regards, Avery Cove.",2026-07-06 12:30,Other,ORD00678
EMAIL01881,CUST0242,Wrong item size,"The item in order ORD00833 does not fit. I do not need a refund; I would prefer an exchange if possible. Please reply today. Sorry if I missed this information somewhere. Kind regards, Taylor Ember.",2026-01-07 11:14,Exchange,ORD00833
EMAIL00364,CUST0135,I need to return an item,"Hey, I received the Summit Foam Roller from order ORD01197, but it does not fit my needs. Please send the return instructions. Please reply when you can. I hope this can be resolved soon. Kind regards, Jamie Fern.",2026-03-15 08:14,Return/Refund,ORD01197
EMAIL01661,CUST0069,Poor experience,"I have tried to get help with ORD00350 twice. Still no answer. Really disappointed with the service. Please reply today. Please let me know what you need from me. Kind regards, Rowan Ember.",2026-06-07 12:35,Complaint,ORD00350
EMAIL01859,CUST0056,Can you replace this?,"Hi, the Ember Gentle Cleanser from ORD00075 is the wrong size. How can I swap it for the correct one? Please reply as soon as possible. Sorry if I missed this information somewhere. Kind regards, Avery Dale.",2026-03-29 08:22,Exchange,ORD00075
EMAIL00846,CUST0283,Please cancel my order,"Dear support team, please cancel order ORD00310 before it ships. I made this purchase by mistake. Please reply this week. Sorry if I missed this information somewhere. Kind regards, Casey Juniper.",2026-05-27 14:22,Cancellation,ORD00310
EMAIL00855,CUST0115,Please cancel my order,"Hey, please cancel order ORD01119 before it ships. I made this purchase by mistake. Please reply as soon as possible. Sorry if I missed this information somewhere. Kind regards, Morgan Cove.",2026-04-24 17:18,Cancellation,ORD01119
EMAIL01213,CUST0249,Question about Coast Foam Roller,"Hello, could you tell me more about the Coast Foam Roller? I need the size, material, and care details before ordering. Please reply when you can. A quick reply would be appreciated. Kind regards, Quinn Fern.",2026-01-27 08:57,Product Information,ORD01103
EMAIL00458,CUST0188,I need to return an item,"Hello, I received the Atlas Coffee Grinder from order ORD00410, but it does not fit my needs. Please send the return instructions. Please reply today. A quick reply would be appreciated. Kind regards, Riley Hollow.",2026-05-29 12:58,Return/Refund,ORD00410
EMAIL01670,CUST0283,Very disappointed,"Hello, I am unhappy with order ORD00310. The Brook Vitamin C Set was not as described and this has been frustrating. Please reply as soon as possible. Sorry if I missed this information somewhere. Kind regards, Casey Juniper.",2026-02-03 08:06,Complaint,ORD00310
EMAIL01137,CUST0114,I was charged twice,"I can see two charges for order ORD00231, but I only placed one order. Please look into this. Please reply this week. Please let me know what you need from me. Kind regards, Jordan Juniper.",2026-01-18 17:24,Payment Issue,ORD00231
EMAIL02185,CUST0276,Discount code question,"Do you have a student discount or a promo code I can use for the Cedar Resistance Band Set? Please reply when you can. A quick reply would be appreciated. Kind regards, Morgan Lark.",2026-02-24 19:47,Other,ORD00873
EMAIL00312,CUST0156,Return request,"The Terra Bamboo Organizer arrived damaged. I would like to return it and receive a refund for ORD00472. Please reply before the weekend. I checked the help page but could not find a clear answer. Kind regards, Riley Lark.",2026-01-24 12:50,Return/Refund,ORD00472
EMAIL02038,CUST0109,Need a different size,"Hi, I received the Lumen Denim Jacket from order ORD01114, but the size is wrong. Can I exchange it for a smaller size? Please reply as soon as possible. Sorry if I missed this information somewhere. Kind regards, Riley Ember.",2026-03-31 11:50,Exchange,ORD01114
EMAIL00046,CUST0085,Has my package shipped?,"Hi, I ordered a Atlas Gentle Cleanser. Is order ORD00258 on its way yet? Please reply as soon as possible. I hope this can be resolved soon. Kind regards, Rowan Hollow.",2026-07-02 12:58,Order Status,ORD00258
EMAIL00039,CUST0290,Where is my order?,"Hello, I placed order ORD00713 a few days ago and it still says returned. Can you tell me when it will arrive? Thanks, Casey Hollow Please reply before the weekend. Please let me know what you need from me. Kind regards, Casey Hollow.",2026-08-06 20:52,Order Status,ORD00713
EMAIL00620,CUST0202,Please cancel my order,"Hello, please cancel order ORD00848 before it ships. I made this purchase by mistake. Please reply before the weekend. A quick reply would be appreciated. Kind regards, Morgan Fern.",2026-02-27 13:55,Cancellation,ORD00848
EMAIL01796,CUST0131,Complaint about delivery,"My package for ORD01088 arrived much later than promised and nobody sent an update. This is not acceptable. Please reply today. Please let me know what you need from me. Kind regards, Skyler Juniper.",2026-05-29 18:45,Complaint,ORD01088
EMAIL00102,CUST0045,Tracking update needed,"Could you check the delivery status of ORD00213? The tracking has not changed and I am starting to worry. Please reply when you can. I checked the help page but could not find a clear answer. Kind regards, Taylor Cove.",2026-03-31 19:35,Order Status,ORD00213
EMAIL00653,CUST0087,Please cancel my order,"Hello, please cancel order ORD00497 before it ships. I made this purchase by mistake. Please reply today. A quick reply would be appreciated. Kind regards, Taylor Hollow.",2026-06-21 12:27,Cancellation,ORD00497
EMAIL00016,CUST0078,Where is my order?,"Hello, I placed order ORD00519 a few days ago and it still says delivered. Can you tell me when it will arrive? Regards, Avery Grove Please reply when you can. A quick reply would be appreciated. Kind regards, Avery Grove.",2026-05-17 09:00,Order Status,ORD00519
EMAIL01763,CUST0075,Complaint about delivery,"My package for ORD00624 arrived much later than promised and nobody sent an update. This is not acceptable. Please reply today. I checked the help page but could not find a clear answer. Kind regards, Riley Lark.",2026-03-23 11:55,Complaint,ORD00624
EMAIL02314,CUST0128,Need account help,"Hi, I cannot log in after resetting my password. Can you help me access my account? Please reply this week. A quick reply would be appreciated. Kind regards, Morgan Ivy.",2026-01-05 19:02,Other,
EMAIL02029,CUST0051,Exchange request,"I would like to exchange the Nimbus Glass Storage Set from order ORD00339 for a different size or color. Please tell me the next steps. Please reply this week. A quick reply would be appreciated. Kind regards, Morgan Ember.",2026-03-13 15:07,Exchange,ORD00339
EMAIL00599,CUST0149,Refund status,"I returned order ORD01180 and have not received my refund. Can someone check the status for me? Please reply as soon as possible. I hope this can be resolved soon. Kind regards, Jordan Hollow.",2026-02-11 13:42,Return/Refund,ORD01180
EMAIL00196,CUST0185,Tracking update needed,"Could you check the delivery status of ORD00719? The tracking has not changed and I am starting to worry. Please reply this week. Please let me know what you need from me. Kind regards, Morgan Dale.",2026-08-11 18:15,Order Status,ORD00719
EMAIL00276,CUST0072,Tracking update needed,"Could you check the delivery status of ORD00601? The tracking has not changed and I am starting to worry. Please reply as soon as possible. A quick reply would be appreciated. Kind regards, Riley Lark.",2026-02-08 15:04,Order Status,ORD00601
EMAIL01681,CUST0007,Poor experience,"I have tried to get help with ORD01089 twice. Still no answer. Really disappointed with the service. Please reply as soon as possible. I hope this can be resolved soon. Kind regards, Riley Briar.",2026-08-13 15:08,Complaint,ORD01089
EMAIL00038,CUST0115,Tracking update needed,"Could you check the delivery status of ORD01119? The tracking has not changed and I am starting to worry. Please reply today. A quick reply would be appreciated. Kind regards, Morgan Cove.",2026-08-06 08:23,Order Status,ORD01119
EMAIL02317,CUST0216,Change my address,"Hi, how do I update the delivery address saved in my account for future orders? Please reply as soon as possible. A quick reply would be appreciated. Kind regards, Morgan Lark.",2026-01-04 09:09,Other,ORD00008
EMAIL01079,CUST0163,Payment problem,"My card payment for ORD00157 is still pending in my bank app. Did the order go through? Please reply today. I hope this can be resolved soon. Kind regards, Quinn Fern.",2026-05-27 20:19,Payment Issue,ORD00157
EMAIL00195,CUST0250,Where is my order?,"Hi, I placed order ORD01129 a few days ago and it still says delivered. Can you tell me when it will arrive? Thanks, Quinn Cove Please reply before the weekend. I hope this can be resolved soon. Kind regards, Quinn Cove.",2026-02-22 15:45,Order Status,ORD01129
EMAIL01413,CUST0194,Question about Nimbus Glass Storage Set,"Hello, could you tell me more about the Nimbus Glass Storage Set? I need the size, material, and care details before ordering. Please reply today. Please let me know what you need from me. Kind regards, Jamie Ivy.",2026-07-22 18:27,Product Information,
EMAIL02060,CUST0156,Exchange request,"I would like to exchange the Terra Canvas Tote from order ORD00870 for a different size or color. Please tell me the next steps. Please reply as soon as possible. I checked the help page but could not find a clear answer. Kind regards, Riley Lark.",2026-06-20 20:04,Exchange,ORD00870
EMAIL00553,CUST0091,I need to return an item,"Hello, I received the Sage Ceramic Mug Set from order ORD00067, but it does not fit my needs. Please send the return instructions. Please reply today. Sorry if I missed this information somewhere. Kind regards, Morgan Hollow.",2026-05-01 10:17,Return/Refund,ORD00067
EMAIL02145,CUST0144,Need account help,"Hi, I cannot log in after resetting my password. Can you help me access my account? Please reply this week. I checked the help page but could not find a clear answer. Kind regards, Skyler Ember.",2026-02-23 13:07,Other,ORD00221
EMAIL00941,CUST0064,I was charged twice,"I can see two charges for order ORD00959, but I only placed one order. Please look into this. Please reply before the weekend. I hope this can be resolved soon. Kind regards, Skyler Briar.",2026-07-14 15:59,Payment Issue,ORD00959
EMAIL01570,CUST0207,Very disappointed,"Dear support team, I am unhappy with order ORD00904. The Orbit Studio Microphone was not as described and this has been frustrating. Please reply when you can. Please let me know what you need from me. Kind regards, Jordan Ivy.",2026-04-07 17:37,Complaint,ORD00904
EMAIL00657,CUST0231,Please cancel my order,"Hello, please cancel order ORD01097 before it ships. I made this purchase by mistake. Please reply today. I hope this can be resolved soon. Kind regards, Jamie Lark.",2026-08-03 19:43,Cancellation,ORD01097
EMAIL01172,CUST0014,Payment problem,"My card payment for ORD00427 is still pending in my bank app. Did the order go through? Please reply when you can. Please let me know what you need from me. Kind regards, Casey Ember.",2026-06-07 13:52,Payment Issue,ORD00427
EMAIL00225,CUST0044,Has my package shipped?,"Hi, I ordered a Harbor Electric Kettle. Is order ORD01173 on its way yet? Please reply as soon as possible. A quick reply would be appreciated. Kind regards, Casey Briar.",2026-08-19 10:56,Order Status,ORD01173
EMAIL00875,CUST0211,Accidental order,"Oops, I ordered the wrong item. Is it still possible to stop order ORD00820? Please reply when you can. I checked the help page but could not find a clear answer. Kind regards, Riley Hollow.",2026-05-27 10:20,Cancellation,ORD00820
EMAIL01694,CUST0269,Very disappointed,"Hi, I am unhappy with order ORD00020. The Pioneer Insulated Bottle was not as described and this has been frustrating. Please reply today. Sorry if I missed this information somewhere. Kind regards, Jordan Lark.",2026-04-14 10:53,Complaint,ORD00020
EMAIL00410,CUST0108,I need to return an item,"Hi, I received the Harbor Fleece Hoodie from order ORD01021, but it does not fit my needs. Please send the return instructions. Please reply this week. I hope this can be resolved soon. Kind regards, Rowan Lark.",2026-07-05 16:07,Return/Refund,ORD01021
EMAIL00130,CUST0080,Where is my order?,"Dear support team, I placed order ORD01078 a few days ago and it still says processing. Can you tell me when it will arrive? Regards, Jamie Juniper Please reply as soon as possible. Please let me know what you need from me. Kind regards, Jamie Juniper.",2026-04-05 09:03,Order Status,ORD01078
EMAIL02070,CUST0177,Exchange request,"I would like to exchange the Cedar Walking Shoe from order ORD01166 for a different size or color. Please tell me the next steps. Please reply this week. I hope this can be resolved soon. Kind regards, Quinn Ivy.",2026-07-26 17:23,Exchange,ORD01166
EMAIL00398,CUST0135,I need to return an item,"Hi, I received the Meadow Electric Kettle from order ORD00347, but it does not fit my needs. Please send the return instructions. Please reply as soon as possible. Sorry if I missed this information somewhere. Kind regards, Jamie Fern.",2026-04-12 20:31,Return/Refund,ORD00347
EMAIL01115,CUST0232,Payment problem,"My card payment for ORD00194 is still pending in my bank app. Did the order go through? Please reply before the weekend. Sorry if I missed this information somewhere. Kind regards, Skyler Dale.",2026-03-27 20:56,Payment Issue,ORD00194
EMAIL00624,CUST0220,Cancel order,"I no longer need the Nimbus Electric Kettle. Can you cancel ORD00102 and refund the payment? Please reply before the weekend. Sorry if I missed this information somewhere. Kind regards, Quinn Cove.",2026-04-13 16:58,Cancellation,ORD00102
EMAIL01816,CUST0188,Wrong item size,"The item in order ORD00692 does not fit. I do not need a refund; I would prefer an exchange if possible. Please reply as soon as possible. I checked the help page but could not find a clear answer. Kind regards, Riley Hollow.",2026-05-02 08:42,Exchange,ORD00692
EMAIL00494,CUST0172,Refund status,"I returned order ORD00151 and have not received my refund. Can someone check the status for me? Please reply as soon as possible. I checked the help page but could not find a clear answer. Kind regards, Jordan Briar.",2026-02-09 10:38,Return/Refund,ORD00151
EMAIL01645,CUST0273,Complaint about delivery,"My package for ORD00473 arrived much later than promised and nobody sent an update. This is not acceptable. Please reply before the weekend. I checked the help page but could not find a clear answer. Kind regards, Avery Dale.",2026-03-26 12:44,Complaint,ORD00473
EMAIL00743,CUST0282,Please cancel my order,"Hey, please cancel order ORD00070 before it ships. I made this purchase by mistake. Please reply as soon as possible. I checked the help page but could not find a clear answer. Kind regards, Quinn Juniper.",2026-03-21 14:05,Cancellation,ORD00070
EMAIL00649,CUST0144,Please cancel my order,"Dear support team, please cancel order ORD00221 before it ships. I made this purchase by mistake. Please reply when you can. I hope this can be resolved soon. Kind regards, Skyler Ember.",2026-06-04 17:48,Cancellation,ORD00221
EMAIL00184,CUST0041,Tracking update needed,"Could you check the delivery status of ORD01172? The tracking has not changed and I am starting to worry. Please reply this week. I checked the help page but could not find a clear answer. Kind regards, Taylor Ivy.",2026-05-20 19:57,Order Status,ORD01172
EMAIL00512,CUST0076,Refund status,"I returned order ORD00594 and have not received my refund. Can someone check the status for me? Please reply when you can. Please let me know what you need from me. Kind regards, Riley Juniper.",2026-07-09 08:27,Return/Refund,ORD00594
EMAIL00795,CUST0150,Cancel order,"I no longer need the Harbor Training Shoe. Can you cancel ORD01134 and refund the payment? Please reply as soon as possible. I checked the help page but could not find a clear answer. Kind regards, Riley Lark.",2026-05-10 14:29,Cancellation,ORD01134
EMAIL01797,CUST0045,Poor experience,"I have tried to get help with ORD00213 twice. Still no answer. Really disappointed with the service. Please reply when you can. I checked the help page but could not find a clear answer. Kind regards, Taylor Cove.",2026-02-08 16:35,Complaint,ORD00213
EMAIL02085,CUST0126,Can you replace this?,"Hi, the Pioneer Vitamin C Set from ORD01138 is the wrong size. How can I swap it for the correct one? Please reply when you can. Sorry if I missed this information somewhere. Kind regards, Jamie Ivy.",2026-08-12 12:32,Exchange,ORD01138
EMAIL02235,CUST0295,Discount code question,"Do you have a student discount or a promo code I can use for the Harbor Insulated Bottle? Please reply before the weekend. Please let me know what you need from me. Kind regards, Morgan Hollow.",2026-06-22 19:22,Other,
EMAIL00227,CUST0054,Where is my order?,"Hi, I placed order ORD00914 a few days ago and it still says delivered. Can you tell me when it will arrive? Please help, Rowan Briar Please reply when you can. I checked the help page but could not find a clear answer. Kind regards, Rowan Briar.",2026-02-03 16:55,Order Status,ORD00914
EMAIL01615,CUST0113,Complaint about delivery,"My package for ORD00678 arrived much later than promised and nobody sent an update. This is not acceptable. Please reply today. Sorry if I missed this information somewhere. Kind regards, Avery Cove.",2026-03-02 08:25,Complaint,ORD00678
EMAIL01863,CUST0231,Can you replace this?,"Hi, the Summit Travel Backpack from ORD00085 is the wrong size. How can I swap it for the correct one? Please reply when you can. Please let me know what you need from me. Kind regards, Jamie Lark.",2026-03-04 10:09,Exchange,ORD00085
EMAIL01644,CUST0092,Very disappointed,"Hey, I am unhappy with order ORD00302. The Brook Bamboo Organizer was not as described and this has been frustrating. Please reply before the weekend. Sorry if I missed this information somewhere. Kind regards, Riley Grove.",2026-06-18 09:38,Complaint,ORD00302
EMAIL00835,CUST0066,Cancel order,"I no longer need the Brook Wireless Earbuds. Can you cancel ORD00167 and refund the payment? Please reply today. I hope this can be resolved soon. Kind regards, Morgan Grove.",2026-07-30 08:32,Cancellation,ORD00167
EMAIL01523,CUST0163,Very disappointed,"Hey, I am unhappy with order ORD01012. The Brook Crossbody Bag was not as described and this has been frustrating. Please reply as soon as possible. Please let me know what you need from me. Kind regards, Quinn Fern.",2026-03-02 13:49,Complaint,ORD01012
EMAIL02149,CUST0205,Change my address,"Hi, how do I update the delivery address saved in my account for future orders? Please reply this week. Sorry if I missed this information somewhere. Kind regards, Rowan Briar.",2026-07-28 18:33,Other,ORD00853
EMAIL00993,CUST0055,Payment problem,"My card payment for ORD00578 is still pending in my bank app. Did the order go through? Please reply this week. A quick reply would be appreciated. Kind regards, Jamie Ivy.",2026-07-31 18:26,Payment Issue,ORD00578
EMAIL01691,CUST0272,Poor experience,"I have tried to get help with ORD00837 twice. Still no answer. Really disappointed with the service. Please reply this week. Sorry if I missed this information somewhere. Kind regards, Skyler Grove.",2026-06-28 16:51,Complaint,ORD00837
EMAIL00205,CUST0270,Tracking update needed,"Could you check the delivery status of ORD00846? The tracking has not changed and I am starting to worry. Please reply when you can. A quick reply would be appreciated. Kind regards, Jordan Juniper.",2026-08-21 08:17,Order Status,ORD00846
EMAIL00020,CUST0169,Where is my order?,"Hello, I placed order ORD00806 a few days ago and it still says delivered. Can you tell me when it will arrive? Please help, Riley Briar Please reply as soon as possible. A quick reply would be appreciated. Kind regards, Riley Briar.",2026-07-06 19:27,Order Status,ORD00806
EMAIL00134,CUST0211,Where is my order?,"Dear support team, I placed order ORD00702 a few days ago and it still says processing. Can you tell me when it will arrive? Thanks, Riley Hollow Please reply before the weekend. Sorry if I missed this information somewhere. Kind regards, Riley Hollow.",2026-02-22 10:50,Order Status,ORD00702
EMAIL00788,CUST0094,Please cancel my order,"Dear support team, please cancel order ORD00090 before it ships. I made this purchase by mistake. Please reply when you can. A quick reply would be appreciated. Kind regards, Jordan Lark.",2026-06-28 18:05,Cancellation,ORD00090
EMAIL00575,CUST0272,Refund status,"I returned order ORD00040 and have not received my refund. Can someone check the status for me? Please reply before the weekend. Please let me know what you need from me. Kind regards, Skyler Grove.",2026-01-21 14:21,Return/Refund,ORD00040
EMAIL01720,CUST0152,Poor experience,"I have tried to get help with ORD00689 twice. Still no answer. Really disappointed with the service. Please reply before the weekend. I checked the help page but could not find a clear answer. Kind regards, Morgan Cove.",2026-08-23 20:14,Complaint,ORD00689
EMAIL00403,CUST0299,I need to return an item,"Dear support team, I received the Cedar Rain Jacket from order ORD00716, but it does not fit my needs. Please send the return instructions. Please reply as soon as possible. I hope this can be resolved soon. Kind regards, Jordan Briar.",2026-03-17 08:39,Return/Refund,ORD00716
EMAIL00101,CUST0267,Where is my order?,"Hello, I placed order ORD00214 a few days ago and it still says shipped. Can you tell me when it will arrive? Regards, Jordan Lark Please reply when you can. I checked the help page but could not find a clear answer. Kind regards, Jordan Lark.",2026-03-25 10:14,Order Status,ORD00214
EMAIL00273,CUST0090,Tracking update needed,"Could you check the delivery status of ORD00807? The tracking has not changed and I am starting to worry. Please reply today. Please let me know what you need from me. Kind regards, Riley Ember.",2026-01-31 14:18,Order Status,ORD00807
EMAIL02189,CUST0256,Need account help,"Hey, I cannot log in after resetting my password. Can you help me access my account? Please reply today. Sorry if I missed this information somewhere. Kind regards, Morgan Cove.",2026-01-07 11:38,Other,
EMAIL01642,CUST0278,Very disappointed,"Hello, I am unhappy with order ORD00938. The Terra Hydrating Serum was not as described and this has been frustrating. Please reply when you can. A quick reply would be appreciated. Kind regards, Jamie Cove.",2026-01-06 17:06,Complaint,ORD00938
EMAIL02231,CUST0219,Discount code question,"Do you have a student discount or a promo code I can use for the Drift Insulated Bottle? Please reply before the weekend. I checked the help page but could not find a clear answer. Kind regards, Avery Dale.",2026-07-19 08:19,Other,ORD00551
EMAIL00432,CUST0014,Refund status,"I returned order ORD00427 and have not received my refund. Can someone check the status for me? Please reply today. I checked the help page but could not find a clear answer. Kind regards, Casey Ember.",2026-05-21 19:18,Return/Refund,ORD00427
EMAIL00424,CUST0118,Refund status,"I returned order ORD00361 and have not received my refund. Can someone check the status for me? Please reply this week. I checked the help page but could not find a clear answer. Kind regards, Jordan Ivy.",2026-03-05 11:16,Return/Refund,ORD00361
EMAIL01121,CUST0090,Checkout error,"Hi, my payment keeps failing when I try to buy the Meadow Vitamin C Set. The card works everywhere else. Please reply this week. Sorry if I missed this information somewhere. Kind regards, Riley Ember.",2026-07-05 08:43,Payment Issue,ORD00346
EMAIL01125,CUST0113,Checkout error,"Hi, my payment keeps failing when I try to buy the Harbor Training Shoe. The card works everywhere else. Please reply this week. Sorry if I missed this information somewhere. Kind regards, Avery Cove.",2026-08-19 10:51,Payment Issue,ORD00439
EMAIL00450,CUST0053,Refund status,"I returned order ORD00120 and have not received my refund. Can someone check the status for me? Please reply this week. I hope this can be resolved soon. Kind regards, Morgan Cove.",2026-04-18 14:45,Return/Refund,ORD00120
EMAIL00262,CUST0162,Tracking update needed,"Could you check the delivery status of ORD01104? The tracking has not changed and I am starting to worry. Please reply before the weekend. Sorry if I missed this information somewhere. Kind regards, Jamie Juniper.",2026-02-21 09:16,Order Status,ORD01104
EMAIL00422,CUST0001,Refund status,"I returned order ORD01150 and have not received my refund. Can someone check the status for me? Please reply when you can. Please let me know what you need from me. Kind regards, Casey Briar.",2026-06-18 16:23,Return/Refund,ORD01150
EMAIL01411,CUST0109,Is this in stock?,"Do you still have the Harbor Fleece Hoodie available? I am looking for one as a gift. Please reply today. I hope this can be resolved soon. Kind regards, Riley Ember.",2026-03-19 16:36,Product Information,ORD00336
EMAIL01700,CUST0031,Complaint about delivery,"My package for ORD00456 arrived much later than promised and nobody sent an update. This is not acceptable. Please reply this week. Please let me know what you need from me. Kind regards, Quinn Briar.",2026-06-30 12:04,Complaint,ORD00456
EMAIL00034,CUST0078,Tracking update needed,"Could you check the delivery status of ORD00519? The tracking has not changed and I am starting to worry. Please reply as soon as possible. I checked the help page but could not find a clear answer. Kind regards, Avery Grove.",2026-01-29 17:27,Order Status,ORD00519
EMAIL01633,CUST0112,Poor experience,"I have tried to get help with ORD00685 twice. Still no answer. Really disappointed with the service. Please reply today. Please let me know what you need from me. Kind regards, Jamie Ivy.",2026-07-05 15:07,Complaint,ORD00685
EMAIL00247,CUST0252,Where is my order?,"Hello, I placed order ORD00808 a few days ago and it still says out for delivery. Can you tell me when it will arrive? Regards, Avery Fern Please reply before the weekend. Sorry if I missed this information somewhere. Kind regards, Avery Fern.",2026-05-06 20:40,Order Status,ORD00808
EMAIL01884,CUST0232,Can you replace this?,"Hi, the Atlas Cast Iron Pan from ORD00108 is the wrong size. How can I swap it for the correct one? Please reply when you can. A quick reply would be appreciated. Kind regards, Skyler Dale.",2026-08-06 20:51,Exchange,ORD00108
EMAIL01313,CUST0103,Question about Harbor Electric Kettle,"Hello, could you tell me more about the Harbor Electric Kettle? I need the size, material, and care details before ordering. Please reply this week. Sorry if I missed this information somewhere. Kind regards, Jamie Dale.",2026-05-10 16:56,Product Information,
EMAIL00406,CUST0078,I need to return an item,"Hey, I received the Meadow Ceramic Mug Set from order ORD00150, but it does not fit my needs. Please send the return instructions. Please reply today. I hope this can be resolved soon. Kind regards, Avery Grove.",2026-06-04 08:49,Return/Refund,ORD00150
EMAIL00629,CUST0166,Please cancel my order,"Dear support team, please cancel order ORD00478 before it ships. I made this purchase by mistake. Please reply as soon as possible. Sorry if I missed this information somewhere. Kind regards, Skyler Juniper.",2026-05-03 11:06,Cancellation,ORD00478
EMAIL00683,CUST0148,Cancel order,"I no longer need the Willow Denim Jacket. Can you cancel ORD00758 and refund the payment? Please reply as soon as possible. Sorry if I missed this information somewhere. Kind regards, Casey Hollow.",2026-07-15 16:02,Cancellation,ORD00758
EMAIL01871,CUST0183,Wrong item size,"The item in order ORD00579 does not fit. I do not need a refund; I would prefer an exchange if possible. Please reply when you can. Sorry if I missed this information somewhere. Kind regards, Quinn Cove.",2026-04-24 20:56,Exchange,ORD00579
EMAIL00591,CUST0052,Return request,"The Nova Crossbody Bag arrived damaged. I would like to return it and receive a refund for ORD00193. Please reply when you can. Sorry if I missed this information somewhere. Kind regards, Jordan Hollow.",2026-07-09 13:04,Return/Refund,ORD00193
EMAIL02278,CUST0243,Discount code question,"Do you have a student discount or a promo code I can use for the Harbor Electric Kettle? Please reply when you can. A quick reply would be appreciated. Kind regards, Riley Dale.",2026-04-12 12:58,Other,ORD00229
EMAIL00241,CUST0116,Where is my order?,"Hi, I placed order ORD01186 a few days ago and it still says processing. Can you tell me when it will arrive? Regards, Rowan Juniper Please reply this week. Please let me know what you need from me. Kind regards, Rowan Juniper.",2026-03-12 15:40,Order Status,ORD01186
EMAIL01278,CUST0232,Warranty question,"Hi, does the Ember Bamboo Organizer come with a warranty? I could not find the answer on the product page. Please reply today. Please let me know what you need from me. Kind regards, Skyler Dale.",2026-06-01 14:37,Product Information,ORD00851
EMAIL01187,CUST0209,I was charged twice,"I can see two charges for order ORD00159, but I only placed one order. Please look into this. Please reply this week. Sorry if I missed this information somewhere. Kind regards, Morgan Ivy.",2026-06-18 13:24,Payment Issue,ORD00159
EMAIL01782,CUST0284,Complaint about delivery,"My package for ORD00144 arrived much later than promised and nobody sent an update. This is not acceptable. Please reply when you can. I hope this can be resolved soon. Kind regards, Quinn Ember.",2026-01-22 09:25,Complaint,ORD00144
EMAIL01983,CUST0074,Wrong item size,"The item in order ORD00121 does not fit. I do not need a refund; I would prefer an exchange if possible. Please reply as soon as possible. A quick reply would be appreciated. Kind regards, Riley Cove.",2026-07-14 14:16,Exchange,ORD00121
EMAIL01566,CUST0192,Very disappointed,"Dear support team, I am unhappy with order ORD00566. The Terra Electric Kettle was not as described and this has been frustrating. Please reply when you can. A quick reply would be appreciated. Kind regards, Riley Lark.",2026-03-01 14:02,Complaint,ORD00566
EMAIL01185,CUST0123,I was charged twice,"I can see two charges for order ORD00351, but I only placed one order. Please look into this. Please reply this week. Please let me know what you need from me. Kind regards, Jordan Ember.",2026-07-17 09:41,Payment Issue,ORD00351
EMAIL00670,CUST0070,Cancel order,"I no longer need the Willow Coffee Grinder. Can you cancel ORD00441 and refund the payment? Please reply when you can. Sorry if I missed this information somewhere. Kind regards, Taylor Cove.",2026-02-14 19:07,Cancellation,ORD00441
EMAIL00217,CUST0079,Tracking update needed,"Could you check the delivery status of ORD00072? The tracking has not changed and I am starting to worry. Please reply this week. I hope this can be resolved soon. Kind regards, Riley Dale.",2026-07-20 17:45,Order Status,ORD00072
EMAIL01525,CUST0159,Complaint about delivery,"My package for ORD00135 arrived much later than promised and nobody sent an update. This is not acceptable. Please reply when you can. Sorry if I missed this information somewhere. Kind regards, Quinn Ivy.",2026-05-10 16:16,Complaint,ORD00135
EMAIL00790,CUST0240,Please cancel my order,"Hey, please cancel order ORD00883 before it ships. I made this purchase by mistake. Please reply today. I checked the help page but could not find a clear answer. Kind regards, Avery Lark.",2026-07-19 08:49,Cancellation,ORD00883
EMAIL00997,CUST0112,Checkout error,"Hi, my payment keeps failing when I try to buy the Harbor Electric Kettle. The card works everywhere else. Please reply this week. A quick reply would be appreciated. Kind regards, Jamie Ivy.",2026-07-30 11:45,Payment Issue,ORD00685
EMAIL00589,CUST0292,Return request,"The Atlas Denim Jacket arrived damaged. I would like to return it and receive a refund for ORD00864. Please reply today. I checked the help page but could not find a clear answer. Kind regards, Skyler Juniper.",2026-08-07 08:39,Return/Refund,ORD00864
EMAIL01174,CUST0272,Payment problem,"My card payment for ORD00837 is still pending in my bank app. Did the order go through? Please reply before the weekend. Sorry if I missed this information somewhere. Kind regards, Skyler Grove.",2026-06-26 19:53,Payment Issue,ORD00837
EMAIL00383,CUST0231,I need to return an item,"Hello, I received the Harbor Training Shoe from order ORD00535, but it does not fit my needs. Please send the return instructions. Please reply when you can. A quick reply would be appreciated. Kind regards, Jamie Lark.",2026-03-20 16:19,Return/Refund,ORD00535
EMAIL00843,CUST0292,Accidental order,"Oops, I ordered the wrong item. Is it still possible to stop order ORD00276? Please reply this week. Please let me know what you need from me. Kind regards, Skyler Juniper.",2026-06-16 11:57,Cancellation,ORD00276
EMAIL02190,CUST0052,Discount code question,"Do you have a student discount or a promo code I can use for the Solace Studio Microphone? Please reply this week. I checked the help page but could not find a clear answer. Kind regards, Jordan Hollow.",2026-06-18 08:48,Other,
EMAIL00783,CUST0145,Accidental order,"Oops, I ordered the wrong item. Is it still possible to stop order ORD00828? Please reply today. A quick reply would be appreciated. Kind regards, Skyler Cove.",2026-04-14 12:24,Cancellation,ORD00828
EMAIL02084,CUST0233,Exchange request,"I would like to exchange the Pioneer Trail Runner from order ORD00584 for a different size or color. Please tell me the next steps. Please reply before the weekend. I checked the help page but could not find a clear answer. Kind regards, Riley Ivy.",2026-08-09 18:54,Exchange,ORD00584
EMAIL01430,CUST0176,Is this in stock?,"Do you still have the Brook Vitamin C Set available? I am looking for one as a gift. Please reply this week. I checked the help page but could not find a clear answer. Kind regards, Skyler Lark.",2026-08-19 08:11,Product Information,ORD00241
EMAIL00750,CUST0140,Cancel order,"I no longer need the Atlas Gentle Cleanser. Can you cancel ORD00274 and refund the payment? Please reply this week. Sorry if I missed this information somewhere. Kind regards, Casey Lark.",2026-01-01 09:25,Cancellation,ORD00274
EMAIL02067,CUST0269,Exchange request,"I would like to exchange the Pioneer Insulated Bottle from order ORD00020 for a different size or color. Please tell me the next steps. Please reply as soon as possible. Please let me know what you need from me. Kind regards, Jordan Lark.",2026-01-27 19:33,Exchange,ORD00020
EMAIL01649,CUST0244,Complaint about delivery,"My package for ORD00724 arrived much later than promised and nobody sent an update. This is not acceptable. Please reply this week. I checked the help page but could not find a clear answer. Kind regards, Avery Fern.",2026-04-12 14:59,Complaint,ORD00724
EMAIL02048,CUST0029,Can you replace this?,"Hi, the Lumen Canvas Tote from ORD00781 is the wrong size. How can I swap it for the correct one? Please reply this week. Please let me know what you need from me. Kind regards, Avery Cove.",2026-07-18 17:02,Exchange,ORD00781
EMAIL00480,CUST0200,I need to return an item,"Hi, I received the Summit Training Shoe from order ORD00906, but it does not fit my needs. Please send the return instructions. Please reply when you can. A quick reply would be appreciated. Kind regards, Jamie Briar.",2026-06-12 17:31,Return/Refund,ORD00906
EMAIL00250,CUST0061,Tracking update needed,"Could you check the delivery status of ORD00923? The tracking has not changed and I am starting to worry. Please reply as soon as possible. I hope this can be resolved soon. Kind regards, Rowan Dale.",2026-04-16 18:15,Order Status,ORD00923
EMAIL02338,CUST0081,Change my address,"Hi, how do I update the delivery address saved in my account for future orders? Please reply today. Please let me know what you need from me. Kind regards, Jordan Juniper.",2026-03-21 15:02,Other,
EMAIL00198,CUST0146,Has my package shipped?,"Hi, I ordered a Nova Coffee Grinder. Is order ORD00375 on its way yet? Please reply when you can. Please let me know what you need from me. Kind regards, Rowan Hollow.",2026-07-09 16:13,Order Status,ORD00375
EMAIL00566,CUST0142,Return request,"The Harbor Electric Kettle arrived damaged. I would like to return it and receive a refund for ORD00389. Please reply this week. A quick reply would be appreciated. Kind regards, Riley Cove.",2026-07-30 20:41,Return/Refund,ORD00389
EMAIL02023,CUST0194,Need a different size,"Hey, I received the Harbor Fleece Hoodie from order ORD00536, but the size is wrong. Can I exchange it for a smaller size? Please reply this week. Sorry if I missed this information somewhere. Kind regards, Jamie Ivy.",2026-05-17 19:26,Exchange,ORD00536
EMAIL01798,CUST0217,Poor experience,"I have tried to get help with ORD00971 twice. Still no answer. Really disappointed with the service. Please reply today. I checked the help page but could not find a clear answer. Kind regards, Avery Grove.",2026-08-13 17:38,Complaint,ORD00971
EMAIL00973,CUST0036,Checkout error,"Hi, my payment keeps failing when I try to buy the Aster Laptop Sleeve. The card works everywhere else. Please reply today. Sorry if I missed this information somewhere. Kind regards, Taylor Fern.",2026-04-08 17:35,Payment Issue,ORD00071
EMAIL01727,CUST0109,Complaint about delivery,"My package for ORD00336 arrived much later than promised and nobody sent an update. This is not acceptable. Please reply before the weekend. Sorry if I missed this information somewhere. Kind regards, Riley Ember.",2026-02-15 19:07,Complaint,ORD00336
EMAIL01101,CUST0007,Payment problem,"My card payment for ORD00540 is still pending in my bank app. Did the order go through? Please reply before the weekend. A quick reply would be appreciated. Kind regards, Riley Briar.",2026-01-09 11:27,Payment Issue,ORD00540
EMAIL00548,CUST0166,Return request,"The Nova Cast Iron Pan arrived damaged. I would like to return it and receive a refund for ORD00852. Please reply before the weekend. Please let me know what you need from me. Kind regards, Skyler Juniper.",2026-04-26 13:47,Return/Refund,ORD00852
EMAIL02042,CUST0262,Exchange request,"I would like to exchange the Solace Daily Runner from order ORD00420 for a different size or color. Please tell me the next steps. Please reply this week. I hope this can be resolved soon. Kind regards, Avery Grove.",2026-05-21 20:53,Exchange,ORD00420
EMAIL00416,CUST0074,Return request,"The Orbit Fleece Hoodie arrived damaged. I would like to return it and receive a refund for ORD01093. Please reply when you can. Please let me know what you need from me. Kind regards, Riley Cove.",2026-04-06 17:26,Return/Refund,ORD01093
EMAIL00621,CUST0257,Please cancel my order,"Dear support team, please cancel order ORD00359 before it ships. I made this purchase by mistake. Please reply when you can. A quick reply would be appreciated. Kind regards, Riley Hollow.",2026-02-03 19:38,Cancellation,ORD00359
EMAIL01922,CUST0052,Exchange request,"I would like to exchange the Nova Crossbody Bag from order ORD00193 for a different size or color. Please tell me the next steps. Please reply as soon as possible. I checked the help page but could not find a clear answer. Kind regards, Jordan Hollow.",2026-01-08 16:02,Exchange,ORD00193
EMAIL00306,CUST0098,Return request,"The Willow Denim Jacket arrived damaged. I would like to return it and receive a refund for ORD00496. Please reply before the weekend. Please let me know what you need from me. Kind regards, Rowan Juniper.",2026-05-25 14:42,Return/Refund,ORD00496
EMAIL02163,CUST0019,Need account help,"Hi, I cannot log in after resetting my password. Can you help me access my account? Please reply before the weekend. I hope this can be resolved soon. Kind regards, Rowan Ember.",2026-01-02 09:53,Other,ORD00547
EMAIL01164,CUST0086,Payment problem,"My card payment for ORD01099 is still pending in my bank app. Did the order go through? Please reply when you can. A quick reply would be appreciated. Kind regards, Jordan Dale.",2026-08-20 15:29,Payment Issue,ORD01099
EMAIL00256,CUST0035,Has my package shipped?,"Hi, I ordered a Summit Glass Storage Set. Is order ORD00396 on its way yet? Please reply when you can. A quick reply would be appreciated. Kind regards, Skyler Grove.",2026-08-03 16:25,Order Status,ORD00396
EMAIL01961,CUST0258,Can you replace this?,"Hi, the Harbor Insulated Bottle from ORD00209 is the wrong size. How can I swap it for the correct one? Please reply this week. Please let me know what you need from me. Kind regards, Avery Fern.",2026-08-19 14:43,Exchange,ORD00209
EMAIL02223,CUST0132,Need account help,"Hello, I cannot log in after resetting my password. Can you help me access my account? Please reply today. A quick reply would be appreciated. Kind regards, Skyler Briar.",2026-07-08 09:19,Other,ORD00635
EMAIL00908,CUST0121,Checkout error,"Hi, my payment keeps failing when I try to buy the Lumen Resistance Band Set. The card works everywhere else. Please reply today. Please let me know what you need from me. Kind regards, Riley Grove.",2026-08-11 13:04,Payment Issue,ORD00284
EMAIL01180,CUST0210,Payment problem,"My card payment for ORD01084 is still pending in my bank app. Did the order go through? Please reply before the weekend. A quick reply would be appreciated. Kind regards, Morgan Lark.",2026-02-07 11:13,Payment Issue,ORD01084
EMAIL02384,CUST0207,Need account help,"Hi, I cannot log in after resetting my password. Can you help me access my account? Please reply when you can. Please let me know what you need from me. Kind regards, Jordan Ivy.",2026-05-11 12:04,Other,ORD00904
EMAIL01568,CUST0161,Poor experience,"I have tried to get help with ORD00903 twice. Still no answer. Really disappointed with the service. Please reply today. Please let me know what you need from me. Kind regards, Skyler Grove.",2026-02-17 17:33,Complaint,ORD00903
EMAIL00643,CUST0141,Cancel order,"I no longer need the Ember Gentle Cleanser. Can you cancel ORD01162 and refund the payment? Please reply this week. I checked the help page but could not find a clear answer. Kind regards, Riley Grove.",2026-03-06 09:24,Cancellation,ORD01162
EMAIL02369,CUST0074,Change my address,"Hi, how do I update the delivery address saved in my account for future orders? Please reply this week. I checked the help page but could not find a clear answer. Kind regards, Riley Cove.",2026-07-15 18:43,Other,ORD00603
EMAIL01805,CUST0165,Exchange request,"I would like to exchange the Echo Foam Roller from order ORD00254 for a different size or color. Please tell me the next steps. Please reply as soon as possible. Sorry if I missed this information somewhere. Kind regards, Jordan Ember.",2026-08-06 16:23,Exchange,ORD00254
EMAIL01654,CUST0264,Complaint about delivery,"My package for ORD00313 arrived much later than promised and nobody sent an update. This is not acceptable. Please reply when you can. Please let me know what you need from me. Kind regards, Taylor Briar.",2026-05-26 08:53,Complaint,ORD00313
EMAIL02312,CUST0217,Change my address,"Hi, how do I update the delivery address saved in my account for future orders? Please reply before the weekend. Sorry if I missed this information somewhere. Kind regards, Avery Grove.",2026-08-17 09:05,Other,ORD00987
EMAIL01542,CUST0168,Very disappointed,"Hello, I am unhappy with order ORD00568. The Brook Quilted Vest was not as described and this has been frustrating. Please reply as soon as possible. I checked the help page but could not find a clear answer. Kind regards, Riley Briar.",2026-05-17 14:52,Complaint,ORD00568
EMAIL00651,CUST0115,Accidental order,"Oops, I ordered the wrong item. Is it still possible to stop order ORD00186? Please reply this week. I checked the help page but could not find a clear answer. Kind regards, Morgan Cove.",2026-02-11 09:36,Cancellation,ORD00186
EMAIL01013,CUST0195,Payment problem,"My card payment for ORD00950 is still pending in my bank app. Did the order go through? Please reply as soon as possible. Sorry if I missed this information somewhere. Kind regards, Jamie Grove.",2026-01-13 13:50,Payment Issue,ORD00950
EMAIL00061,CUST0037,Where is my order?,"Hey, I placed order ORD00326 a few days ago and it still says delivered. Can you tell me when it will arrive? Regards, Skyler Cove Please reply today. A quick reply would be appreciated. Kind regards, Skyler Cove.",2026-07-01 20:29,Order Status,ORD00326
EMAIL00613,CUST0247,Accidental order,"Oops, I ordered the wrong item. Is it still possible to stop order ORD00366? Please reply this week. I hope this can be resolved soon. Kind regards, Morgan Dale.",2026-08-14 13:43,Cancellation,ORD00366
EMAIL00978,CUST0281,I was charged twice,"I can see two charges for order ORD01132, but I only placed one order. Please look into this. Please reply as soon as possible. I checked the help page but could not find a clear answer. Kind regards, Taylor Hollow.",2026-08-04 10:42,Payment Issue,ORD01132
EMAIL01998,CUST0207,Exchange request,"I would like to exchange the Orbit Studio Microphone from order ORD00904 for a different size or color. Please tell me the next steps. Please reply as soon as possible. Sorry if I missed this information somewhere. Kind regards, Jordan Ivy.",2026-07-19 15:07,Exchange,ORD00904
EMAIL00141,CUST0254,Where is my order?,"Hey, I placed order ORD00826 a few days ago and it still says processing. Can you tell me when it will arrive? Please help, Taylor Cove Please reply before the weekend. Please let me know what you need from me. Kind regards, Taylor Cove.",2026-07-01 13:57,Order Status,ORD00826
EMAIL00252,CUST0165,Tracking update needed,"Could you check the delivery status of ORD00464? The tracking has not changed and I am starting to worry. Please reply as soon as possible. Please let me know what you need from me. Kind regards, Jordan Ember.",2026-08-22 08:17,Order Status,ORD00464
EMAIL00606,CUST0174,Accidental order,"Oops, I ordered the wrong item. Is it still possible to stop order ORD00998? Please reply before the weekend. I hope this can be resolved soon. Kind regards, Avery Dale.",2026-04-12 16:42,Cancellation,ORD00998
EMAIL01640,CUST0292,Very disappointed,"Hey, I am unhappy with order ORD00276. The Drift Noise-Canceling Headphones was not as described and this has been frustrating. Please reply as soon as possible. Sorry if I missed this information somewhere. Kind regards, Skyler Juniper.",2026-04-07 17:55,Complaint,ORD00276
EMAIL01696,CUST0079,Complaint about delivery,"My package for ORD00849 arrived much later than promised and nobody sent an update. This is not acceptable. Please reply before the weekend. I hope this can be resolved soon. Kind regards, Riley Dale.",2026-03-21 14:39,Complaint,ORD00849
EMAIL00288,CUST0190,Where is my order?,"Hey, I placed order ORD00835 a few days ago and it still says delivered. Can you tell me when it will arrive? Please help, Taylor Lark Please reply this week. I hope this can be resolved soon. Kind regards, Taylor Lark.",2026-08-13 11:24,Order Status,ORD00835
EMAIL02211,CUST0058,Need account help,"Dear support team, I cannot log in after resetting my password. Can you help me access my account? Please reply this week. Please let me know what you need from me. Kind regards, Rowan Ivy.",2026-01-01 15:26,Other,ORD00275
EMAIL01335,CUST0278,Is this in stock?,"Do you still have the Terra Studio Microphone available? I am looking for one as a gift. Please reply before the weekend. I checked the help page but could not find a clear answer. Kind regards, Jamie Cove.",2026-08-14 10:19,Product Information,ORD00462
EMAIL02001,CUST0093,Exchange request,"I would like to exchange the Sage Wireless Earbuds from order ORD00447 for a different size or color. Please tell me the next steps. Please reply this week. Sorry if I missed this information somewhere. Kind regards, Rowan Grove.",2026-05-23 17:02,Exchange,ORD00447
EMAIL01431,CUST0281,Is this in stock?,"Do you still have the Cedar Wireless Earbuds available? I am looking for one as a gift. Please reply this week. I checked the help page but could not find a clear answer. Kind regards, Taylor Hollow.",2026-01-04 10:41,Product Information,
EMAIL02249,CUST0232,Discount code question,"Do you have a student discount or a promo code I can use for the Ember Bamboo Organizer? Please reply before the weekend. I checked the help page but could not find a clear answer. Kind regards, Skyler Dale.",2026-05-03 16:55,Other,ORD00851
EMAIL01555,CUST0041,Poor experience,"I have tried to get help with ORD00609 twice. Still no answer. Really disappointed with the service. Please reply today. I hope this can be resolved soon. Kind regards, Taylor Ivy.",2026-08-15 14:54,Complaint,ORD00609
EMAIL01638,CUST0014,Very disappointed,"Dear support team, I am unhappy with order ORD00872. The Willow Denim Jacket was not as described and this has been frustrating. Please reply when you can. A quick reply would be appreciated. Kind regards, Casey Ember.",2026-08-06 10:44,Complaint,ORD00872
EMAIL01033,CUST0040,Checkout error,"Hi, my payment keeps failing when I try to buy the Willow Canvas Tote. The card works everywhere else. Please reply this week. I checked the help page but could not find a clear answer. Kind regards, Rowan Ember.",2026-07-25 09:38,Payment Issue,ORD00917
EMAIL00718,CUST0035,Accidental order,"Oops, I ordered the wrong item. Is it still possible to stop order ORD00629? Please reply this week. A quick reply would be appreciated. Kind regards, Skyler Grove.",2026-08-25 13:53,Cancellation,ORD00629
EMAIL02196,CUST0142,Discount code question,"Do you have a student discount or a promo code I can use for the Cedar Air Fryer? Please reply when you can. Sorry if I missed this information somewhere. Kind regards, Riley Cove.",2026-06-12 12:39,Other,ORD00344
EMAIL00588,CUST0202,Refund status,"I returned order ORD00848 and have not received my refund. Can someone check the status for me? Please reply this week. A quick reply would be appreciated. Kind regards, Morgan Fern.",2026-08-24 15:30,Return/Refund,ORD00848
EMAIL00708,CUST0227,Accidental order,"Oops, I ordered the wrong item. Is it still possible to stop order ORD00722? Please reply when you can. Sorry if I missed this information somewhere. Kind regards, Jordan Fern.",2026-06-17 08:23,Cancellation,ORD00722
EMAIL02244,CUST0209,Change my address,"Hi, how do I update the delivery address saved in my account for future orders? Please reply when you can. I checked the help page but could not find a clear answer. Kind regards, Morgan Ivy.",2026-04-13 17:22,Other,ORD00159
EMAIL00451,CUST0023,Return request,"The Coast Trail Runner arrived damaged. I would like to return it and receive a refund for ORD00669. Please reply this week. I checked the help page but could not find a clear answer. Kind regards, Riley Dale.",2026-04-13 20:40,Return/Refund,ORD00669
EMAIL00324,CUST0085,Return request,"The Lumen Wireless Earbuds arrived damaged. I would like to return it and receive a refund for ORD00775. Please reply as soon as possible. I checked the help page but could not find a clear answer. Kind regards, Rowan Hollow.",2026-05-05 18:42,Return/Refund,ORD00775
EMAIL00057,CUST0121,Has my package shipped?,"Hi, I ordered a Willow Glass Storage Set. Is order ORD00340 on its way yet? Please reply this week. I hope this can be resolved soon. Kind regards, Riley Grove.",2026-06-16 16:59,Order Status,ORD00340
EMAIL01641,CUST0098,Complaint about delivery,"My package for ORD00496 arrived much later than promised and nobody sent an update. This is not acceptable. Please reply when you can. I hope this can be resolved soon. Kind regards, Rowan Juniper.",2026-07-01 10:14,Complaint,ORD00496
EMAIL01443,CUST0287,Question about Pioneer Rain Jacket,"Hey, could you tell me more about the Pioneer Rain Jacket? I need the size, material, and care details before ordering. Please reply this week. I checked the help page but could not find a clear answer. Kind regards, Jordan Ivy.",2026-08-20 15:58,Product Information,ORD00741
EMAIL00516,CUST0100,Return request,"The Meadow Foam Roller arrived damaged. I would like to return it and receive a refund for ORD00337. Please reply as soon as possible. Please let me know what you need from me. Kind regards, Taylor Cove.",2026-06-14 12:13,Return/Refund,ORD00337
EMAIL00510,CUST0248,Return request,"The Harbor Training Shoe arrived damaged. I would like to return it and receive a refund for ORD00885. Please reply this week. Sorry if I missed this information somewhere. Kind regards, Rowan Juniper.",2026-04-26 19:15,Return/Refund,ORD00885
EMAIL00201,CUST0258,Tracking update needed,"Could you check the delivery status of ORD00209? The tracking has not changed and I am starting to worry. Please reply today. A quick reply would be appreciated. Kind regards, Avery Fern.",2026-02-22 14:11,Order Status,ORD00209
EMAIL01590,CUST0141,Complaint about delivery,"My package for ORD01162 arrived much later than promised and nobody sent an update. This is not acceptable. Please reply this week. Sorry if I missed this information somewhere. Kind regards, Riley Grove.",2026-08-10 10:49,Complaint,ORD01162
EMAIL00883,CUST0079,Please cancel my order,"Dear support team, please cancel order ORD00939 before it ships. I made this purchase by mistake. Please reply before the weekend. I hope this can be resolved soon. Kind regards, Riley Dale.",2026-05-28 11:31,Cancellation,ORD00939
EMAIL01011,CUST0170,Payment problem,"My card payment for ORD00319 is still pending in my bank app. Did the order go through? Please reply today. I checked the help page but could not find a clear answer. Kind regards, Jordan Ivy.",2026-01-07 17:41,Payment Issue,ORD00319
EMAIL01074,CUST0269,Checkout error,"Hi, my payment keeps failing when I try to buy the Pioneer Insulated Bottle. The card works everywhere else. Please reply as soon as possible. A quick reply would be appreciated. Kind regards, Jordan Lark.",2026-01-24 10:26,Payment Issue,ORD00020
EMAIL00387,CUST0158,Refund status,"I returned order ORD00592 and have not received my refund. Can someone check the status for me? Please reply before the weekend. Please let me know what you need from me. Kind regards, Jamie Ivy.",2026-04-26 12:27,Return/Refund,ORD00592
EMAIL02390,CUST0265,Change my address,"Hi, how do I update the delivery address saved in my account for future orders? Please reply this week. A quick reply would be appreciated. Kind regards, Casey Ivy.",2026-05-11 15:14,Other,ORD00357
EMAIL01530,CUST0269,Poor experience,"I have tried to get help with ORD01095 twice. Still no answer. Really disappointed with the service. Please reply as soon as possible. I hope this can be resolved soon. Kind regards, Jordan Lark.",2026-04-09 08:18,Complaint,ORD01095
EMAIL02253,CUST0270,Discount code question,"Do you have a student discount or a promo code I can use for the Solace Glass Storage Set? Please reply when you can. Please let me know what you need from me. Kind regards, Jordan Juniper.",2026-05-26 13:51,Other,ORD00846
EMAIL01838,CUST0291,Exchange request,"I would like to exchange the Atlas Insulated Bottle from order ORD00141 for a different size or color. Please tell me the next steps. Please reply before the weekend. A quick reply would be appreciated. Kind regards, Riley Lark.",2026-06-12 08:32,Exchange,ORD00141
EMAIL00367,CUST0119,I need to return an item,"Hello, I received the Atlas Denim Jacket from order ORD00506, but it does not fit my needs. Please send the return instructions. Please reply this week. I checked the help page but could not find a clear answer. Kind regards, Riley Juniper.",2026-03-08 13:46,Return/Refund,ORD00506
EMAIL00699,CUST0017,Accidental order,"Oops, I ordered the wrong item. Is it still possible to stop order ORD00523? Please reply before the weekend. I hope this can be resolved soon. Kind regards, Casey Lark.",2026-01-23 08:10,Cancellation,ORD00523
EMAIL02162,CUST0295,Change my address,"Hi, how do I update the delivery address saved in my account for future orders? Please reply today. I checked the help page but could not find a clear answer. Kind regards, Morgan Hollow.",2026-07-25 18:55,Other,ORD00392
EMAIL02129,CUST0051,Discount code question,"Do you have a student discount or a promo code I can use for the Echo Fleece Hoodie? Please reply when you can. I checked the help page but could not find a clear answer. Kind regards, Morgan Ember.",2026-04-17 12:43,Other,
EMAIL01551,CUST0082,Complaint about delivery,"My package for ORD01034 arrived much later than promised and nobody sent an update. This is not acceptable. Please reply today. A quick reply would be appreciated. Kind regards, Rowan Dale.",2026-01-08 16:40,Complaint,ORD01034
EMAIL01042,CUST0071,Payment problem,"My card payment for ORD00693 is still pending in my bank app. Did the order go through? Please reply when you can. Please let me know what you need from me. Kind regards, Jordan Ivy.",2026-04-07 11:02,Payment Issue,ORD00693
EMAIL01761,CUST0014,Very disappointed,"Dear support team, I am unhappy with order ORD01029. The Pioneer Rain Jacket was not as described and this has been frustrating. Please reply today. Please let me know what you need from me. Kind regards, Casey Ember.",2026-01-20 12:20,Complaint,ORD01029
EMAIL02140,CUST0249,Change my address,"Hi, how do I update the delivery address saved in my account for future orders? Please reply this week. Please let me know what you need from me. Kind regards, Quinn Fern.",2026-01-11 19:37,Other,ORD00507
EMAIL01894,CUST0126,Can you replace this?,"Hi, the Terra Studio Microphone from ORD00015 is the wrong size. How can I swap it for the correct one? Please reply this week. Please let me know what you need from me. Kind regards, Jamie Ivy.",2026-01-20 18:13,Exchange,ORD00015
EMAIL00532,CUST0166,Return request,"The Cedar Night Cream arrived damaged. I would like to return it and receive a refund for ORD00478. Please reply before the weekend. Please let me know what you need from me. Kind regards, Skyler Juniper.",2026-04-25 14:21,Return/Refund,ORD00478
EMAIL00263,CUST0300,Tracking update needed,"Could you check the delivery status of ORD00984? The tracking has not changed and I am starting to worry. Please reply today. A quick reply would be appreciated. Kind regards, Jamie Hollow.",2026-04-15 16:17,Order Status,ORD00984
EMAIL00079,CUST0189,Has my package shipped?,"Hi, I ordered a Brook Crossbody Bag. Is order ORD00471 on its way yet? Please reply today. Sorry if I missed this information somewhere. Kind regards, Quinn Ivy.",2026-06-16 15:26,Order Status,ORD00471
EMAIL00505,CUST0097,I need to return an item,"Hey, I received the Willow Coffee Grinder from order ORD00223, but it does not fit my needs. Please send the return instructions. Please reply as soon as possible. I checked the help page but could not find a clear answer. Kind regards, Morgan Fern.",2026-08-04 11:38,Return/Refund,ORD00223
EMAIL01762,CUST0294,Complaint about delivery,"My package for ORD00268 arrived much later than promised and nobody sent an update. This is not acceptable. Please reply as soon as possible. A quick reply would be appreciated. Kind regards, Rowan Grove.",2026-02-22 19:33,Complaint,ORD00268
EMAIL00441,CUST0118,I need to return an item,"Hello, I received the Summit Studio Microphone from order ORD00991, but it does not fit my needs. Please send the return instructions. Please reply this week. A quick reply would be appreciated. Kind regards, Jordan Ivy.",2026-02-22 15:09,Return/Refund,ORD00991
EMAIL00933,CUST0097,I was charged twice,"I can see two charges for order ORD00223, but I only placed one order. Please look into this. Please reply when you can. I checked the help page but could not find a clear answer. Kind regards, Morgan Fern.",2026-03-13 12:15,Payment Issue,ORD00223
EMAIL01459,CUST0015,Question about Harbor Electric Kettle,"Hey, could you tell me more about the Harbor Electric Kettle? I need the size, material, and care details before ordering. Please reply as soon as possible. A quick reply would be appreciated. Kind regards, Riley Ivy.",2026-08-09 14:47,Product Information,
EMAIL00270,CUST0255,Has my package shipped?,"Hi, I ordered a Summit Rain Jacket. Is order ORD00805 on its way yet? Please reply when you can. Please let me know what you need from me. Kind regards, Avery Lark.",2026-04-29 19:30,Order Status,ORD00805
EMAIL01148,CUST0071,I was charged twice,"I can see two charges for order ORD00928, but I only placed one order. Please look into this. Please reply before the weekend. I checked the help page but could not find a clear answer. Kind regards, Jordan Ivy.",2026-04-04 16:15,Payment Issue,ORD00928
EMAIL00255,CUST0011,Has my package shipped?,"Hi, I ordered a Willow Canvas Tote. Is order ORD00784 on its way yet? Please reply before the weekend. Please let me know what you need from me. Kind regards, Quinn Juniper.",2026-07-16 20:35,Order Status,ORD00784
EMAIL00024,CUST0210,Has my package shipped?,"Hi, I ordered a Drift Hydrating Serum. Is order ORD01084 on its way yet? Please reply today. Sorry if I missed this information somewhere. Kind regards, Morgan Lark.",2026-04-09 08:07,Order Status,ORD01084
EMAIL01170,CUST0066,Checkout error,"Hi, my payment keeps failing when I try to buy the Harbor Cast Iron Pan. The card works everywhere else. Please reply today. Sorry if I missed this information somewhere. Kind regards, Morgan Grove.",2026-02-12 08:12,Payment Issue,ORD01167
EMAIL01637,CUST0249,Very disappointed,"Hi, I am unhappy with order ORD00670. The Coast Portable Speaker was not as described and this has been frustrating. Please reply today. I checked the help page but could not find a clear answer. Kind regards, Quinn Fern.",2026-05-25 10:10,Complaint,ORD00670
EMAIL00771,CUST0134,Cancel order,"I no longer need the Ember Gentle Cleanser. Can you cancel ORD00378 and refund the payment? Please reply this week. Sorry if I missed this information somewhere. Kind regards, Taylor Ember.",2026-08-17 11:05,Cancellation,ORD00378
EMAIL01108,CUST0194,Payment problem,"My card payment for ORD00536 is still pending in my bank app. Did the order go through? Please reply as soon as possible. Sorry if I missed this information somewhere. Kind regards, Jamie Ivy.",2026-04-07 20:54,Payment Issue,ORD00536
EMAIL00031,CUST0185,Tracking update needed,"Could you check the delivery status of ORD00479? The tracking has not changed and I am starting to worry. Please reply today. I checked the help page but could not find a clear answer. Kind regards, Morgan Dale.",2026-06-04 10:11,Order Status,ORD00479
EMAIL01275,CUST0053,Is this in stock?,"Do you still have the Nimbus Night Cream available? I am looking for one as a gift. Please reply this week. I checked the help page but could not find a clear answer. Kind regards, Morgan Cove.",2026-05-16 15:20,Product Information,ORD00286
EMAIL01778,CUST0155,Very disappointed,"Hey, I am unhappy with order ORD00062. The Cedar Walking Shoe was not as described and this has been frustrating. Please reply when you can. Sorry if I missed this information somewhere. Kind regards, Quinn Ember.",2026-08-10 18:44,Complaint,ORD00062
EMAIL01489,CUST0277,Is this in stock?,"Do you still have the Cedar Walking Shoe available? I am looking for one as a gift. Please reply today. A quick reply would be appreciated. Kind regards, Quinn Briar.",2026-02-12 19:06,Product Information,ORD00577
EMAIL00491,CUST0029,Return request,"The Terra Rain Jacket arrived damaged. I would like to return it and receive a refund for ORD01136. Please reply today. A quick reply would be appreciated. Kind regards, Avery Cove.",2026-01-26 15:11,Return/Refund,ORD01136
EMAIL02225,CUST0251,Discount code question,"Do you have a student discount or a promo code I can use for the Terra Rain Jacket? Please reply this week. Sorry if I missed this information somewhere. Kind regards, Jamie Juniper.",2026-01-26 15:59,Other,ORD00768
EMAIL01367,CUST0019,Question about Willow Glass Storage Set,"Hello, could you tell me more about the Willow Glass Storage Set? I need the size, material, and care details before ordering. Please reply today. A quick reply would be appreciated. Kind regards, Rowan Ember.",2026-05-19 14:36,Product Information,ORD00878
EMAIL02275,CUST0028,Discount code question,"Do you have a student discount or a promo code I can use for the Brook Walking Shoe? Please reply before the weekend. Sorry if I missed this information somewhere. Kind regards, Skyler Ivy.",2026-02-28 15:26,Other,ORD00769
EMAIL01102,CUST0026,I was charged twice,"I can see two charges for order ORD00469, but I only placed one order. Please look into this. Please reply this week. Please let me know what you need from me. Kind regards, Avery Cove.",2026-06-10 17:58,Payment Issue,ORD00469
EMAIL02272,CUST0178,Need account help,"Dear support team, I cannot log in after resetting my password. Can you help me access my account? Please reply this week. Sorry if I missed this information somewhere. Kind regards, Skyler Lark.",2026-04-03 15:07,Other,ORD00433
EMAIL00989,CUST0254,Checkout error,"Hi, my payment keeps failing when I try to buy the Summit Rain Jacket. The card works everywhere else. Please reply as soon as possible. Please let me know what you need from me. Kind regards, Taylor Cove.",2026-01-28 20:59,Payment Issue,ORD00826
EMAIL02088,CUST0075,Need a different size,"Dear support team, I received the Coast Denim Jacket from order ORD01200, but the size is wrong. Can I exchange it for a smaller size? Please reply this week. A quick reply would be appreciated. Kind regards, Riley Lark.",2026-01-01 20:18,Exchange,ORD01200
EMAIL01878,CUST0166,Exchange request,"I would like to exchange the Nimbus Portable Speaker from order ORD00967 for a different size or color. Please tell me the next steps. Please reply before the weekend. Please let me know what you need from me. Kind regards, Skyler Juniper.",2026-08-10 10:04,Exchange,ORD00967
EMAIL00012,CUST0034,Tracking update needed,"Could you check the delivery status of ORD01072? The tracking has not changed and I am starting to worry. Please reply this week. I hope this can be resolved soon. Kind regards, Jordan Juniper.",2026-01-20 10:28,Order Status,ORD01072
EMAIL00088,CUST0225,Has my package shipped?,"Hi, I ordered a Cedar Rain Jacket. Is order ORD00814 on its way yet? Please reply as soon as possible. I checked the help page but could not find a clear answer. Kind regards, Skyler Cove.",2026-07-25 17:27,Order Status,ORD00814
EMAIL00496,CUST0215,Refund status,"I returned order ORD00538 and have not received my refund. Can someone check the status for me? Please reply before the weekend. I hope this can be resolved soon. Kind regards, Rowan Hollow.",2026-01-03 18:44,Return/Refund,ORD00538
EMAIL01618,CUST0113,Very disappointed,"Hi, I am unhappy with order ORD00439. The Harbor Training Shoe was not as described and this has been frustrating. Please reply when you can. I checked the help page but could not find a clear answer. Kind regards, Avery Cove.",2026-02-06 13:08,Complaint,ORD00439
EMAIL01974,CUST0097,Exchange request,"I would like to exchange the Lumen Denim Jacket from order ORD01120 for a different size or color. Please tell me the next steps. Please reply before the weekend. A quick reply would be appreciated. Kind regards, Morgan Fern.",2026-08-15 09:08,Exchange,ORD01120
EMAIL01290,CUST0092,Warranty question,"Hi, does the Lumen Compact Blender come with a warranty? I could not find the answer on the product page. Please reply today. A quick reply would be appreciated. Kind regards, Riley Grove.",2026-01-01 16:56,Product Information,
EMAIL01966,CUST0156,Need a different size,"Hello, I received the Terra Canvas Tote from order ORD00870, but the size is wrong. Can I exchange it for a smaller size? Please reply as soon as possible. Sorry if I missed this information somewhere. Kind regards, Riley Lark.",2026-04-04 16:30,Exchange,ORD00870
EMAIL02387,CUST0077,Change my address,"Hi, how do I update the delivery address saved in my account for future orders? Please reply today. I checked the help page but could not find a clear answer. Kind regards, Casey Hollow.",2026-01-17 15:43,Other,ORD00349
EMAIL02215,CUST0045,Change my address,"Hi, how do I update the delivery address saved in my account for future orders? Please reply when you can. I hope this can be resolved soon. Kind regards, Taylor Cove.",2026-06-24 08:24,Other,ORD00632
EMAIL02177,CUST0293,Change my address,"Hi, how do I update the delivery address saved in my account for future orders? Please reply before the weekend. I hope this can be resolved soon. Kind regards, Quinn Ember.",2026-08-08 08:31,Other,ORD00422
EMAIL01066,CUST0097,Payment problem,"My card payment for ORD00013 is still pending in my bank app. Did the order go through? Please reply today. I hope this can be resolved soon. Kind regards, Morgan Fern.",2026-07-02 17:25,Payment Issue,ORD00013
EMAIL01682,CUST0142,Very disappointed,"Hello, I am unhappy with order ORD00389. The Harbor Electric Kettle was not as described and this has been frustrating. Please reply when you can. Please let me know what you need from me. Kind regards, Riley Cove.",2026-04-10 17:17,Complaint,ORD00389
EMAIL00453,CUST0015,Refund status,"I returned order ORD00924 and have not received my refund. Can someone check the status for me? Please reply before the weekend. Please let me know what you need from me. Kind regards, Riley Ivy.",2026-03-05 12:28,Return/Refund,ORD00924
EMAIL00097,CUST0040,Has my package shipped?,"Hi, I ordered a Willow Canvas Tote. Is order ORD00917 on its way yet? Please reply as soon as possible. Sorry if I missed this information somewhere. Kind regards, Rowan Ember.",2026-08-16 13:40,Order Status,ORD00917
EMAIL01202,CUST0283,Is this in stock?,"Do you still have the Terra Resistance Band Set available? I am looking for one as a gift. Please reply this week. Sorry if I missed this information somewhere. Kind regards, Casey Juniper.",2026-06-01 15:59,Product Information,ORD00465
EMAIL00576,CUST0038,Return request,"The Aster Night Cream arrived damaged. I would like to return it and receive a refund for ORD00832. Please reply as soon as possible. Sorry if I missed this information somewhere. Kind regards, Rowan Dale.",2026-06-27 10:35,Return/Refund,ORD00832
EMAIL01712,CUST0215,Complaint about delivery,"My package for ORD00240 arrived much later than promised and nobody sent an update. This is not acceptable. Please reply as soon as possible. I checked the help page but could not find a clear answer. Kind regards, Rowan Hollow.",2026-07-24 15:28,Complaint,ORD00240
EMAIL01379,CUST0162,Warranty question,"Hi, does the Atlas Denim Jacket come with a warranty? I could not find the answer on the product page. Please reply when you can. Sorry if I missed this information somewhere. Kind regards, Jamie Juniper.",2026-07-30 18:35,Product Information,ORD01124
EMAIL02352,CUST0220,Change my address,"Hi, how do I update the delivery address saved in my account for future orders? Please reply today. A quick reply would be appreciated. Kind regards, Quinn Cove.",2026-08-25 09:17,Other,ORD00102
EMAIL00223,CUST0252,Tracking update needed,"Could you check the delivery status of ORD00808? The tracking has not changed and I am starting to worry. Please reply when you can. I hope this can be resolved soon. Kind regards, Avery Fern.",2026-07-31 10:59,Order Status,ORD00808
EMAIL01657,CUST0164,Poor experience,"I have tried to get help with ORD01126 twice. Still no answer. Really disappointed with the service. Please reply when you can. I hope this can be resolved soon. Kind regards, Casey Ember.",2026-06-28 20:36,Complaint,ORD01126
EMAIL01560,CUST0076,Very disappointed,"Hello, I am unhappy with order ORD00594. The Drift Noise-Canceling Headphones was not as described and this has been frustrating. Please reply as soon as possible. I hope this can be resolved soon. Kind regards, Riley Juniper.",2026-01-05 17:05,Complaint,ORD00594
EMAIL00872,CUST0210,Accidental order,"Oops, I ordered the wrong item. Is it still possible to stop order ORD01084? Please reply when you can. I checked the help page but could not find a clear answer. Kind regards, Morgan Lark.",2026-04-04 20:00,Cancellation,ORD01084
EMAIL00847,CUST0212,Accidental order,"Oops, I ordered the wrong item. Is it still possible to stop order ORD00018? Please reply as soon as possible. Sorry if I missed this information somewhere. Kind regards, Avery Fern.",2026-01-26 18:53,Cancellation,ORD00018
EMAIL02014,CUST0193,Wrong item size,"The item in order ORD00009 does not fit. I do not need a refund; I would prefer an exchange if possible. Please reply before the weekend. Please let me know what you need from me. Kind regards, Rowan Ivy.",2026-03-08 13:26,Exchange,ORD00009
EMAIL02054,CUST0273,Exchange request,"I would like to exchange the Drift Trail Runner from order ORD00473 for a different size or color. Please tell me the next steps. Please reply when you can. A quick reply would be appreciated. Kind regards, Avery Dale.",2026-04-22 13:19,Exchange,ORD00473
EMAIL02335,CUST0298,Discount code question,"Do you have a student discount or a promo code I can use for the Terra Bamboo Organizer? Please reply this week. A quick reply would be appreciated. Kind regards, Jordan Lark.",2026-08-16 12:46,Other,
EMAIL01145,CUST0167,Checkout error,"Hi, my payment keeps failing when I try to buy the Terra Canvas Tote. The card works everywhere else. Please reply this week. I hope this can be resolved soon. Kind regards, Morgan Fern.",2026-06-12 08:34,Payment Issue,ORD00929
EMAIL01845,CUST0125,Wrong item size,"The item in order ORD00363 does not fit. I do not need a refund; I would prefer an exchange if possible. Please reply this week. Please let me know what you need from me. Kind regards, Morgan Hollow.",2026-04-02 10:59,Exchange,ORD00363
EMAIL01460,CUST0234,Warranty question,"Hi, does the Ember Trail Runner come with a warranty? I could not find the answer on the product page. Please reply when you can. A quick reply would be appreciated. Kind regards, Riley Juniper.",2026-06-14 10:30,Product Information,
EMAIL01980,CUST0023,Need a different size,"Hello, I received the Drift Hydrating Serum from order ORD00323, but the size is wrong. Can I exchange it for a smaller size? Please reply today. Sorry if I missed this information somewhere. Kind regards, Riley Dale.",2026-06-20 12:22,Exchange,ORD00323
EMAIL00193,CUST0279,Where is my order?,"Hi, I placed order ORD00074 a few days ago and it still says out for delivery. Can you tell me when it will arrive? Thank you, Casey Grove Please reply today. I checked the help page but could not find a clear answer. Kind regards, Casey Grove.",2026-02-02 15:11,Order Status,ORD00074
EMAIL01475,CUST0187,Question about Nova Crossbody Bag,"Hi, could you tell me more about the Nova Crossbody Bag? I need the size, material, and care details before ordering. Please reply this week. I checked the help page but could not find a clear answer. Kind regards, Skyler Fern.",2026-06-20 19:59,Product Information,
EMAIL01822,CUST0007,Exchange request,"I would like to exchange the Ember Gentle Cleanser from order ORD00739 for a different size or color. Please tell me the next steps. Please reply this week. A quick reply would be appreciated. Kind regards, Riley Briar.",2026-04-02 17:37,Exchange,ORD00739
EMAIL02320,CUST0249,Need account help,"Hey, I cannot log in after resetting my password. Can you help me access my account? Please reply as soon as possible. A quick reply would be appreciated. Kind regards, Quinn Fern.",2026-01-04 11:51,Other,ORD00459
EMAIL01026,CUST0250,Payment problem,"My card payment for ORD00457 is still pending in my bank app. Did the order go through? Please reply this week. Sorry if I missed this information somewhere. Kind regards, Quinn Cove.",2026-08-10 20:34,Payment Issue,ORD00457
EMAIL01361,CUST0151,Question about Cedar Walking Shoe,"Hey, could you tell me more about the Cedar Walking Shoe? I need the size, material, and care details before ordering. Please reply as soon as possible. I checked the help page but could not find a clear answer. Kind regards, Quinn Hollow.",2026-01-28 16:53,Product Information,ORD00243
EMAIL00389,CUST0074,Return request,"The Orbit Fleece Hoodie arrived damaged. I would like to return it and receive a refund for ORD01093. Please reply when you can. A quick reply would be appreciated. Kind regards, Riley Cove.",2026-06-19 19:16,Return/Refund,ORD01093
EMAIL00593,CUST0107,I need to return an item,"Hi, I received the Willow Coffee Grinder from order ORD01007, but it does not fit my needs. Please send the return instructions. Please reply today. I checked the help page but could not find a clear answer. Kind regards, Quinn Dale.",2026-01-23 19:15,Return/Refund,ORD01007
EMAIL01507,CUST0199,Very disappointed,"Hi, I am unhappy with order ORD00023. The Cedar Bamboo Organizer was not as described and this has been frustrating. Please reply this week. A quick reply would be appreciated. Kind regards, Rowan Briar.",2026-04-29 15:42,Complaint,ORD00023
EMAIL00541,CUST0122,Refund status,"I returned order ORD01153 and have not received my refund. Can someone check the status for me? Please reply before the weekend. I hope this can be resolved soon. Kind regards, Jordan Dale.",2026-02-19 15:52,Return/Refund,ORD01153
EMAIL01747,CUST0251,Poor experience,"I have tried to get help with ORD00107 twice. Still no answer. Really disappointed with the service. Please reply today. Please let me know what you need from me. Kind regards, Jamie Juniper.",2026-05-01 20:15,Complaint,ORD00107
EMAIL01619,CUST0012,Very disappointed,"Hey, I am unhappy with order ORD01130. The Echo Coffee Grinder was not as described and this has been frustrating. Please reply when you can. Sorry if I missed this information somewhere. Kind regards, Rowan Fern.",2026-07-13 13:36,Complaint,ORD01130
EMAIL00570,CUST0289,I need to return an item,"Dear support team, I received the Sage Wireless Earbuds from order ORD00365, but it does not fit my needs. Please send the return instructions. Please reply before the weekend. Sorry if I missed this information somewhere. Kind regards, Rowan Briar.",2026-03-12 11:45,Return/Refund,ORD00365
EMAIL00052,CUST0006,Has my package shipped?,"Hi, I ordered a Pioneer Canvas Tote. Is order ORD00488 on its way yet? Please reply today. A quick reply would be appreciated. Kind regards, Rowan Hollow.",2026-03-10 09:36,Order Status,ORD00488
EMAIL01486,CUST0041,Is this in stock?,"Do you still have the Aster Coffee Grinder available? I am looking for one as a gift. Please reply before the weekend. A quick reply would be appreciated. Kind regards, Taylor Ivy.",2026-07-04 14:08,Product Information,ORD01172
EMAIL01977,CUST0186,Exchange request,"I would like to exchange the Lumen Resistance Band Set from order ORD00893 for a different size or color. Please tell me the next steps. Please reply this week. Sorry if I missed this information somewhere. Kind regards, Avery Dale.",2026-08-04 18:24,Exchange,ORD00893
EMAIL00633,CUST0194,Accidental order,"Oops, I ordered the wrong item. Is it still possible to stop order ORD01118? Please reply when you can. Sorry if I missed this information somewhere. Kind regards, Jamie Ivy.",2026-06-07 20:32,Cancellation,ORD01118
EMAIL00167,CUST0015,Has my package shipped?,"Hi, I ordered a Pioneer Canvas Tote. Is order ORD00731 on its way yet? Please reply as soon as possible. I checked the help page but could not find a clear answer. Kind regards, Riley Ivy.",2026-05-29 12:02,Order Status,ORD00731
EMAIL01952,CUST0050,Wrong item size,"The item in order ORD01102 does not fit. I do not need a refund; I would prefer an exchange if possible. Please reply this week. Sorry if I missed this information somewhere. Kind regards, Casey Briar.",2026-01-11 08:55,Exchange,ORD01102
EMAIL01368,CUST0265,Is this in stock?,"Do you still have the Orbit Training Shoe available? I am looking for one as a gift. Please reply when you can. A quick reply would be appreciated. Kind regards, Casey Ivy.",2026-01-31 08:51,Product Information,ORD00531
EMAIL01900,CUST0269,Can you replace this?,"Hi, the Nova Yoga Mat from ORD01095 is the wrong size. How can I swap it for the correct one? Please reply as soon as possible. Sorry if I missed this information somewhere. Kind regards, Jordan Lark.",2026-04-02 17:47,Exchange,ORD01095
EMAIL02028,CUST0117,Wrong item size,"The item in order ORD00142 does not fit. I do not need a refund; I would prefer an exchange if possible. Please reply today. Sorry if I missed this information somewhere. Kind regards, Skyler Juniper.",2026-07-10 18:09,Exchange,ORD00142
EMAIL00818,CUST0212,Please cancel my order,"Hi, please cancel order ORD00941 before it ships. I made this purchase by mistake. Please reply when you can. I checked the help page but could not find a clear answer. Kind regards, Avery Fern.",2026-07-27 08:37,Cancellation,ORD00941
EMAIL00899,CUST0273,Cancel order,"I no longer need the Echo Coffee Grinder. Can you cancel ORD00012 and refund the payment? Please reply before the weekend. I checked the help page but could not find a clear answer. Kind regards, Avery Dale.",2026-01-05 17:17,Cancellation,ORD00012
EMAIL01652,CUST0158,Poor experience,"I have tried to get help with ORD00564 twice. Still no answer. Really disappointed with the service. Please reply today. Sorry if I missed this information somewhere. Kind regards, Jamie Ivy.",2026-07-22 19:19,Complaint,ORD00564
EMAIL01152,CUST0140,I was charged twice,"I can see two charges for order ORD00274, but I only placed one order. Please look into this. Please reply as soon as possible. Please let me know what you need from me. Kind regards, Casey Lark.",2026-05-25 15:54,Payment Issue,ORD00274
EMAIL01103,CUST0051,Checkout error,"Hi, my payment keeps failing when I try to buy the Lumen Walking Shoe. The card works everywhere else. Please reply before the weekend. Please let me know what you need from me. Kind regards, Morgan Ember.",2026-07-14 20:15,Payment Issue,ORD00754
EMAIL01943,CUST0258,Exchange request,"I would like to exchange the Terra Canvas Tote from order ORD01170 for a different size or color. Please tell me the next steps. Please reply as soon as possible. A quick reply would be appreciated. Kind regards, Avery Fern.",2026-04-21 16:33,Exchange,ORD01170
EMAIL01885,CUST0271,Need a different size,"Hello, I received the Nova Wireless Earbuds from order ORD00937, but the size is wrong. Can I exchange it for a smaller size? Please reply today. A quick reply would be appreciated. Kind regards, Avery Dale.",2026-08-15 20:52,Exchange,ORD00937
EMAIL01029,CUST0224,Payment problem,"My card payment for ORD01085 is still pending in my bank app. Did the order go through? Please reply as soon as possible. Please let me know what you need from me. Kind regards, Taylor Ivy.",2026-07-09 10:55,Payment Issue,ORD01085
EMAIL01582,CUST0002,Very disappointed,"Dear support team, I am unhappy with order ORD00729. The Pioneer Insulated Bottle was not as described and this has been frustrating. Please reply this week. Sorry if I missed this information somewhere. Kind regards, Morgan Dale.",2026-05-27 13:30,Complaint,ORD00729
EMAIL01061,CUST0224,I was charged twice,"I can see two charges for order ORD00674, but I only placed one order. Please look into this. Please reply this week. Sorry if I missed this information somewhere. Kind regards, Taylor Ivy.",2026-08-18 14:01,Payment Issue,ORD00674
EMAIL00635,CUST0036,Accidental order,"Oops, I ordered the wrong item. Is it still possible to stop order ORD00761? Please reply today. Please let me know what you need from me. Kind regards, Taylor Fern.",2026-03-13 14:17,Cancellation,ORD00761
EMAIL01767,CUST0112,Complaint about delivery,"My package for ORD00685 arrived much later than promised and nobody sent an update. This is not acceptable. Please reply as soon as possible. Please let me know what you need from me. Kind regards, Jamie Ivy.",2026-03-27 10:13,Complaint,ORD00685
EMAIL01935,CUST0121,Wrong item size,"The item in order ORD00599 does not fit. I do not need a refund; I would prefer an exchange if possible. Please reply this week. I hope this can be resolved soon. Kind regards, Riley Grove.",2026-07-13 10:39,Exchange,ORD00599
EMAIL00155,CUST0163,Tracking update needed,"Could you check the delivery status of ORD00709? The tracking has not changed and I am starting to worry. Please reply as soon as possible. Sorry if I missed this information somewhere. Kind regards, Quinn Fern.",2026-04-16 15:01,Order Status,ORD00709
EMAIL01283,CUST0153,Is this in stock?,"Do you still have the Sage Denim Jacket available? I am looking for one as a gift. Please reply as soon as possible. A quick reply would be appreciated. Kind regards, Quinn Lark.",2026-07-15 17:26,Product Information,
EMAIL00119,CUST0100,Tracking update needed,"Could you check the delivery status of ORD00387? The tracking has not changed and I am starting to worry. Please reply today. I checked the help page but could not find a clear answer. Kind regards, Taylor Cove.",2026-01-13 12:04,Order Status,ORD00387
EMAIL01994,CUST0118,Can you replace this?,"Hi, the Atlas Training Shoe from ORD00361 is the wrong size. How can I swap it for the correct one? Please reply as soon as possible. I checked the help page but could not find a clear answer. Kind regards, Jordan Ivy.",2026-06-23 18:06,Exchange,ORD00361
EMAIL01806,CUST0256,Exchange request,"I would like to exchange the Echo Fleece Hoodie from order ORD00838 for a different size or color. Please tell me the next steps. Please reply this week. I checked the help page but could not find a clear answer. Kind regards, Morgan Cove.",2026-03-03 16:50,Exchange,ORD00838
EMAIL01717,CUST0055,Very disappointed,"Hello, I am unhappy with order ORD00265. The Summit Foam Roller was not as described and this has been frustrating. Please reply when you can. Sorry if I missed this information somewhere. Kind regards, Jamie Ivy.",2026-05-18 15:07,Complaint,ORD00265
EMAIL00506,CUST0275,Return request,"The Ember Coffee Grinder arrived damaged. I would like to return it and receive a refund for ORD00706. Please reply before the weekend. I checked the help page but could not find a clear answer. Kind regards, Rowan Lark.",2026-01-29 18:04,Return/Refund,ORD00706
EMAIL01511,CUST0222,Very disappointed,"Hello, I am unhappy with order ORD00626. The Drift Insulated Bottle was not as described and this has been frustrating. Please reply when you can. Sorry if I missed this information somewhere. Kind regards, Quinn Fern.",2026-01-30 08:41,Complaint,ORD00626
EMAIL01139,CUST0031,Payment problem,"My card payment for ORD00416 is still pending in my bank app. Did the order go through? Please reply as soon as possible. Sorry if I missed this information somewhere. Kind regards, Quinn Briar.",2026-07-12 08:24,Payment Issue,ORD00416
EMAIL01964,CUST0286,Exchange request,"I would like to exchange the Coast Cast Iron Pan from order ORD00543 for a different size or color. Please tell me the next steps. Please reply before the weekend. I hope this can be resolved soon. Kind regards, Jamie Grove.",2026-02-20 20:18,Exchange,ORD00543
EMAIL00560,CUST0110,Return request,"The Pioneer Trail Runner arrived damaged. I would like to return it and receive a refund for ORD00756. Please reply as soon as possible. Please let me know what you need from me. Kind regards, Avery Briar.",2026-05-23 13:36,Return/Refund,ORD00756
EMAIL00438,CUST0156,Return request,"The Nova Crossbody Bag arrived damaged. I would like to return it and receive a refund for ORD00287. Please reply this week. Please let me know what you need from me. Kind regards, Riley Lark.",2026-02-23 19:39,Return/Refund,ORD00287
EMAIL00473,CUST0164,Return request,"The Lumen Gentle Cleanser arrived damaged. I would like to return it and receive a refund for ORD00081. Please reply today. I checked the help page but could not find a clear answer. Kind regards, Casey Ember.",2026-06-07 09:33,Return/Refund,ORD00081
EMAIL01544,CUST0279,Complaint about delivery,"My package for ORD00098 arrived much later than promised and nobody sent an update. This is not acceptable. Please reply before the weekend. I hope this can be resolved soon. Kind regards, Casey Grove.",2026-06-27 08:07,Complaint,ORD00098
EMAIL01392,CUST0261,Question about Sage Ceramic Mug Set,"Hey, could you tell me more about the Sage Ceramic Mug Set? I need the size, material, and care details before ordering. Please reply when you can. Please let me know what you need from me. Kind regards, Casey Ivy.",2026-07-26 18:00,Product Information,ORD00605
EMAIL00443,CUST0246,I need to return an item,"Dear support team, I received the Aster Studio Microphone from order ORD00026, but it does not fit my needs. Please send the return instructions. Please reply this week. I hope this can be resolved soon. Kind regards, Riley Grove.",2026-04-27 10:04,Return/Refund,ORD00026
EMAIL01992,CUST0196,Need a different size,"Hello, I received the Nova Cast Iron Pan from order ORD00727, but the size is wrong. Can I exchange it for a smaller size? Please reply before the weekend. Please let me know what you need from me. Kind regards, Taylor Hollow.",2026-06-01 08:47,Exchange,ORD00727
EMAIL00703,CUST0268,Accidental order,"Oops, I ordered the wrong item. Is it still possible to stop order ORD00138? Please reply before the weekend. I checked the help page but could not find a clear answer. Kind regards, Morgan Lark.",2026-04-11 13:42,Cancellation,ORD00138
EMAIL00616,CUST0168,Accidental order,"Oops, I ordered the wrong item. Is it still possible to stop order ORD00593? Please reply as soon as possible. I checked the help page but could not find a clear answer. Kind regards, Riley Briar.",2026-01-03 18:08,Cancellation,ORD00593
EMAIL02095,CUST0215,Can you replace this?,"Hi, the Pioneer Portable Speaker from ORD00240 is the wrong size. How can I swap it for the correct one? Please reply as soon as possible. I hope this can be resolved soon. Kind regards, Rowan Hollow.",2026-03-22 19:02,Exchange,ORD00240
EMAIL00207,CUST0188,Where is my order?,"Hey, I placed order ORD00434 a few days ago and it still says shipped. Can you tell me when it will arrive? Thanks, Riley Hollow Please reply before the weekend. I hope this can be resolved soon. Kind regards, Riley Hollow.",2026-06-19 13:53,Order Status,ORD00434
EMAIL00071,CUST0111,Tracking update needed,"Could you check the delivery status of ORD00293? The tracking has not changed and I am starting to worry. Please reply when you can. I checked the help page but could not find a clear answer. Kind regards, Casey Ivy.",2026-02-06 09:17,Order Status,ORD00293
EMAIL01864,CUST0104,Exchange request,"I would like to exchange the Terra Canvas Tote from order ORD00676 for a different size or color. Please tell me the next steps. Please reply today. A quick reply would be appreciated. Kind regards, Rowan Briar.",2026-04-07 18:33,Exchange,ORD00676
EMAIL01834,CUST0011,Can you replace this?,"Hi, the Sage Gentle Cleanser from ORD00960 is the wrong size. How can I swap it for the correct one? Please reply this week. Sorry if I missed this information somewhere. Kind regards, Quinn Juniper.",2026-05-26 18:03,Exchange,ORD00960
EMAIL01853,CUST0194,Need a different size,"Dear support team, I received the Harbor Fleece Hoodie from order ORD00536, but the size is wrong. Can I exchange it for a smaller size? Please reply this week. I checked the help page but could not find a clear answer. Kind regards, Jamie Ivy.",2026-01-01 08:41,Exchange,ORD00536
EMAIL02280,CUST0117,Discount code question,"Do you have a student discount or a promo code I can use for the Sage Gentle Cleanser? Please reply before the weekend. A quick reply would be appreciated. Kind regards, Skyler Juniper.",2026-02-10 17:34,Other,ORD00142
EMAIL00851,CUST0203,Cancel order,"I no longer need the Cedar Night Cream. Can you cancel ORD00162 and refund the payment? Please reply this week. A quick reply would be appreciated. Kind regards, Quinn Ivy.",2026-01-20 09:42,Cancellation,ORD00162
EMAIL01437,CUST0111,Warranty question,"Hi, does the Willow Resistance Band Set come with a warranty? I could not find the answer on the product page. Please reply when you can. Please let me know what you need from me. Kind regards, Casey Ivy.",2026-05-19 12:32,Product Information,ORD01127
EMAIL00748,CUST0272,Accidental order,"Oops, I ordered the wrong item. Is it still possible to stop order ORD00176? Please reply when you can. I checked the help page but could not find a clear answer. Kind regards, Skyler Grove.",2026-04-21 11:39,Cancellation,ORD00176
EMAIL00759,CUST0276,Cancel order,"I no longer need the Pioneer Canvas Tote. Can you cancel ORD00021 and refund the payment? Please reply when you can. Sorry if I missed this information somewhere. Kind regards, Morgan Lark.",2026-02-21 19:55,Cancellation,ORD00021
EMAIL02258,CUST0073,Discount code question,"Do you have a student discount or a promo code I can use for the Echo Cast Iron Pan? Please reply as soon as possible. A quick reply would be appreciated. Kind regards, Rowan Fern.",2026-08-12 15:20,Other,ORD00189
EMAIL02383,CUST0053,Discount code question,"Do you have a student discount or a promo code I can use for the Nimbus Night Cream? Please reply when you can. Sorry if I missed this information somewhere. Kind regards, Morgan Cove.",2026-02-13 09:26,Other,ORD00286
EMAIL01434,CUST0185,Question about Solace Glass Storage Set,"Dear support team, could you tell me more about the Solace Glass Storage Set? I need the size, material, and care details before ordering. Please reply this week. Please let me know what you need from me. Kind regards, Morgan Dale.",2026-06-28 19:56,Product Information,ORD00479
EMAIL00090,CUST0067,Has my package shipped?,"Hi, I ordered a Echo Fleece Hoodie. Is order ORD00746 on its way yet? Please reply before the weekend. I hope this can be resolved soon. Kind regards, Jordan Fern.",2026-02-10 13:13,Order Status,ORD00746
EMAIL01380,CUST0290,Is this in stock?,"Do you still have the Willow Denim Jacket available? I am looking for one as a gift. Please reply this week. I hope this can be resolved soon. Kind regards, Casey Hollow.",2026-02-03 09:27,Product Information,
EMAIL02109,CUST0197,Change my address,"Hi, how do I update the delivery address saved in my account for future orders? Please reply before the weekend. A quick reply would be appreciated. Kind regards, Jamie Juniper.",2026-04-05 14:21,Other,
EMAIL00089,CUST0068,Tracking update needed,"Could you check the delivery status of ORD01193? The tracking has not changed and I am starting to worry. Please reply this week. A quick reply would be appreciated. Kind regards, Avery Ivy.",2026-04-22 11:06,Order Status,ORD01193
EMAIL01312,CUST0278,Question about Terra Studio Microphone,"Hello, could you tell me more about the Terra Studio Microphone? I need the size, material, and care details before ordering. Please reply this week. A quick reply would be appreciated. Kind regards, Jamie Cove.",2026-04-18 09:55,Product Information,ORD00462
EMAIL00417,CUST0083,Return request,"The Orbit Fleece Hoodie arrived damaged. I would like to return it and receive a refund for ORD01115. Please reply when you can. A quick reply would be appreciated. Kind regards, Riley Grove.",2026-04-04 09:50,Return/Refund,ORD01115
EMAIL01536,CUST0026,Poor experience,"I have tried to get help with ORD00270 twice. Still no answer. Really disappointed with the service. Please reply as soon as possible. A quick reply would be appreciated. Kind regards, Avery Cove.",2026-03-19 18:52,Complaint,ORD00270
EMAIL00333,CUST0239,I need to return an item,"Hello, I received the Nova Gentle Cleanser from order ORD00580, but it does not fit my needs. Please send the return instructions. Please reply today. Please let me know what you need from me. Kind regards, Riley Briar.",2026-04-06 08:09,Return/Refund,ORD00580
EMAIL00158,CUST0241,Where is my order?,"Hi, I placed order ORD00748 a few days ago and it still says processing. Can you tell me when it will arrive? Thanks, Quinn Fern Please reply before the weekend. I checked the help page but could not find a clear answer. Kind regards, Quinn Fern.",2026-03-27 17:06,Order Status,ORD00748
EMAIL02316,CUST0010,Discount code question,"Do you have a student discount or a promo code I can use for the Meadow Training Shoe? Please reply this week. Sorry if I missed this information somewhere. Kind regards, Taylor Grove.",2026-01-28 17:50,Other,
EMAIL00965,CUST0223,I was charged twice,"I can see two charges for order ORD00796, but I only placed one order. Please look into this. Please reply when you can. I checked the help page but could not find a clear answer. Kind regards, Casey Grove.",2026-05-24 08:21,Payment Issue,ORD00796
EMAIL00140,CUST0051,Tracking update needed,"Could you check the delivery status of ORD00339? The tracking has not changed and I am starting to worry. Please reply as soon as possible. Please let me know what you need from me. Kind regards, Morgan Ember.",2026-05-20 12:42,Order Status,ORD00339
EMAIL00808,CUST0024,Accidental order,"Oops, I ordered the wrong item. Is it still possible to stop order ORD00291? Please reply before the weekend. Please let me know what you need from me. Kind regards, Skyler Hollow.",2026-05-20 18:11,Cancellation,ORD00291
EMAIL02008,CUST0285,Exchange request,"I would like to exchange the Cedar Laptop Sleeve from order ORD00587 for a different size or color. Please tell me the next steps. Please reply today. I hope this can be resolved soon. Kind regards, Jamie Hollow.",2026-07-09 11:43,Exchange,ORD00587
EMAIL02306,CUST0199,Discount code question,"Do you have a student discount or a promo code I can use for the Brook Walking Shoe? Please reply as soon as possible. A quick reply would be appreciated. Kind regards, Rowan Briar.",2026-05-15 08:00,Other,ORD00354
EMAIL02363,CUST0190,Discount code question,"Do you have a student discount or a promo code I can use for the Atlas Coffee Grinder? Please reply when you can. I hope this can be resolved soon. Kind regards, Taylor Lark.",2026-05-17 19:38,Other,
EMAIL00290,CUST0161,Tracking update needed,"Could you check the delivery status of ORD00903? The tracking has not changed and I am starting to worry. Please reply this week. I checked the help page but could not find a clear answer. Kind regards, Skyler Grove.",2026-06-05 12:02,Order Status,ORD00903
EMAIL00028,CUST0139,Where is my order?,"Hi, I placed order ORD01160 a few days ago and it still says processing. Can you tell me when it will arrive? Thanks, Skyler Dale Please reply today. I hope this can be resolved soon. Kind regards, Skyler Dale.",2026-03-17 09:32,Order Status,ORD01160
EMAIL01207,CUST0005,Question about Ember Trail Runner,"Hey, could you tell me more about the Ember Trail Runner? I need the size, material, and care details before ordering. Please reply when you can. I hope this can be resolved soon. Kind regards, Skyler Briar.",2026-02-11 15:26,Product Information,ORD00232
EMAIL00063,CUST0189,Has my package shipped?,"Hi, I ordered a Sage Air Fryer. Is order ORD01031 on its way yet? Please reply when you can. Sorry if I missed this information somewhere. Kind regards, Quinn Ivy.",2026-04-04 16:54,Order Status,ORD01031
EMAIL01487,CUST0141,Warranty question,"Hi, does the Harbor Insulated Bottle come with a warranty? I could not find the answer on the product page. Please reply this week. Sorry if I missed this information somewhere. Kind regards, Riley Grove.",2026-03-06 14:06,Product Information,
EMAIL02379,CUST0271,Change my address,"Hi, how do I update the delivery address saved in my account for future orders? Please reply this week. Sorry if I missed this information somewhere. Kind regards, Avery Dale.",2026-05-10 09:55,Other,ORD00937
EMAIL00325,CUST0209,Refund status,"I returned order ORD00159 and have not received my refund. Can someone check the status for me? Please reply before the weekend. I checked the help page but could not find a clear answer. Kind regards, Morgan Ivy.",2026-06-04 20:51,Return/Refund,ORD00159
EMAIL01843,CUST0058,Can you replace this?,"Hi, the Echo Coffee Grinder from ORD00452 is the wrong size. How can I swap it for the correct one? Please reply before the weekend. I hope this can be resolved soon. Kind regards, Rowan Ivy.",2026-08-26 08:24,Exchange,ORD00452
EMAIL01038,CUST0136,Checkout error,"Hi, my payment keeps failing when I try to buy the Ember Gentle Cleanser. The card works everywhere else. Please reply when you can. I hope this can be resolved soon. Kind regards, Casey Ivy.",2026-08-14 13:44,Payment Issue,ORD00839
EMAIL01776,CUST0122,Very disappointed,"Hello, I am unhappy with order ORD01153. The Coast Trail Runner was not as described and this has been frustrating. Please reply this week. I hope this can be resolved soon. Kind regards, Jordan Dale.",2026-08-16 13:47,Complaint,ORD01153
EMAIL00169,CUST0261,Has my package shipped?,"Hi, I ordered a Harbor Cast Iron Pan. Is order ORD01174 on its way yet? Please reply this week. Sorry if I missed this information somewhere. Kind regards, Casey Ivy.",2026-05-12 09:11,Order Status,ORD01174
EMAIL00951,CUST0085,Payment problem,"My card payment for ORD00775 is still pending in my bank app. Did the order go through? Please reply today. A quick reply would be appreciated. Kind regards, Rowan Hollow.",2026-06-03 17:03,Payment Issue,ORD00775
EMAIL01999,CUST0014,Can you replace this?,"Hi, the Willow Denim Jacket from ORD00872 is the wrong size. How can I swap it for the correct one? Please reply today. Sorry if I missed this information somewhere. Kind regards, Casey Ember.",2026-06-14 12:22,Exchange,ORD00872
EMAIL01338,CUST0033,Is this in stock?,"Do you still have the Brook Vitamin C Set available? I am looking for one as a gift. Please reply today. Please let me know what you need from me. Kind regards, Rowan Lark.",2026-06-12 12:28,Product Information,ORD00086
EMAIL00986,CUST0220,Checkout error,"Hi, my payment keeps failing when I try to buy the Terra Bamboo Organizer. The card works everywhere else. Please reply as soon as possible. I hope this can be resolved soon. Kind regards, Quinn Cove.",2026-06-21 15:42,Payment Issue,ORD01066
EMAIL00565,CUST0247,Refund status,"I returned order ORD00267 and have not received my refund. Can someone check the status for me? Please reply before the weekend. I hope this can be resolved soon. Kind regards, Morgan Dale.",2026-05-04 16:09,Return/Refund,ORD00267
EMAIL00091,CUST0050,Where is my order?,"Hi, I placed order ORD00581 a few days ago and it still says processing. Can you tell me when it will arrive? Please help, Casey Briar Please reply this week. A quick reply would be appreciated. Kind regards, Casey Briar.",2026-01-08 17:45,Order Status,ORD00581
EMAIL00734,CUST0236,Please cancel my order,"Hi, please cancel order ORD00035 before it ships. I made this purchase by mistake. Please reply before the weekend. Please let me know what you need from me. Kind regards, Riley Ivy.",2026-04-17 19:53,Cancellation,ORD00035
EMAIL00181,CUST0291,Tracking update needed,"Could you check the delivery status of ORD00460? The tracking has not changed and I am starting to worry. Please reply as soon as possible. I checked the help page but could not find a clear answer. Kind regards, Riley Lark.",2026-05-26 09:08,Order Status,ORD00460
EMAIL02259,CUST0010,Discount code question,"Do you have a student discount or a promo code I can use for the Nova Fleece Hoodie? Please reply this week. Sorry if I missed this information somewhere. Kind regards, Taylor Grove.",2026-03-06 12:10,Other,
EMAIL00257,CUST0120,Tracking update needed,"Could you check the delivery status of ORD00484? The tracking has not changed and I am starting to worry. Please reply as soon as possible. A quick reply would be appreciated. Kind regards, Quinn Cove.",2026-05-22 19:15,Order Status,ORD00484
EMAIL01976,CUST0054,Wrong item size,"The item in order ORD00762 does not fit. I do not need a refund; I would prefer an exchange if possible. Please reply this week. I checked the help page but could not find a clear answer. Kind regards, Rowan Briar.",2026-03-12 10:25,Exchange,ORD00762
EMAIL00023,CUST0205,Where is my order?,"Hello, I placed order ORD01156 a few days ago and it still says shipped. Can you tell me when it will arrive? Thanks, Rowan Briar Please reply today. Sorry if I missed this information somewhere. Kind regards, Rowan Briar.",2026-03-04 15:58,Order Status,ORD01156
EMAIL00832,CUST0076,Cancel order,"I no longer need the Meadow Foam Roller. Can you cancel ORD00985 and refund the payment? Please reply today. I checked the help page but could not find a clear answer. Kind regards, Riley Juniper.",2026-03-03 12:57,Cancellation,ORD00985
EMAIL00814,CUST0075,Accidental order,"Oops, I ordered the wrong item. Is it still possible to stop order ORD00413? Please reply this week. Sorry if I missed this information somewhere. Kind regards, Riley Lark.",2026-05-15 15:46,Cancellation,ORD00413
EMAIL00660,CUST0236,Cancel order,"I no longer need the Pioneer Vitamin C Set. Can you cancel ORD00035 and refund the payment? Please reply as soon as possible. I checked the help page but could not find a clear answer. Kind regards, Riley Ivy.",2026-05-06 14:46,Cancellation,ORD00035
EMAIL00297,CUST0025,Where is my order?,"Hello, I placed order ORD00736 a few days ago and it still says shipped. Can you tell me when it will arrive? Please help, Morgan Dale Please reply today. Please let me know what you need from me. Kind regards, Morgan Dale.",2026-03-12 16:22,Order Status,ORD00736
EMAIL00240,CUST0137,Has my package shipped?,"Hi, I ordered a Lumen Cast Iron Pan. Is order ORD00177 on its way yet? Please reply today. Please let me know what you need from me. Kind regards, Taylor Ember.",2026-07-25 09:47,Order Status,ORD00177
EMAIL02173,CUST0087,Discount code question,"Do you have a student discount or a promo code I can use for the Nova Gentle Cleanser? Please reply before the weekend. I hope this can be resolved soon. Kind regards, Taylor Hollow.",2026-05-19 10:33,Other,ORD00659
EMAIL02114,CUST0049,Need account help,"Dear support team, I cannot log in after resetting my password. Can you help me access my account? Please reply before the weekend. Sorry if I missed this information somewhere. Kind regards, Jamie Hollow.",2026-03-18 12:52,Other,ORD01164
EMAIL00206,CUST0143,Tracking update needed,"Could you check the delivery status of ORD00133? The tracking has not changed and I am starting to worry. Please reply this week. Sorry if I missed this information somewhere. Kind regards, Skyler Hollow.",2026-01-10 17:17,Order Status,ORD00133
EMAIL01809,CUST0045,Need a different size,"Hello, I received the Coast Cast Iron Pan from order ORD00632, but the size is wrong. Can I exchange it for a smaller size? Please reply as soon as possible. I hope this can be resolved soon. Kind regards, Taylor Cove.",2026-06-19 14:42,Exchange,ORD00632
EMAIL02165,CUST0168,Need account help,"Hey, I cannot log in after resetting my password. Can you help me access my account? Please reply before the weekend. A quick reply would be appreciated. Kind regards, Riley Briar.",2026-05-30 10:57,Other,
EMAIL00720,CUST0206,Please cancel my order,"Hi, please cancel order ORD00978 before it ships. I made this purchase by mistake. Please reply when you can. Sorry if I missed this information somewhere. Kind regards, Morgan Cove.",2026-03-03 14:00,Cancellation,ORD00978
EMAIL01119,CUST0241,I was charged twice,"I can see two charges for order ORD00748, but I only placed one order. Please look into this. Please reply as soon as possible. I checked the help page but could not find a clear answer. Kind regards, Quinn Fern.",2026-01-24 20:22,Payment Issue,ORD00748
EMAIL02365,CUST0070,Discount code question,"Do you have a student discount or a promo code I can use for the Ember Denim Jacket? Please reply this week. A quick reply would be appreciated. Kind regards, Taylor Cove.",2026-04-03 13:08,Other,ORD00677
EMAIL00293,CUST0192,Where is my order?,"Hello, I placed order ORD00184 a few days ago and it still says delivered. Can you tell me when it will arrive? Thank you, Riley Lark Please reply today. Sorry if I missed this information somewhere. Kind regards, Riley Lark.",2026-08-02 09:03,Order Status,ORD00184
EMAIL01745,CUST0050,Very disappointed,"Hi, I am unhappy with order ORD00972. The Cedar Air Fryer was not as described and this has been frustrating. Please reply this week. Please let me know what you need from me. Kind regards, Casey Briar.",2026-01-01 10:47,Complaint,ORD00972
EMAIL00756,CUST0127,Cancel order,"I no longer need the Harbor Wireless Earbuds. Can you cancel ORD01036 and refund the payment? Please reply today. Please let me know what you need from me. Kind regards, Jamie Hollow.",2026-01-01 14:29,Cancellation,ORD01036
EMAIL00173,CUST0210,Has my package shipped?,"Hi, I ordered a Drift Hydrating Serum. Is order ORD01084 on its way yet? Please reply when you can. A quick reply would be appreciated. Kind regards, Morgan Lark.",2026-01-25 18:06,Order Status,ORD01084
EMAIL00805,CUST0154,Cancel order,"I no longer need the Ember Resistance Band Set. Can you cancel ORD00481 and refund the payment? Please reply when you can. I checked the help page but could not find a clear answer. Kind regards, Avery Ivy.",2026-03-04 14:48,Cancellation,ORD00481
EMAIL01005,CUST0195,Checkout error,"Hi, my payment keeps failing when I try to buy the Drift Noise-Canceling Headphones. The card works everywhere else. Please reply this week. Sorry if I missed this information somewhere. Kind regards, Jamie Grove.",2026-06-28 17:35,Payment Issue,ORD00950
EMAIL01775,CUST0192,Complaint about delivery,"My package for ORD00184 arrived much later than promised and nobody sent an update. This is not acceptable. Please reply as soon as possible. Sorry if I missed this information somewhere. Kind regards, Riley Lark.",2026-07-04 13:42,Complaint,ORD00184
EMAIL02182,CUST0250,Change my address,"Hi, how do I update the delivery address saved in my account for future orders? Please reply before the weekend. Please let me know what you need from me. Kind regards, Quinn Cove.",2026-04-30 11:39,Other,
EMAIL01959,CUST0103,Exchange request,"I would like to exchange the Cedar Night Cream from order ORD00148 for a different size or color. Please tell me the next steps. Please reply as soon as possible. Sorry if I missed this information somewhere. Kind regards, Jamie Dale.",2026-02-05 12:44,Exchange,ORD00148
EMAIL02066,CUST0093,Can you replace this?,"Hi, the Solace Daily Runner from ORD00619 is the wrong size. How can I swap it for the correct one? Please reply when you can. A quick reply would be appreciated. Kind regards, Rowan Grove.",2026-07-26 12:43,Exchange,ORD00619
EMAIL00372,CUST0007,Return request,"The Coast Denim Jacket arrived damaged. I would like to return it and receive a refund for ORD00540. Please reply today. Sorry if I missed this information somewhere. Kind regards, Riley Briar.",2026-06-10 09:21,Return/Refund,ORD00540
EMAIL01991,CUST0124,Exchange request,"I would like to exchange the Willow Portable Speaker from order ORD00014 for a different size or color. Please tell me the next steps. Please reply as soon as possible. Please let me know what you need from me. Kind regards, Taylor Juniper.",2026-07-16 13:28,Exchange,ORD00014
EMAIL00194,CUST0147,Has my package shipped?,"Hi, I ordered a Coast Portable Speaker. Is order ORD00306 on its way yet? Please reply when you can. Please let me know what you need from me. Kind regards, Rowan Grove.",2026-02-03 17:25,Order Status,ORD00306
EMAIL01201,CUST0148,Question about Willow Denim Jacket,"Hi, could you tell me more about the Willow Denim Jacket? I need the size, material, and care details before ordering. Please reply when you can. Sorry if I missed this information somewhere. Kind regards, Casey Hollow.",2026-05-24 15:25,Product Information,ORD00758
EMAIL00915,CUST0004,Payment problem,"My card payment for ORD00557 is still pending in my bank app. Did the order go through? Please reply today. I checked the help page but could not find a clear answer. Kind regards, Avery Cove.",2026-05-14 11:26,Payment Issue,ORD00557
EMAIL01049,CUST0251,Checkout error,"Hi, my payment keeps failing when I try to buy the Willow Glass Storage Set. The card works everywhere else. Please reply today. Please let me know what you need from me. Kind regards, Jamie Juniper.",2026-02-18 13:24,Payment Issue,ORD00653
EMAIL00561,CUST0172,Refund status,"I returned order ORD00417 and have not received my refund. Can someone check the status for me? Please reply this week. A quick reply would be appreciated. Kind regards, Jordan Briar.",2026-07-01 17:39,Return/Refund,ORD00417
EMAIL01579,CUST0080,Complaint about delivery,"My package for ORD00315 arrived much later than promised and nobody sent an update. This is not acceptable. Please reply when you can. I checked the help page but could not find a clear answer. Kind regards, Jamie Juniper.",2026-05-26 15:27,Complaint,ORD00315
EMAIL01804,CUST0271,Need a different size,"Hey, I received the Terra Studio Microphone from order ORD00753, but the size is wrong. Can I exchange it for a smaller size? Please reply when you can. I hope this can be resolved soon. Kind regards, Avery Dale.",2026-04-28 18:19,Exchange,ORD00753
EMAIL02018,CUST0071,Can you replace this?,"Hi, the Pioneer Vitamin C Set from ORD00928 is the wrong size. How can I swap it for the correct one? Please reply this week. A quick reply would be appreciated. Kind regards, Jordan Ivy.",2026-01-07 13:23,Exchange,ORD00928
EMAIL01527,CUST0182,Complaint about delivery,"My package for ORD01183 arrived much later than promised and nobody sent an update. This is not acceptable. Please reply when you can. Sorry if I missed this information somewhere. Kind regards, Avery Ember.",2026-07-13 11:25,Complaint,ORD01183
EMAIL00208,CUST0138,Where is my order?,"Dear support team, I placed order ORD00220 a few days ago and it still says delivered. Can you tell me when it will arrive? Please help, Avery Briar Please reply as soon as possible. I checked the help page but could not find a clear answer. Kind regards, Avery Briar.",2026-04-30 08:22,Order Status,ORD00220
EMAIL01556,CUST0059,Complaint about delivery,"My package for ORD00087 arrived much later than promised and nobody sent an update. This is not acceptable. Please reply when you can. I checked the help page but could not find a clear answer. Kind regards, Morgan Briar.",2026-05-23 08:33,Complaint,ORD00087
EMAIL01471,CUST0257,Warranty question,"Hi, does the Solace Insulated Bottle come with a warranty? I could not find the answer on the product page. Please reply today. Sorry if I missed this information somewhere. Kind regards, Riley Hollow.",2026-02-26 13:41,Product Information,ORD00359
EMAIL00638,CUST0035,Cancel order,"I no longer need the Pioneer Trail Runner. Can you cancel ORD00629 and refund the payment? Please reply this week. I hope this can be resolved soon. Kind regards, Skyler Grove.",2026-02-28 13:59,Cancellation,ORD00629
EMAIL02396,CUST0158,Need account help,"Hey, I cannot log in after resetting my password. Can you help me access my account? Please reply as soon as possible. A quick reply would be appreciated. Kind regards, Jamie Ivy.",2026-02-23 19:03,Other,ORD01092
EMAIL00395,CUST0080,Return request,"The Aster Daily Runner arrived damaged. I would like to return it and receive a refund for ORD00402. Please reply today. Sorry if I missed this information somewhere. Kind regards, Jamie Juniper.",2026-03-04 13:36,Return/Refund,ORD00402
EMAIL00646,CUST0228,Please cancel my order,"Hey, please cancel order ORD01068 before it ships. I made this purchase by mistake. Please reply when you can. I checked the help page but could not find a clear answer. Kind regards, Avery Fern.",2026-04-03 20:51,Cancellation,ORD01068
EMAIL00485,CUST0075,Refund status,"I returned order ORD00624 and have not received my refund. Can someone check the status for me? Please reply today. Please let me know what you need from me. Kind regards, Riley Lark.",2026-01-16 15:51,Return/Refund,ORD00624
EMAIL01741,CUST0111,Complaint about delivery,"My package for ORD00293 arrived much later than promised and nobody sent an update. This is not acceptable. Please reply before the weekend. Sorry if I missed this information somewhere. Kind regards, Casey Ivy.",2026-08-21 13:27,Complaint,ORD00293
EMAIL00681,CUST0006,Please cancel my order,"Hello, please cancel order ORD00334 before it ships. I made this purchase by mistake. Please reply today. I hope this can be resolved soon. Kind regards, Rowan Hollow.",2026-02-25 18:33,Cancellation,ORD00334
EMAIL00827,CUST0206,Accidental order,"Oops, I ordered the wrong item. Is it still possible to stop order ORD01058? Please reply today. I checked the help page but could not find a clear answer. Kind regards, Morgan Cove.",2026-07-11 10:27,Cancellation,ORD01058
EMAIL02124,CUST0089,Discount code question,"Do you have a student discount or a promo code I can use for the Echo Noise-Canceling Headphones? Please reply when you can. Please let me know what you need from me. Kind regards, Morgan Ember.",2026-01-24 09:18,Other,
EMAIL00042,CUST0057,Has my package shipped?,"Hi, I ordered a Summit Night Cream. Is order ORD01189 on its way yet? Please reply when you can. I checked the help page but could not find a clear answer. Kind regards, Riley Ivy.",2026-02-07 13:09,Order Status,ORD01189
EMAIL01263,CUST0095,Question about Summit Night Cream,"Hello, could you tell me more about the Summit Night Cream? I need the size, material, and care details before ordering. Please reply when you can. I checked the help page but could not find a clear answer. Kind regards, Skyler Hollow.",2026-02-19 10:01,Product Information,ORD00036
EMAIL01272,CUST0105,Warranty question,"Hi, does the Sage Training Shoe come with a warranty? I could not find the answer on the product page. Please reply today. I hope this can be resolved soon. Kind regards, Jamie Lark.",2026-03-28 18:07,Product Information,
EMAIL01744,CUST0174,Complaint about delivery,"My package for ORD00996 arrived much later than promised and nobody sent an update. This is not acceptable. Please reply as soon as possible. Sorry if I missed this information somewhere. Kind regards, Avery Dale.",2026-08-06 12:51,Complaint,ORD00996
EMAIL01695,CUST0112,Very disappointed,"Hi, I am unhappy with order ORD01181. The Cedar Resistance Band Set was not as described and this has been frustrating. Please reply this week. I checked the help page but could not find a clear answer. Kind regards, Jamie Ivy.",2026-04-30 16:32,Complaint,ORD01181
EMAIL00328,CUST0104,I need to return an item,"Dear support team, I received the Cedar Bamboo Organizer from order ORD00800, but it does not fit my needs. Please send the return instructions. Please reply as soon as possible. Please let me know what you need from me. Kind regards, Rowan Briar.",2026-01-11 09:55,Return/Refund,ORD00800
EMAIL01425,CUST0053,Is this in stock?,"Do you still have the Echo Laptop Sleeve available? I am looking for one as a gift. Please reply today. I checked the help page but could not find a clear answer. Kind regards, Morgan Cove.",2026-01-20 11:28,Product Information,ORD00355
EMAIL01971,CUST0103,Exchange request,"I would like to exchange the Cedar Night Cream from order ORD00148 for a different size or color. Please tell me the next steps. Please reply as soon as possible. A quick reply would be appreciated. Kind regards, Jamie Dale.",2026-08-05 17:20,Exchange,ORD00148
EMAIL00942,CUST0130,Payment problem,"My card payment for ORD00451 is still pending in my bank app. Did the order go through? Please reply this week. A quick reply would be appreciated. Kind regards, Jamie Dale.",2026-04-21 14:21,Payment Issue,ORD00451
EMAIL00504,CUST0241,Refund status,"I returned order ORD00582 and have not received my refund. Can someone check the status for me? Please reply when you can. Please let me know what you need from me. Kind regards, Quinn Fern.",2026-05-10 09:14,Return/Refund,ORD00582
EMAIL01721,CUST0220,Very disappointed,"Dear support team, I am unhappy with order ORD01066. The Terra Bamboo Organizer was not as described and this has been frustrating. Please reply today. Sorry if I missed this information somewhere. Kind regards, Quinn Cove.",2026-02-25 10:39,Complaint,ORD01066
EMAIL02194,CUST0125,Need account help,"Hey, I cannot log in after resetting my password. Can you help me access my account? Please reply as soon as possible. I checked the help page but could not find a clear answer. Kind regards, Morgan Hollow.",2026-04-27 10:08,Other,ORD00363
EMAIL01339,CUST0045,Question about Nova Gentle Cleanser,"Dear support team, could you tell me more about the Nova Gentle Cleanser? I need the size, material, and care details before ordering. Please reply this week. Sorry if I missed this information somewhere. Kind regards, Taylor Cove.",2026-05-26 10:22,Product Information,
EMAIL00095,CUST0055,Where is my order?,"Dear support team, I placed order ORD00216 a few days ago and it still says processing. Can you tell me when it will arrive? Thanks, Jamie Ivy Please reply when you can. Please let me know what you need from me. Kind regards, Jamie Ivy.",2026-03-09 10:05,Order Status,ORD00216
EMAIL00190,CUST0103,Where is my order?,"Hi, I placed order ORD00673 a few days ago and it still says shipped. Can you tell me when it will arrive? Please help, Jamie Dale Please reply as soon as possible. Sorry if I missed this information somewhere. Kind regards, Jamie Dale.",2026-06-28 10:27,Order Status,ORD00673
EMAIL00727,CUST0141,Cancel order,"I no longer need the Ember Crossbody Bag. Can you cancel ORD00574 and refund the payment? Please reply today. I hope this can be resolved soon. Kind regards, Riley Grove.",2026-07-16 20:34,Cancellation,ORD00574
EMAIL00924,CUST0158,I was charged twice,"I can see two charges for order ORD00564, but I only placed one order. Please look into this. Please reply before the weekend. Please let me know what you need from me. Kind regards, Jamie Ivy.",2026-06-29 11:50,Payment Issue,ORD00564
EMAIL01366,CUST0127,Question about Aster Laptop Sleeve,"Hey, could you tell me more about the Aster Laptop Sleeve? I need the size, material, and care details before ordering. Please reply as soon as possible. A quick reply would be appreciated. Kind regards, Jamie Hollow.",2026-06-07 15:05,Product Information,ORD00681
EMAIL01706,CUST0208,Poor experience,"I have tried to get help with ORD00600 twice. Still no answer. Really disappointed with the service. Please reply this week. I checked the help page but could not find a clear answer. Kind regards, Riley Hollow.",2026-06-11 13:47,Complaint,ORD00600
EMAIL01936,CUST0028,Exchange request,"I would like to exchange the Nova Yoga Mat from order ORD00093 for a different size or color. Please tell me the next steps. Please reply as soon as possible. Sorry if I missed this information somewhere. Kind regards, Skyler Ivy.",2026-04-19 09:15,Exchange,ORD00093
EMAIL01833,CUST0166,Can you replace this?,"Hi, the Cedar Air Fryer from ORD00495 is the wrong size. How can I swap it for the correct one? Please reply before the weekend. I hope this can be resolved soon. Kind regards, Skyler Juniper.",2026-05-27 12:44,Exchange,ORD00495
EMAIL02360,CUST0043,Need account help,"Hey, I cannot log in after resetting my password. Can you help me access my account? Please reply as soon as possible. I hope this can be resolved soon. Kind regards, Skyler Juniper.",2026-04-10 15:59,Other,ORD00866
EMAIL00404,CUST0203,Refund status,"I returned order ORD00162 and have not received my refund. Can someone check the status for me? Please reply as soon as possible. A quick reply would be appreciated. Kind regards, Quinn Ivy.",2026-03-08 11:37,Return/Refund,ORD00162
EMAIL01133,CUST0027,I was charged twice,"I can see two charges for order ORD00691, but I only placed one order. Please look into this. Please reply today. I checked the help page but could not find a clear answer. Kind regards, Jamie Lark.",2026-03-30 19:50,Payment Issue,ORD00691
EMAIL01003,CUST0284,Payment problem,"My card payment for ORD00144 is still pending in my bank app. Did the order go through? Please reply this week. A quick reply would be appreciated. Kind regards, Quinn Ember.",2026-01-25 12:05,Payment Issue,ORD00144
EMAIL00988,CUST0220,I was charged twice,"I can see two charges for order ORD00102, but I only placed one order. Please look into this. Please reply as soon as possible. I hope this can be resolved soon. Kind regards, Quinn Cove.",2026-06-14 11:11,Payment Issue,ORD00102
EMAIL01567,CUST0199,Complaint about delivery,"My package for ORD00354 arrived much later than promised and nobody sent an update. This is not acceptable. Please reply this week. I checked the help page but could not find a clear answer. Kind regards, Rowan Briar.",2026-02-03 13:37,Complaint,ORD00354
EMAIL02161,CUST0146,Change my address,"Hi, how do I update the delivery address saved in my account for future orders? Please reply this week. A quick reply would be appreciated. Kind regards, Rowan Hollow.",2026-05-03 14:26,Other,ORD00925
EMAIL00661,CUST0233,Cancel order,"I no longer need the Ember Resistance Band Set. Can you cancel ORD00915 and refund the payment? Please reply before the weekend. A quick reply would be appreciated. Kind regards, Riley Ivy.",2026-03-10 13:58,Cancellation,ORD00915
EMAIL01532,CUST0232,Very disappointed,"Dear support team, I am unhappy with order ORD00684. The Willow Canvas Tote was not as described and this has been frustrating. Please reply today. Sorry if I missed this information somewhere. Kind regards, Skyler Dale.",2026-05-04 18:28,Complaint,ORD00684
EMAIL01704,CUST0203,Poor experience,"I have tried to get help with ORD00162 twice. Still no answer. Really disappointed with the service. Please reply before the weekend. I hope this can be resolved soon. Kind regards, Quinn Ivy.",2026-05-12 15:26,Complaint,ORD00162
EMAIL00685,CUST0103,Cancel order,"I no longer need the Cedar Night Cream. Can you cancel ORD00148 and refund the payment? Please reply when you can. I checked the help page but could not find a clear answer. Kind regards, Jamie Dale.",2026-01-12 12:00,Cancellation,ORD00148
EMAIL00465,CUST0202,Refund status,"I returned order ORD00848 and have not received my refund. Can someone check the status for me? Please reply as soon as possible. Please let me know what you need from me. Kind regards, Morgan Fern.",2026-04-04 11:20,Return/Refund,ORD00848
EMAIL00064,CUST0163,Has my package shipped?,"Hi, I ordered a Sage Gentle Cleanser. Is order ORD00709 on its way yet? Please reply as soon as possible. Please let me know what you need from me. Kind regards, Quinn Fern.",2026-08-13 18:02,Order Status,ORD00709
EMAIL01522,CUST0139,Poor experience,"I have tried to get help with ORD00047 twice. Still no answer. Really disappointed with the service. Please reply before the weekend. A quick reply would be appreciated. Kind regards, Skyler Dale.",2026-05-09 13:40,Complaint,ORD00047
EMAIL00147,CUST0243,Tracking update needed,"Could you check the delivery status of ORD00229? The tracking has not changed and I am starting to worry. Please reply as soon as possible. Please let me know what you need from me. Kind regards, Riley Dale.",2026-01-17 20:18,Order Status,ORD00229
EMAIL01629,CUST0263,Complaint about delivery,"My package for ORD00718 arrived much later than promised and nobody sent an update. This is not acceptable. Please reply when you can. I checked the help page but could not find a clear answer. Kind regards, Morgan Grove.",2026-01-18 15:14,Complaint,ORD00718
EMAIL01085,CUST0187,Payment problem,"My card payment for ORD00411 is still pending in my bank app. Did the order go through? Please reply when you can. Sorry if I missed this information somewhere. Kind regards, Skyler Fern.",2026-05-16 08:25,Payment Issue,ORD00411
EMAIL02400,CUST0108,Discount code question,"Do you have a student discount or a promo code I can use for the Ember Resistance Band Set? Please reply before the weekend. I checked the help page but could not find a clear answer. Kind regards, Rowan Lark.",2026-01-05 14:06,Other,ORD00408
EMAIL00757,CUST0084,Accidental order,"Oops, I ordered the wrong item. Is it still possible to stop order ORD00734? Please reply before the weekend. A quick reply would be appreciated. Kind regards, Morgan Ember.",2026-04-16 09:56,Cancellation,ORD00734
EMAIL00135,CUST0107,Has my package shipped?,"Hi, I ordered a Lumen Cast Iron Pan. Is order ORD01146 on its way yet? Please reply today. I checked the help page but could not find a clear answer. Kind regards, Quinn Dale.",2026-02-17 16:58,Order Status,ORD01146
EMAIL01179,CUST0290,Payment problem,"My card payment for ORD00927 is still pending in my bank app. Did the order go through? Please reply as soon as possible. Please let me know what you need from me. Kind regards, Casey Hollow.",2026-05-17 12:49,Payment Issue,ORD00927
EMAIL00707,CUST0079,Accidental order,"Oops, I ordered the wrong item. Is it still possible to stop order ORD00200? Please reply before the weekend. I hope this can be resolved soon. Kind regards, Riley Dale.",2026-03-03 19:30,Cancellation,ORD00200
EMAIL00165,CUST0126,Tracking update needed,"Could you check the delivery status of ORD00015? The tracking has not changed and I am starting to worry. Please reply before the weekend. Please let me know what you need from me. Kind regards, Jamie Ivy.",2026-06-20 09:37,Order Status,ORD00015
EMAIL01921,CUST0219,Can you replace this?,"Hi, the Summit Air Fryer from ORD00019 is the wrong size. How can I swap it for the correct one? Please reply this week. I checked the help page but could not find a clear answer. Kind regards, Avery Dale.",2026-01-22 13:02,Exchange,ORD00019
EMAIL00994,CUST0143,Checkout error,"Hi, my payment keeps failing when I try to buy the Summit Training Shoe. The card works everywhere else. Please reply this week. A quick reply would be appreciated. Kind regards, Skyler Hollow.",2026-03-10 16:25,Payment Issue,ORD00963
EMAIL00999,CUST0025,Payment problem,"My card payment for ORD00736 is still pending in my bank app. Did the order go through? Please reply before the weekend. I checked the help page but could not find a clear answer. Kind regards, Morgan Dale.",2026-08-21 10:23,Payment Issue,ORD00736
EMAIL01849,CUST0242,Exchange request,"I would like to exchange the Orbit Bamboo Organizer from order ORD00833 for a different size or color. Please tell me the next steps. Please reply this week. A quick reply would be appreciated. Kind regards, Taylor Ember.",2026-08-19 14:24,Exchange,ORD00833
EMAIL01934,CUST0123,Need a different size,"Dear support team, I received the Willow Resistance Band Set from order ORD00351, but the size is wrong. Can I exchange it for a smaller size? Please reply before the weekend. I hope this can be resolved soon. Kind regards, Jordan Ember.",2026-01-12 10:33,Exchange,ORD00351
EMAIL00294,CUST0232,Has my package shipped?,"Hi, I ordered a Atlas Cast Iron Pan. Is order ORD00108 on its way yet? Please reply before the weekend. A quick reply would be appreciated. Kind regards, Skyler Dale.",2026-06-17 17:47,Order Status,ORD00108
EMAIL00860,CUST0090,Please cancel my order,"Hey, please cancel order ORD00386 before it ships. I made this purchase by mistake. Please reply as soon as possible. I hope this can be resolved soon. Kind regards, Riley Ember.",2026-08-26 09:29,Cancellation,ORD00386
EMAIL01476,CUST0090,Question about Meadow Vitamin C Set,"Hello, could you tell me more about the Meadow Vitamin C Set? I need the size, material, and care details before ordering. Please reply before the weekend. Please let me know what you need from me. Kind regards, Riley Ember.",2026-08-14 11:39,Product Information,ORD00346
EMAIL01901,CUST0271,Can you replace this?,"Hi, the Terra Studio Microphone from ORD00753 is the wrong size. How can I swap it for the correct one? Please reply today. Sorry if I missed this information somewhere. Kind regards, Avery Dale.",2026-08-11 08:46,Exchange,ORD00753
EMAIL01718,CUST0169,Poor experience,"I have tried to get help with ORD01161 twice. Still no answer. Really disappointed with the service. Please reply today. I hope this can be resolved soon. Kind regards, Riley Briar.",2026-06-13 15:56,Complaint,ORD01161
EMAIL00308,CUST0054,I need to return an item,"Hey, I received the Drift Rain Jacket from order ORD00914, but it does not fit my needs. Please send the return instructions. Please reply as soon as possible. I hope this can be resolved soon. Kind regards, Rowan Briar.",2026-02-17 20:01,Return/Refund,ORD00914
EMAIL00118,CUST0117,Where is my order?,"Hi, I placed order ORD00142 a few days ago and it still says processing. Can you tell me when it will arrive? Thank you, Skyler Juniper Please reply before the weekend. Sorry if I missed this information somewhere. Kind regards, Skyler Juniper.",2026-02-27 10:05,Order Status,ORD00142
EMAIL00454,CUST0027,I need to return an item,"Dear support team, I received the Sage Wireless Earbuds from order ORD00691, but it does not fit my needs. Please send the return instructions. Please reply when you can. I hope this can be resolved soon. Kind regards, Jamie Lark.",2026-07-17 16:41,Return/Refund,ORD00691
EMAIL01802,CUST0033,Need a different size,"Hey, I received the Brook Vitamin C Set from order ORD00086, but the size is wrong. Can I exchange it for a smaller size? Please reply today. Sorry if I missed this information somewhere. Kind regards, Rowan Lark.",2026-01-30 11:56,Exchange,ORD00086
EMAIL01844,CUST0092,Exchange request,"I would like to exchange the Orbit Studio Microphone from order ORD01050 for a different size or color. Please tell me the next steps. Please reply before the weekend. A quick reply would be appreciated. Kind regards, Riley Grove.",2026-04-05 15:03,Exchange,ORD01050
EMAIL00728,CUST0243,Accidental order,"Oops, I ordered the wrong item. Is it still possible to stop order ORD01019? Please reply this week. Please let me know what you need from me. Kind regards, Riley Dale.",2026-07-21 09:22,Cancellation,ORD01019
EMAIL01524,CUST0009,Poor experience,"I have tried to get help with ORD00032 twice. Still no answer. Really disappointed with the service. Please reply today. Please let me know what you need from me. Kind regards, Taylor Cove.",2026-06-22 14:03,Complaint,ORD00032
EMAIL01603,CUST0137,Complaint about delivery,"My package for ORD00177 arrived much later than promised and nobody sent an update. This is not acceptable. Please reply today. I hope this can be resolved soon. Kind regards, Taylor Ember.",2026-07-04 17:35,Complaint,ORD00177
EMAIL01826,CUST0004,Wrong item size,"The item in order ORD01094 does not fit. I do not need a refund; I would prefer an exchange if possible. Please reply as soon as possible. I hope this can be resolved soon. Kind regards, Avery Cove.",2026-01-11 17:48,Exchange,ORD01094
EMAIL00645,CUST0144,Please cancel my order,"Hello, please cancel order ORD00221 before it ships. I made this purchase by mistake. Please reply as soon as possible. Sorry if I missed this information somewhere. Kind regards, Skyler Ember.",2026-06-02 09:30,Cancellation,ORD00221
EMAIL01341,CUST0123,Is this in stock?,"Do you still have the Nimbus Foam Roller available? I am looking for one as a gift. Please reply today. A quick reply would be appreciated. Kind regards, Jordan Ember.",2026-05-20 17:26,Product Information,
EMAIL00246,CUST0094,Has my package shipped?,"Hi, I ordered a Sage Denim Jacket. Is order ORD00090 on its way yet? Please reply as soon as possible. I hope this can be resolved soon. Kind regards, Jordan Lark.",2026-03-02 18:22,Order Status,ORD00090
EMAIL00665,CUST0228,Cancel order,"I no longer need the Aster Quilted Vest. Can you cancel ORD01068 and refund the payment? Please reply before the weekend. A quick reply would be appreciated. Kind regards, Avery Fern.",2026-05-14 09:14,Cancellation,ORD01068
EMAIL02111,CUST0295,Discount code question,"Do you have a student discount or a promo code I can use for the Atlas Training Shoe? Please reply today. Please let me know what you need from me. Kind regards, Morgan Hollow.",2026-03-13 15:43,Other,
EMAIL01039,CUST0036,Checkout error,"Hi, my payment keeps failing when I try to buy the Pioneer Compact Blender. The card works everywhere else. Please reply this week. I checked the help page but could not find a clear answer. Kind regards, Taylor Fern.",2026-01-04 18:43,Payment Issue,ORD00637
EMAIL01193,CUST0039,Checkout error,"Hi, my payment keeps failing when I try to buy the Drift Trail Runner. The card works everywhere else. Please reply today. A quick reply would be appreciated. Kind regards, Jordan Fern.",2026-03-20 09:12,Payment Issue,ORD01155
EMAIL00991,CUST0147,Checkout error,"Hi, my payment keeps failing when I try to buy the Harbor Wireless Earbuds. The card works everywhere else. Please reply when you can. Please let me know what you need from me. Kind regards, Rowan Grove.",2026-06-06 14:01,Payment Issue,ORD00896
EMAIL01795,CUST0138,Complaint about delivery,"My package for ORD00205 arrived much later than promised and nobody sent an update. This is not acceptable. Please reply as soon as possible. I hope this can be resolved soon. Kind regards, Avery Briar.",2026-02-25 08:04,Complaint,ORD00205
EMAIL00956,CUST0181,I was charged twice,"I can see two charges for order ORD00358, but I only placed one order. Please look into this. Please reply when you can. Please let me know what you need from me. Kind regards, Avery Hollow.",2026-05-03 09:08,Payment Issue,ORD00358
EMAIL00380,CUST0093,Return request,"The Brook Air Fryer arrived damaged. I would like to return it and receive a refund for ORD00539. Please reply before the weekend. Please let me know what you need from me. Kind regards, Rowan Grove.",2026-08-11 16:15,Return/Refund,ORD00539
EMAIL01624,CUST0285,Poor experience,"I have tried to get help with ORD00956 twice. Still no answer. Really disappointed with the service. Please reply when you can. Please let me know what you need from me. Kind regards, Jamie Hollow.",2026-08-15 12:48,Complaint,ORD00956
EMAIL00627,CUST0023,Cancel order,"I no longer need the Drift Hydrating Serum. Can you cancel ORD00323 and refund the payment? Please reply when you can. Sorry if I missed this information somewhere. Kind regards, Riley Dale.",2026-01-03 13:03,Cancellation,ORD00323
EMAIL00352,CUST0262,Refund status,"I returned order ORD00367 and have not received my refund. Can someone check the status for me? Please reply this week. A quick reply would be appreciated. Kind regards, Avery Grove.",2026-02-12 17:40,Return/Refund,ORD00367
EMAIL00582,CUST0111,Refund status,"I returned order ORD00293 and have not received my refund. Can someone check the status for me? Please reply this week. Please let me know what you need from me. Kind regards, Casey Ivy.",2026-05-11 14:10,Return/Refund,ORD00293
EMAIL01094,CUST0093,Checkout error,"Hi, my payment keeps failing when I try to buy the Aster Laptop Sleeve. The card works everywhere else. Please reply this week. Please let me know what you need from me. Kind regards, Rowan Grove.",2026-08-24 11:20,Payment Issue,ORD00532
EMAIL00507,CUST0213,Return request,"The Nimbus Canvas Tote arrived damaged. I would like to return it and receive a refund for ORD00877. Please reply before the weekend. Please let me know what you need from me. Kind regards, Skyler Ivy.",2026-01-10 10:57,Return/Refund,ORD00877
EMAIL01587,CUST0094,Poor experience,"I have tried to get help with ORD00090 twice. Still no answer. Really disappointed with the service. Please reply this week. I hope this can be resolved soon. Kind regards, Jordan Lark.",2026-07-04 09:37,Complaint,ORD00090
EMAIL02168,CUST0210,Change my address,"Hi, how do I update the delivery address saved in my account for future orders? Please reply today. A quick reply would be appreciated. Kind regards, Morgan Lark.",2026-01-22 13:20,Other,
EMAIL02311,CUST0043,Discount code question,"Do you have a student discount or a promo code I can use for the Nova Trail Runner? Please reply this week. I checked the help page but could not find a clear answer. Kind regards, Skyler Juniper.",2026-04-22 14:33,Other,ORD00866
EMAIL02150,CUST0212,Change my address,"Hi, how do I update the delivery address saved in my account for future orders? Please reply when you can. Please let me know what you need from me. Kind regards, Avery Fern.",2026-07-18 18:42,Other,
EMAIL00596,CUST0243,Return request,"The Summit Air Fryer arrived damaged. I would like to return it and receive a refund for ORD00667. Please reply today. I checked the help page but could not find a clear answer. Kind regards, Riley Dale.",2026-07-17 12:45,Return/Refund,ORD00667
EMAIL01077,CUST0058,Payment problem,"My card payment for ORD00215 is still pending in my bank app. Did the order go through? Please reply today. I checked the help page but could not find a clear answer. Kind regards, Rowan Ivy.",2026-07-10 13:14,Payment Issue,ORD00215
EMAIL00714,CUST0187,Cancel order,"I no longer need the Nova Trail Runner. Can you cancel ORD00668 and refund the payment? Please reply today. I checked the help page but could not find a clear answer. Kind regards, Skyler Fern.",2026-05-04 20:52,Cancellation,ORD00668
EMAIL01890,CUST0295,Exchange request,"I would like to exchange the Terra Daily Runner from order ORD00392 for a different size or color. Please tell me the next steps. Please reply when you can. Please let me know what you need from me. Kind regards, Morgan Hollow.",2026-06-09 13:48,Exchange,ORD00392
EMAIL01948,CUST0168,Can you replace this?,"Hi, the Terra Studio Microphone from ORD00593 is the wrong size. How can I swap it for the correct one? Please reply when you can. Sorry if I missed this information somewhere. Kind regards, Riley Briar.",2026-03-24 17:53,Exchange,ORD00593
EMAIL01451,CUST0289,Is this in stock?,"Do you still have the Drift Coffee Grinder available? I am looking for one as a gift. Please reply as soon as possible. Please let me know what you need from me. Kind regards, Rowan Briar.",2026-02-04 08:28,Product Information,ORD00614
EMAIL00676,CUST0078,Cancel order,"I no longer need the Nimbus Night Cream. Can you cancel ORD00840 and refund the payment? Please reply when you can. A quick reply would be appreciated. Kind regards, Avery Grove.",2026-01-05 11:57,Cancellation,ORD00840
EMAIL02057,CUST0160,Need a different size,"Dear support team, I received the Coast Foam Roller from order ORD00450, but the size is wrong. Can I exchange it for a smaller size? Please reply today. I hope this can be resolved soon. Kind regards, Riley Ember.",2026-04-20 18:04,Exchange,ORD00450
EMAIL00623,CUST0191,Cancel order,"I no longer need the Aster Studio Microphone. Can you cancel ORD01158 and refund the payment? Please reply today. Please let me know what you need from me. Kind regards, Morgan Lark.",2026-04-22 16:44,Cancellation,ORD01158
EMAIL00980,CUST0297,I was charged twice,"I can see two charges for order ORD00751, but I only placed one order. Please look into this. Please reply as soon as possible. I checked the help page but could not find a clear answer. Kind regards, Riley Grove.",2026-07-07 16:32,Payment Issue,ORD00751
EMAIL01680,CUST0278,Poor experience,"I have tried to get help with ORD00462 twice. Still no answer. Really disappointed with the service. Please reply today. A quick reply would be appreciated. Kind regards, Jamie Cove.",2026-03-10 18:37,Complaint,ORD00462
EMAIL02175,CUST0299,Discount code question,"Do you have a student discount or a promo code I can use for the Lumen Wireless Earbuds? Please reply before the weekend. Please let me know what you need from me. Kind regards, Jordan Briar.",2026-07-05 17:16,Other,
EMAIL01034,CUST0202,Payment problem,"My card payment for ORD00512 is still pending in my bank app. Did the order go through? Please reply when you can. I checked the help page but could not find a clear answer. Kind regards, Morgan Fern.",2026-04-09 17:50,Payment Issue,ORD00512
EMAIL01973,CUST0182,Exchange request,"I would like to exchange the Solace Denim Jacket from order ORD00042 for a different size or color. Please tell me the next steps. Please reply today. Please let me know what you need from me. Kind regards, Avery Ember.",2026-03-29 08:42,Exchange,ORD00042
EMAIL01548,CUST0060,Complaint about delivery,"My package for ORD00842 arrived much later than promised and nobody sent an update. This is not acceptable. Please reply as soon as possible. Please let me know what you need from me. Kind regards, Taylor Briar.",2026-06-19 11:43,Complaint,ORD00842
EMAIL01535,CUST0267,Very disappointed,"Dear support team, I am unhappy with order ORD00902. The Lumen Wireless Earbuds was not as described and this has been frustrating. Please reply this week. Please let me know what you need from me. Kind regards, Jordan Lark.",2026-06-23 17:51,Complaint,ORD00902
EMAIL01766,CUST0054,Complaint about delivery,"My package for ORD00914 arrived much later than promised and nobody sent an update. This is not acceptable. Please reply when you can. I hope this can be resolved soon. Kind regards, Rowan Briar.",2026-04-07 09:50,Complaint,ORD00914
EMAIL00170,CUST0080,Has my package shipped?,"Hi, I ordered a Sage Resistance Band Set. Is order ORD00428 on its way yet? Please reply when you can. Please let me know what you need from me. Kind regards, Jamie Juniper.",2026-07-20 20:42,Order Status,ORD00428
EMAIL00503,CUST0110,I need to return an item,"Hi, I received the Pioneer Trail Runner from order ORD00756, but it does not fit my needs. Please send the return instructions. Please reply before the weekend. Please let me know what you need from me. Kind regards, Avery Briar.",2026-08-24 10:22,Return/Refund,ORD00756
EMAIL01663,CUST0086,Complaint about delivery,"My package for ORD00324 arrived much later than promised and nobody sent an update. This is not acceptable. Please reply before the weekend. A quick reply would be appreciated. Kind regards, Jordan Dale.",2026-07-31 18:10,Complaint,ORD00324
EMAIL00672,CUST0255,Accidental order,"Oops, I ordered the wrong item. Is it still possible to stop order ORD00805? Please reply as soon as possible. I hope this can be resolved soon. Kind regards, Avery Lark.",2026-04-01 20:38,Cancellation,ORD00805
EMAIL01753,CUST0279,Complaint about delivery,"My package for ORD00590 arrived much later than promised and nobody sent an update. This is not acceptable. Please reply when you can. I hope this can be resolved soon. Kind regards, Casey Grove.",2026-01-22 13:05,Complaint,ORD00590
EMAIL00133,CUST0030,Where is my order?,"Hey, I placed order ORD00631 a few days ago and it still says shipped. Can you tell me when it will arrive? Thank you, Taylor Cove Please reply this week. I checked the help page but could not find a clear answer. Kind regards, Taylor Cove.",2026-03-12 11:56,Order Status,ORD00631
EMAIL01041,CUST0280,Checkout error,"Hi, my payment keeps failing when I try to buy the Nimbus Training Shoe. The card works everywhere else. Please reply this week. I checked the help page but could not find a clear answer. Kind regards, Jordan Fern.",2026-03-20 13:30,Payment Issue,ORD00333
EMAIL00470,CUST0180,Return request,"The Nova Crossbody Bag arrived damaged. I would like to return it and receive a refund for ORD00630. Please reply before the weekend. I checked the help page but could not find a clear answer. Kind regards, Morgan Dale.",2026-07-04 12:36,Return/Refund,ORD00630
EMAIL00414,CUST0156,Refund status,"I returned order ORD00472 and have not received my refund. Can someone check the status for me? Please reply today. Please let me know what you need from me. Kind regards, Riley Lark.",2026-07-06 18:57,Return/Refund,ORD00472
EMAIL02298,CUST0065,Need account help,"Dear support team, I cannot log in after resetting my password. Can you help me access my account? Please reply this week. A quick reply would be appreciated. Kind regards, Skyler Lark.",2026-03-13 14:15,Other,ORD00425
EMAIL00203,CUST0175,Tracking update needed,"Could you check the delivery status of ORD00589? The tracking has not changed and I am starting to worry. Please reply this week. Sorry if I missed this information somewhere. Kind regards, Morgan Cove.",2026-08-10 14:50,Order Status,ORD00589
EMAIL00828,CUST0010,Accidental order,"Oops, I ordered the wrong item. Is it still possible to stop order ORD00747? Please reply when you can. Please let me know what you need from me. Kind regards, Taylor Grove.",2026-04-10 14:56,Cancellation,ORD00747
EMAIL01452,CUST0194,Question about Ember Trail Runner,"Hello, could you tell me more about the Ember Trail Runner? I need the size, material, and care details before ordering. Please reply when you can. Please let me know what you need from me. Kind regards, Jamie Ivy.",2026-02-23 19:35,Product Information,
EMAIL00287,CUST0231,Has my package shipped?,"Hi, I ordered a Harbor Training Shoe. Is order ORD00535 on its way yet? Please reply as soon as possible. Please let me know what you need from me. Kind regards, Jamie Lark.",2026-02-15 08:55,Order Status,ORD00535
EMAIL00469,CUST0228,Return request,"The Ember Gentle Cleanser arrived damaged. I would like to return it and receive a refund for ORD00057. Please reply as soon as possible. I hope this can be resolved soon. Kind regards, Avery Fern.",2026-06-16 08:57,Return/Refund,ORD00057
EMAIL01732,CUST0254,Poor experience,"I have tried to get help with ORD00860 twice. Still no answer. Really disappointed with the service. Please reply when you can. I hope this can be resolved soon. Kind regards, Taylor Cove.",2026-07-27 19:55,Complaint,ORD00860
EMAIL01648,CUST0112,Complaint about delivery,"My package for ORD01181 arrived much later than promised and nobody sent an update. This is not acceptable. Please reply when you can. A quick reply would be appreciated. Kind regards, Jamie Ivy.",2026-05-07 15:29,Complaint,ORD01181
EMAIL01274,CUST0056,Question about Nimbus Portable Speaker,"Hi, could you tell me more about the Nimbus Portable Speaker? I need the size, material, and care details before ordering. Please reply this week. A quick reply would be appreciated. Kind regards, Avery Dale.",2026-02-21 11:45,Product Information,
EMAIL01447,CUST0240,Question about Brook Walking Shoe,"Hi, could you tell me more about the Brook Walking Shoe? I need the size, material, and care details before ordering. Please reply before the weekend. Sorry if I missed this information somewhere. Kind regards, Avery Lark.",2026-07-26 12:48,Product Information,ORD00883
EMAIL01468,CUST0082,Is this in stock?,"Do you still have the Solace Glass Storage Set available? I am looking for one as a gift. Please reply when you can. I hope this can be resolved soon. Kind regards, Rowan Dale.",2026-01-02 16:14,Product Information,
EMAIL01558,CUST0138,Complaint about delivery,"My package for ORD00794 arrived much later than promised and nobody sent an update. This is not acceptable. Please reply this week. Sorry if I missed this information somewhere. Kind regards, Avery Briar.",2026-06-11 18:11,Complaint,ORD00794
EMAIL01387,CUST0050,Question about Willow Coffee Grinder,"Hello, could you tell me more about the Willow Coffee Grinder? I need the size, material, and care details before ordering. Please reply as soon as possible. A quick reply would be appreciated. Kind regards, Casey Briar.",2026-04-27 19:53,Product Information,ORD01102
EMAIL00690,CUST0128,Cancel order,"I no longer need the Coast Foam Roller. Can you cancel ORD00280 and refund the payment? Please reply before the weekend. Please let me know what you need from me. Kind regards, Morgan Ivy.",2026-05-11 12:31,Cancellation,ORD00280
EMAIL01666,CUST0202,Poor experience,"I have tried to get help with ORD00848 twice. Still no answer. Really disappointed with the service. Please reply today. A quick reply would be appreciated. Kind regards, Morgan Fern.",2026-06-28 19:16,Complaint,ORD00848
EMAIL01788,CUST0100,Poor experience,"I have tried to get help with ORD00247 twice. Still no answer. Really disappointed with the service. Please reply this week. I hope this can be resolved soon. Kind regards, Taylor Cove.",2026-06-11 12:00,Complaint,ORD00247
EMAIL00078,CUST0088,Where is my order?,"Hello, I placed order ORD01179 a few days ago and it still says returned. Can you tell me when it will arrive? Regards, Jordan Cove Please reply when you can. I hope this can be resolved soon. Kind regards, Jordan Cove.",2026-01-04 13:52,Order Status,ORD01179
EMAIL00794,CUST0078,Cancel order,"I no longer need the Atlas Gentle Cleanser. Can you cancel ORD00890 and refund the payment? Please reply this week. I checked the help page but could not find a clear answer. Kind regards, Avery Grove.",2026-02-08 10:52,Cancellation,ORD00890
EMAIL00562,CUST0124,I need to return an item,"Dear support team, I received the Willow Portable Speaker from order ORD00014, but it does not fit my needs. Please send the return instructions. Please reply before the weekend. I hope this can be resolved soon. Kind regards, Taylor Juniper.",2026-08-14 09:24,Return/Refund,ORD00014
EMAIL00909,CUST0109,Payment problem,"My card payment for ORD00111 is still pending in my bank app. Did the order go through? Please reply today. I hope this can be resolved soon. Kind regards, Riley Ember.",2026-02-22 18:40,Payment Issue,ORD00111
EMAIL00913,CUST0088,I was charged twice,"I can see two charges for order ORD00999, but I only placed one order. Please look into this. Please reply this week. A quick reply would be appreciated. Kind regards, Jordan Cove.",2026-07-26 10:45,Payment Issue,ORD00999
EMAIL00329,CUST0255,Return request,"The Atlas Denim Jacket arrived damaged. I would like to return it and receive a refund for ORD00699. Please reply before the weekend. Please let me know what you need from me. Kind regards, Avery Lark.",2026-04-19 13:43,Return/Refund,ORD00699
EMAIL01454,CUST0244,Warranty question,"Hi, does the Drift Ceramic Mug Set come with a warranty? I could not find the answer on the product page. Please reply today. Please let me know what you need from me. Kind regards, Avery Fern.",2026-05-13 16:25,Product Information,
EMAIL01401,CUST0091,Is this in stock?,"Do you still have the Sage Ceramic Mug Set available? I am looking for one as a gift. Please reply as soon as possible. I checked the help page but could not find a clear answer. Kind regards, Morgan Hollow.",2026-01-14 09:08,Product Information,ORD00067
EMAIL01672,CUST0260,Complaint about delivery,"My package for ORD00910 arrived much later than promised and nobody sent an update. This is not acceptable. Please reply before the weekend. Sorry if I missed this information somewhere. Kind regards, Taylor Juniper.",2026-04-01 09:11,Complaint,ORD00910
EMAIL02005,CUST0077,Need a different size,"Dear support team, I received the Sage Training Shoe from order ORD00170, but the size is wrong. Can I exchange it for a smaller size? Please reply today. A quick reply would be appreciated. Kind regards, Casey Hollow.",2026-08-01 16:42,Exchange,ORD00170
EMAIL01970,CUST0242,Can you replace this?,"Hi, the Orbit Bamboo Organizer from ORD00833 is the wrong size. How can I swap it for the correct one? Please reply when you can. Please let me know what you need from me. Kind regards, Taylor Ember.",2026-02-14 20:38,Exchange,ORD00833
EMAIL00254,CUST0298,Has my package shipped?,"Hi, I ordered a Harbor Travel Backpack. Is order ORD00454 on its way yet? Please reply this week. Please let me know what you need from me. Kind regards, Jordan Lark.",2026-02-03 17:34,Order Status,ORD00454
EMAIL00230,CUST0213,Tracking update needed,"Could you check the delivery status of ORD00886? The tracking has not changed and I am starting to worry. Please reply as soon as possible. A quick reply would be appreciated. Kind regards, Skyler Ivy.",2026-07-07 10:46,Order Status,ORD00886
EMAIL00558,CUST0162,Return request,"The Summit Foam Roller arrived damaged. I would like to return it and receive a refund for ORD01159. Please reply when you can. I hope this can be resolved soon. Kind regards, Jamie Juniper.",2026-03-14 13:46,Return/Refund,ORD01159
EMAIL00148,CUST0008,Tracking update needed,"Could you check the delivery status of ORD00617? The tracking has not changed and I am starting to worry. Please reply this week. I checked the help page but could not find a clear answer. Kind regards, Jamie Grove.",2026-01-14 15:19,Order Status,ORD00617
EMAIL01591,CUST0118,Poor experience,"I have tried to get help with ORD00991 twice. Still no answer. Really disappointed with the service. Please reply as soon as possible. Sorry if I missed this information somewhere. Kind regards, Jordan Ivy.",2026-03-24 09:49,Complaint,ORD00991
EMAIL00778,CUST0118,Accidental order,"Oops, I ordered the wrong item. Is it still possible to stop order ORD00672? Please reply when you can. Please let me know what you need from me. Kind regards, Jordan Ivy.",2026-06-10 20:56,Cancellation,ORD00672
EMAIL00888,CUST0074,Accidental order,"Oops, I ordered the wrong item. Is it still possible to stop order ORD00763? Please reply when you can. A quick reply would be appreciated. Kind regards, Riley Cove.",2026-06-24 16:47,Cancellation,ORD00763
EMAIL00094,CUST0196,Where is my order?,"Hi, I placed order ORD00625 a few days ago and it still says processing. Can you tell me when it will arrive? Regards, Taylor Hollow Please reply when you can. I checked the help page but could not find a clear answer. Kind regards, Taylor Hollow.",2026-06-13 17:55,Order Status,ORD00625
EMAIL01293,CUST0007,Question about Cedar Rain Jacket,"Hi, could you tell me more about the Cedar Rain Jacket? I need the size, material, and care details before ordering. Please reply before the weekend. Sorry if I missed this information somewhere. Kind regards, Riley Briar.",2026-07-14 18:25,Product Information,ORD00060
EMAIL01391,CUST0052,Question about Nova Crossbody Bag,"Hi, could you tell me more about the Nova Crossbody Bag? I need the size, material, and care details before ordering. Please reply this week. I hope this can be resolved soon. Kind regards, Jordan Hollow.",2026-06-15 13:44,Product Information,ORD00816
EMAIL00969,CUST0013,Payment problem,"My card payment for ORD00322 is still pending in my bank app. Did the order go through? Please reply this week. Sorry if I missed this information somewhere. Kind regards, Morgan Cove.",2026-06-20 15:07,Payment Issue,ORD00322
EMAIL00739,CUST0146,Accidental order,"Oops, I ordered the wrong item. Is it still possible to stop order ORD00480? Please reply before the weekend. I checked the help page but could not find a clear answer. Kind regards, Rowan Hollow.",2026-05-08 12:47,Cancellation,ORD00480
EMAIL00248,CUST0204,Tracking update needed,"Could you check the delivery status of ORD00405? The tracking has not changed and I am starting to worry. Please reply today. A quick reply would be appreciated. Kind regards, Skyler Ember.",2026-01-29 20:48,Order Status,ORD00405
EMAIL00121,CUST0067,Has my package shipped?,"Hi, I ordered a Echo Foam Roller. Is order ORD00371 on its way yet? Please reply as soon as possible. I checked the help page but could not find a clear answer. Kind regards, Jordan Fern.",2026-05-14 16:15,Order Status,ORD00371
EMAIL01383,CUST0211,Question about Harbor Vitamin C Set,"Hey, could you tell me more about the Harbor Vitamin C Set? I need the size, material, and care details before ordering. Please reply when you can. I checked the help page but could not find a clear answer. Kind regards, Riley Hollow.",2026-02-13 09:10,Product Information,
EMAIL01485,CUST0140,Is this in stock?,"Do you still have the Atlas Gentle Cleanser available? I am looking for one as a gift. Please reply this week. I checked the help page but could not find a clear answer. Kind regards, Casey Lark.",2026-05-31 10:11,Product Information,ORD00274
EMAIL01528,CUST0288,Poor experience,"I have tried to get help with ORD00236 twice. Still no answer. Really disappointed with the service. Please reply today. I hope this can be resolved soon. Kind regards, Casey Hollow.",2026-04-06 16:47,Complaint,ORD00236
EMAIL00590,CUST0028,Refund status,"I returned order ORD00093 and have not received my refund. Can someone check the status for me? Please reply as soon as possible. Sorry if I missed this information somewhere. Kind regards, Skyler Ivy.",2026-07-06 17:10,Return/Refund,ORD00093
EMAIL00251,CUST0015,Tracking update needed,"Could you check the delivery status of ORD00731? The tracking has not changed and I am starting to worry. Please reply today. I hope this can be resolved soon. Kind regards, Riley Ivy.",2026-07-17 13:16,Order Status,ORD00731
EMAIL00979,CUST0015,Checkout error,"Hi, my payment keeps failing when I try to buy the Aster Coffee Grinder. The card works everywhere else. Please reply today. A quick reply would be appreciated. Kind regards, Riley Ivy.",2026-04-05 18:44,Payment Issue,ORD00924
EMAIL01576,CUST0037,Complaint about delivery,"My package for ORD00326 arrived much later than promised and nobody sent an update. This is not acceptable. Please reply this week. I checked the help page but could not find a clear answer. Kind regards, Skyler Cove.",2026-02-25 12:07,Complaint,ORD00326
EMAIL01874,CUST0275,Exchange request,"I would like to exchange the Meadow Canvas Tote from order ORD00788 for a different size or color. Please tell me the next steps. Please reply when you can. Please let me know what you need from me. Kind regards, Rowan Lark.",2026-07-28 20:36,Exchange,ORD00788
EMAIL01928,CUST0075,Wrong item size,"The item in order ORD00711 does not fit. I do not need a refund; I would prefer an exchange if possible. Please reply this week. A quick reply would be appreciated. Kind regards, Riley Lark.",2026-07-04 15:42,Exchange,ORD00711
EMAIL00736,CUST0062,Cancel order,"I no longer need the Brook Bamboo Organizer. Can you cancel ORD01057 and refund the payment? Please reply this week. I hope this can be resolved soon. Kind regards, Jordan Cove.",2026-07-05 20:21,Cancellation,ORD01057
EMAIL01689,CUST0240,Complaint about delivery,"My package for ORD00883 arrived much later than promised and nobody sent an update. This is not acceptable. Please reply before the weekend. I hope this can be resolved soon. Kind regards, Avery Lark.",2026-04-04 09:42,Complaint,ORD00883
EMAIL01298,CUST0025,Warranty question,"Hi, does the Ember Resistance Band Set come with a warranty? I could not find the answer on the product page. Please reply before the weekend. Sorry if I missed this information somewhere. Kind regards, Morgan Dale.",2026-05-24 14:52,Product Information,ORD00969
EMAIL01867,CUST0128,Need a different size,"Hello, I received the Aster Quilted Vest from order ORD00862, but the size is wrong. Can I exchange it for a smaller size? Please reply when you can. A quick reply would be appreciated. Kind regards, Morgan Ivy.",2026-03-08 14:22,Exchange,ORD00862
EMAIL02049,CUST0224,Exchange request,"I would like to exchange the Meadow Quilted Vest from order ORD01085 for a different size or color. Please tell me the next steps. Please reply before the weekend. I checked the help page but could not find a clear answer. Kind regards, Taylor Ivy.",2026-05-24 19:39,Exchange,ORD01085
EMAIL00423,CUST0052,I need to return an item,"Dear support team, I received the Meadow Electric Kettle from order ORD00412, but it does not fit my needs. Please send the return instructions. Please reply when you can. I hope this can be resolved soon. Kind regards, Jordan Hollow.",2026-02-03 20:09,Return/Refund,ORD00412
EMAIL00662,CUST0136,Please cancel my order,"Hello, please cancel order ORD00867 before it ships. I made this purchase by mistake. Please reply this week. I hope this can be resolved soon. Kind regards, Casey Ivy.",2026-06-03 16:51,Cancellation,ORD00867
EMAIL00050,CUST0222,Where is my order?,"Hey, I placed order ORD00626 a few days ago and it still says delivered. Can you tell me when it will arrive? Thanks, Quinn Fern Please reply today. Please let me know what you need from me. Kind regards, Quinn Fern.",2026-06-04 20:54,Order Status,ORD00626
EMAIL01608,CUST0210,Poor experience,"I have tried to get help with ORD01084 twice. Still no answer. Really disappointed with the service. Please reply when you can. A quick reply would be appreciated. Kind regards, Morgan Lark.",2026-01-05 13:14,Complaint,ORD01084
EMAIL02248,CUST0006,Discount code question,"Do you have a student discount or a promo code I can use for the Nova Coffee Grinder? Please reply before the weekend. A quick reply would be appreciated. Kind regards, Rowan Hollow.",2026-05-16 20:00,Other,
EMAIL00066,CUST0040,Has my package shipped?,"Hi, I ordered a Echo Coffee Grinder. Is order ORD00485 on its way yet? Please reply today. Please let me know what you need from me. Kind regards, Rowan Ember.",2026-04-30 15:41,Order Status,ORD00485
EMAIL00563,CUST0078,Return request,"The Atlas Gentle Cleanser arrived damaged. I would like to return it and receive a refund for ORD00890. Please reply as soon as possible. Sorry if I missed this information somewhere. Kind regards, Avery Grove.",2026-06-04 19:17,Return/Refund,ORD00890
EMAIL01813,CUST0296,Need a different size,"Hello, I received the Drift Travel Backpack from order ORD01022, but the size is wrong. Can I exchange it for a smaller size? Please reply before the weekend. I checked the help page but could not find a clear answer. Kind regards, Riley Briar.",2026-06-01 18:44,Exchange,ORD01022
EMAIL01161,CUST0065,I was charged twice,"I can see two charges for order ORD00425, but I only placed one order. Please look into this. Please reply today. I checked the help page but could not find a clear answer. Kind regards, Skyler Lark.",2026-04-05 19:35,Payment Issue,ORD00425
EMAIL00572,CUST0249,Return request,"The Summit Foam Roller arrived damaged. I would like to return it and receive a refund for ORD00507. Please reply as soon as possible. I hope this can be resolved soon. Kind regards, Quinn Fern.",2026-01-07 18:27,Return/Refund,ORD00507
EMAIL00641,CUST0188,Accidental order,"Oops, I ordered the wrong item. Is it still possible to stop order ORD00434? Please reply this week. A quick reply would be appreciated. Kind regards, Riley Hollow.",2026-01-31 19:46,Cancellation,ORD00434
EMAIL00537,CUST0046,I need to return an item,"Hi, I received the Pioneer Glass Storage Set from order ORD00823, but it does not fit my needs. Please send the return instructions. Please reply today. A quick reply would be appreciated. Kind regards, Quinn Ember.",2026-01-20 10:23,Return/Refund,ORD00823
EMAIL00490,CUST0091,I need to return an item,"Hi, I received the Echo Gentle Cleanser from order ORD00187, but it does not fit my needs. Please send the return instructions. Please reply before the weekend. Sorry if I missed this information somewhere. Kind regards, Morgan Hollow.",2026-02-18 13:34,Return/Refund,ORD00187
EMAIL01240,CUST0249,Warranty question,"Hi, does the Cedar Air Fryer come with a warranty? I could not find the answer on the product page. Please reply today. A quick reply would be appreciated. Kind regards, Quinn Fern.",2026-01-26 10:05,Product Information,
EMAIL00867,CUST0098,Accidental order,"Oops, I ordered the wrong item. Is it still possible to stop order ORD00027? Please reply today. Sorry if I missed this information somewhere. Kind regards, Rowan Juniper.",2026-08-17 17:34,Cancellation,ORD00027
EMAIL01698,CUST0247,Very disappointed,"Dear support team, I am unhappy with order ORD00267. The Drift Coffee Grinder was not as described and this has been frustrating. Please reply when you can. A quick reply would be appreciated. Kind regards, Morgan Dale.",2026-05-01 18:52,Complaint,ORD00267
EMAIL02195,CUST0112,Need account help,"Hi, I cannot log in after resetting my password. Can you help me access my account? Please reply before the weekend. I checked the help page but could not find a clear answer. Kind regards, Jamie Ivy.",2026-07-12 11:39,Other,ORD01041
EMAIL01199,CUST0267,I was charged twice,"I can see two charges for order ORD01123, but I only placed one order. Please look into this. Please reply today. A quick reply would be appreciated. Kind regards, Jordan Lark.",2026-01-12 10:07,Payment Issue,ORD01123
EMAIL00953,CUST0067,Payment problem,"My card payment for ORD00314 is still pending in my bank app. Did the order go through? Please reply before the weekend. A quick reply would be appreciated. Kind regards, Jordan Fern.",2026-07-31 18:40,Payment Issue,ORD00314
EMAIL01791,CUST0286,Very disappointed,"Hello, I am unhappy with order ORD00281. The Willow Vitamin C Set was not as described and this has been frustrating. Please reply this week. I checked the help page but could not find a clear answer. Kind regards, Jamie Grove.",2026-01-09 09:24,Complaint,ORD00281
EMAIL00677,CUST0229,Cancel order,"I no longer need the Sage Ceramic Mug Set. Can you cancel ORD00618 and refund the payment? Please reply as soon as possible. Please let me know what you need from me. Kind regards, Jordan Ember.",2026-08-14 11:29,Cancellation,ORD00618
EMAIL01462,CUST0153,Is this in stock?,"Do you still have the Lumen Gentle Cleanser available? I am looking for one as a gift. Please reply before the weekend. I hope this can be resolved soon. Kind regards, Quinn Lark.",2026-04-14 17:35,Product Information,ORD00089
EMAIL00334,CUST0054,Return request,"The Nova Fleece Hoodie arrived damaged. I would like to return it and receive a refund for ORD01163. Please reply before the weekend. Sorry if I missed this information somewhere. Kind regards, Rowan Briar.",2026-04-13 08:11,Return/Refund,ORD01163
EMAIL00145,CUST0144,Has my package shipped?,"Hi, I ordered a Nova Wireless Earbuds. Is order ORD00221 on its way yet? Please reply this week. Please let me know what you need from me. Kind regards, Skyler Ember.",2026-08-02 17:07,Order Status,ORD00221
EMAIL00366,CUST0230,I need to return an item,"Hello, I received the Harbor Insulated Bottle from order ORD00881, but it does not fit my needs. Please send the return instructions. Please reply this week. Please let me know what you need from me. Kind regards, Jordan Dale.",2026-08-08 14:16,Return/Refund,ORD00881
EMAIL00384,CUST0166,Return request,"The Nova Cast Iron Pan arrived damaged. I would like to return it and receive a refund for ORD00852. Please reply before the weekend. I hope this can be resolved soon. Kind regards, Skyler Juniper.",2026-02-23 17:43,Return/Refund,ORD00852
EMAIL01918,CUST0009,Exchange request,"I would like to exchange the Meadow Vitamin C Set from order ORD00686 for a different size or color. Please tell me the next steps. Please reply before the weekend. A quick reply would be appreciated. Kind regards, Taylor Cove.",2026-06-22 14:43,Exchange,ORD00686
EMAIL00468,CUST0288,Return request,"The Ember Gentle Cleanser arrived damaged. I would like to return it and receive a refund for ORD00320. Please reply today. Sorry if I missed this information somewhere. Kind regards, Casey Hollow.",2026-06-08 15:31,Return/Refund,ORD00320
EMAIL02291,CUST0248,Need account help,"Hi, I cannot log in after resetting my password. Can you help me access my account? Please reply as soon as possible. A quick reply would be appreciated. Kind regards, Rowan Juniper.",2026-01-15 11:14,Other,ORD00567
EMAIL00884,CUST0021,Cancel order,"I no longer need the Terra Bamboo Organizer. Can you cancel ORD00859 and refund the payment? Please reply when you can. A quick reply would be appreciated. Kind regards, Riley Cove.",2026-04-05 08:44,Cancellation,ORD00859
EMAIL00542,CUST0104,Refund status,"I returned order ORD00676 and have not received my refund. Can someone check the status for me? Please reply this week. I checked the help page but could not find a clear answer. Kind regards, Rowan Briar.",2026-04-24 10:32,Return/Refund,ORD00676
EMAIL01055,CUST0220,I was charged twice,"I can see two charges for order ORD01001, but I only placed one order. Please look into this. Please reply as soon as possible. Please let me know what you need from me. Kind regards, Quinn Cove.",2026-03-18 09:45,Payment Issue,ORD01001
EMAIL01287,CUST0176,Is this in stock?,"Do you still have the Ember Trail Runner available? I am looking for one as a gift. Please reply before the weekend. I hope this can be resolved soon. Kind regards, Skyler Lark.",2026-05-17 08:16,Product Information,
EMAIL02126,CUST0021,Discount code question,"Do you have a student discount or a promo code I can use for the Atlas Coffee Grinder? Please reply today. Sorry if I missed this information somewhere. Kind regards, Riley Cove.",2026-04-23 16:05,Other,ORD00161
EMAIL00021,CUST0191,Tracking update needed,"Could you check the delivery status of ORD00565? The tracking has not changed and I am starting to worry. Please reply when you can. Sorry if I missed this information somewhere. Kind regards, Morgan Lark.",2026-02-17 10:12,Order Status,ORD00565
EMAIL00779,CUST0156,Please cancel my order,"Hello, please cancel order ORD01133 before it ships. I made this purchase by mistake. Please reply as soon as possible. Sorry if I missed this information somewhere. Kind regards, Riley Lark.",2026-01-02 10:23,Cancellation,ORD01133
EMAIL01490,CUST0120,Is this in stock?,"Do you still have the Meadow Vitamin C Set available? I am looking for one as a gift. Please reply today. Please let me know what you need from me. Kind regards, Quinn Cove.",2026-02-23 19:49,Product Information,ORD00484
EMAIL02061,CUST0014,Wrong item size,"The item in order ORD00427 does not fit. I do not need a refund; I would prefer an exchange if possible. Please reply this week. Please let me know what you need from me. Kind regards, Casey Ember.",2026-02-16 19:36,Exchange,ORD00427
EMAIL02260,CUST0118,Change my address,"Hi, how do I update the delivery address saved in my account for future orders? Please reply before the weekend. Please let me know what you need from me. Kind regards, Jordan Ivy.",2026-07-08 16:59,Other,
EMAIL01165,CUST0236,Checkout error,"Hi, my payment keeps failing when I try to buy the Pioneer Vitamin C Set. The card works everywhere else. Please reply before the weekend. Sorry if I missed this information somewhere. Kind regards, Riley Ivy.",2026-02-18 11:29,Payment Issue,ORD00035
EMAIL00819,CUST0057,Accidental order,"Oops, I ordered the wrong item. Is it still possible to stop order ORD00776? Please reply when you can. I hope this can be resolved soon. Kind regards, Riley Ivy.",2026-05-15 08:15,Cancellation,ORD00776
EMAIL02216,CUST0129,Change my address,"Hi, how do I update the delivery address saved in my account for future orders? Please reply today. A quick reply would be appreciated. Kind regards, Quinn Briar.",2026-03-18 10:21,Other,
EMAIL02143,CUST0199,Need account help,"Dear support team, I cannot log in after resetting my password. Can you help me access my account? Please reply when you can. Sorry if I missed this information somewhere. Kind regards, Rowan Briar.",2026-06-18 08:26,Other,ORD00354
EMAIL00737,CUST0064,Please cancel my order,"Hi, please cancel order ORD00959 before it ships. I made this purchase by mistake. Please reply before the weekend. I hope this can be resolved soon. Kind regards, Skyler Briar.",2026-07-30 14:18,Cancellation,ORD00959
EMAIL01315,CUST0223,Is this in stock?,"Do you still have the Atlas Training Shoe available? I am looking for one as a gift. Please reply when you can. I checked the help page but could not find a clear answer. Kind regards, Casey Grove.",2026-04-24 19:19,Product Information,
EMAIL00977,CUST0138,I was charged twice,"I can see two charges for order ORD00220, but I only placed one order. Please look into this. Please reply when you can. Sorry if I missed this information somewhere. Kind regards, Avery Briar.",2026-01-14 16:29,Payment Issue,ORD00220
EMAIL01306,CUST0129,Warranty question,"Hi, does the Orbit Insulated Bottle come with a warranty? I could not find the answer on the product page. Please reply before the weekend. A quick reply would be appreciated. Kind regards, Quinn Briar.",2026-02-16 17:42,Product Information,ORD00973
EMAIL01541,CUST0093,Complaint about delivery,"My package for ORD00619 arrived much later than promised and nobody sent an update. This is not acceptable. Please reply today. I hope this can be resolved soon. Kind regards, Rowan Grove.",2026-02-09 14:44,Complaint,ORD00619
EMAIL01938,CUST0271,Can you replace this?,"Hi, the Terra Studio Microphone from ORD00753 is the wrong size. How can I swap it for the correct one? Please reply before the weekend. Sorry if I missed this information somewhere. Kind regards, Avery Dale.",2026-08-05 08:55,Exchange,ORD00753
EMAIL01154,CUST0043,Payment problem,"My card payment for ORD00866 is still pending in my bank app. Did the order go through? Please reply today. I hope this can be resolved soon. Kind regards, Skyler Juniper.",2026-06-28 08:36,Payment Issue,ORD00866
EMAIL01920,CUST0135,Need a different size,"Hi, I received the Nova Gentle Cleanser from order ORD00140, but the size is wrong. Can I exchange it for a smaller size? Please reply before the weekend. Please let me know what you need from me. Kind regards, Jamie Fern.",2026-05-03 18:15,Exchange,ORD00140
EMAIL01348,CUST0209,Question about Brook Quilted Vest,"Hi, could you tell me more about the Brook Quilted Vest? I need the size, material, and care details before ordering. Please reply this week. I hope this can be resolved soon. Kind regards, Morgan Ivy.",2026-07-15 12:39,Product Information,ORD00159
EMAIL00922,CUST0114,I was charged twice,"I can see two charges for order ORD00745, but I only placed one order. Please look into this. Please reply when you can. A quick reply would be appreciated. Kind regards, Jordan Juniper.",2026-05-28 17:58,Payment Issue,ORD00745
EMAIL00457,CUST0098,Return request,"The Willow Denim Jacket arrived damaged. I would like to return it and receive a refund for ORD00496. Please reply as soon as possible. Please let me know what you need from me. Kind regards, Rowan Juniper.",2026-03-28 20:28,Return/Refund,ORD00496
EMAIL01068,CUST0041,Checkout error,"Hi, my payment keeps failing when I try to buy the Cedar Resistance Band Set. The card works everywhere else. Please reply before the weekend. Please let me know what you need from me. Kind regards, Taylor Ivy.",2026-08-23 10:06,Payment Issue,ORD00609
EMAIL01427,CUST0228,Question about Coast Foam Roller,"Hi, could you tell me more about the Coast Foam Roller? I need the size, material, and care details before ordering. Please reply as soon as possible. I hope this can be resolved soon. Kind regards, Avery Fern.",2026-07-14 08:45,Product Information,
EMAIL00595,CUST0081,Return request,"The Summit Glass Storage Set arrived damaged. I would like to return it and receive a refund for ORD00185. Please reply as soon as possible. I checked the help page but could not find a clear answer. Kind regards, Jordan Juniper.",2026-01-10 15:27,Return/Refund,ORD00185
EMAIL01466,CUST0205,Is this in stock?,"Do you still have the Lumen Walking Shoe available? I am looking for one as a gift. Please reply today. I checked the help page but could not find a clear answer. Kind regards, Rowan Briar.",2026-03-16 17:12,Product Information,
EMAIL01225,CUST0026,Is this in stock?,"Do you still have the Brook Quilted Vest available? I am looking for one as a gift. Please reply before the weekend. I checked the help page but could not find a clear answer. Kind regards, Avery Cove.",2026-04-30 12:12,Product Information,
EMAIL02374,CUST0137,Discount code question,"Do you have a student discount or a promo code I can use for the Lumen Cast Iron Pan? Please reply this week. A quick reply would be appreciated. Kind regards, Taylor Ember.",2026-03-23 18:39,Other,ORD00177
EMAIL00313,CUST0075,I need to return an item,"Dear support team, I received the Meadow Quilted Vest from order ORD00711, but it does not fit my needs. Please send the return instructions. Please reply as soon as possible. I checked the help page but could not find a clear answer. Kind regards, Riley Lark.",2026-06-18 10:12,Return/Refund,ORD00711
EMAIL00086,CUST0264,Tracking update needed,"Could you check the delivery status of ORD00642? The tracking has not changed and I am starting to worry. Please reply as soon as possible. A quick reply would be appreciated. Kind regards, Taylor Briar.",2026-01-02 14:02,Order Status,ORD00642
EMAIL02099,CUST0147,Need a different size,"Hey, I received the Coast Portable Speaker from order ORD00306, but the size is wrong. Can I exchange it for a smaller size? Please reply as soon as possible. Sorry if I missed this information somewhere. Kind regards, Rowan Grove.",2026-04-30 13:05,Exchange,ORD00306
EMAIL01577,CUST0009,Very disappointed,"Dear support team, I am unhappy with order ORD00113. The Atlas Gentle Cleanser was not as described and this has been frustrating. Please reply this week. Sorry if I missed this information somewhere. Kind regards, Taylor Cove.",2026-02-03 08:37,Complaint,ORD00113
EMAIL00640,CUST0145,Accidental order,"Oops, I ordered the wrong item. Is it still possible to stop order ORD00828? Please reply when you can. Please let me know what you need from me. Kind regards, Skyler Cove.",2026-02-18 18:43,Cancellation,ORD00828
EMAIL00047,CUST0297,Where is my order?,"Hello, I placed order ORD00751 a few days ago and it still says processing. Can you tell me when it will arrive? Please help, Riley Grove Please reply before the weekend. I checked the help page but could not find a clear answer. Kind regards, Riley Grove.",2026-05-14 14:08,Order Status,ORD00751
EMAIL00918,CUST0182,Payment problem,"My card payment for ORD01183 is still pending in my bank app. Did the order go through? Please reply before the weekend. I hope this can be resolved soon. Kind regards, Avery Ember.",2026-06-10 12:30,Payment Issue,ORD01183
EMAIL00706,CUST0082,Accidental order,"Oops, I ordered the wrong item. Is it still possible to stop order ORD01034? Please reply today. A quick reply would be appreciated. Kind regards, Rowan Dale.",2026-01-28 15:08,Cancellation,ORD01034
EMAIL00349,CUST0118,Refund status,"I returned order ORD01199 and have not received my refund. Can someone check the status for me? Please reply as soon as possible. A quick reply would be appreciated. Kind regards, Jordan Ivy.",2026-08-25 10:25,Return/Refund,ORD01199
EMAIL01953,CUST0187,Exchange request,"I would like to exchange the Nimbus Night Cream from order ORD00803 for a different size or color. Please tell me the next steps. Please reply before the weekend. Please let me know what you need from me. Kind regards, Skyler Fern.",2026-06-02 19:40,Exchange,ORD00803
EMAIL02230,CUST0237,Change my address,"Hi, how do I update the delivery address saved in my account for future orders? Please reply as soon as possible. A quick reply would be appreciated. Kind regards, Jamie Ivy.",2026-01-12 11:14,Other,ORD01044
EMAIL02301,CUST0292,Change my address,"Hi, how do I update the delivery address saved in my account for future orders? Please reply as soon as possible. Sorry if I missed this information somewhere. Kind regards, Skyler Juniper.",2026-08-13 09:19,Other,ORD00933
EMAIL01858,CUST0150,Need a different size,"Dear support team, I received the Drift Noise-Canceling Headphones from order ORD00156, but the size is wrong. Can I exchange it for a smaller size? Please reply this week. Please let me know what you need from me. Kind regards, Riley Lark.",2026-07-13 13:12,Exchange,ORD00156
EMAIL00125,CUST0275,Has my package shipped?,"Hi, I ordered a Harbor Fleece Hoodie. Is order ORD01157 on its way yet? Please reply as soon as possible. A quick reply would be appreciated. Kind regards, Rowan Lark.",2026-08-06 16:06,Order Status,ORD01157
EMAIL00448,CUST0253,Return request,"The Nova Cast Iron Pan arrived damaged. I would like to return it and receive a refund for ORD00180. Please reply as soon as possible. Please let me know what you need from me. Kind regards, Taylor Fern.",2026-01-27 20:52,Return/Refund,ORD00180
EMAIL02344,CUST0148,Discount code question,"Do you have a student discount or a promo code I can use for the Orbit Fleece Hoodie? Please reply today. I checked the help page but could not find a clear answer. Kind regards, Casey Hollow.",2026-08-02 14:01,Other,
EMAIL00731,CUST0102,Cancel order,"I no longer need the Nimbus Fleece Hoodie. Can you cancel ORD01075 and refund the payment? Please reply as soon as possible. Sorry if I missed this information somewhere. Kind regards, Riley Juniper.",2026-01-27 20:32,Cancellation,ORD01075
EMAIL01087,CUST0115,Checkout error,"Hi, my payment keeps failing when I try to buy the Cedar Bamboo Organizer. The card works everywhere else. Please reply this week. A quick reply would be appreciated. Kind regards, Morgan Cove.",2026-05-21 12:11,Payment Issue,ORD01119
EMAIL00696,CUST0112,Cancel order,"I no longer need the Summit Air Fryer. Can you cancel ORD01041 and refund the payment? Please reply when you can. I hope this can be resolved soon. Kind regards, Jamie Ivy.",2026-07-25 10:21,Cancellation,ORD01041
EMAIL01370,CUST0036,Is this in stock?,"Do you still have the Harbor Insulated Bottle available? I am looking for one as a gift. Please reply before the weekend. A quick reply would be appreciated. Kind regards, Taylor Fern.",2026-04-15 08:09,Product Information,
EMAIL01323,CUST0239,Question about Nova Gentle Cleanser,"Hey, could you tell me more about the Nova Gentle Cleanser? I need the size, material, and care details before ordering. Please reply this week. Please let me know what you need from me. Kind regards, Riley Briar.",2026-07-30 20:56,Product Information,ORD00580
EMAIL01539,CUST0292,Poor experience,"I have tried to get help with ORD00933 twice. Still no answer. Really disappointed with the service. Please reply as soon as possible. I checked the help page but could not find a clear answer. Kind regards, Skyler Juniper.",2026-04-15 14:13,Complaint,ORD00933
EMAIL02019,CUST0258,Exchange request,"I would like to exchange the Pioneer Compact Blender from order ORD00393 for a different size or color. Please tell me the next steps. Please reply this week. I hope this can be resolved soon. Kind regards, Avery Fern.",2026-05-03 19:18,Exchange,ORD00393
EMAIL02368,CUST0135,Need account help,"Hi, I cannot log in after resetting my password. Can you help me access my account? Please reply when you can. I checked the help page but could not find a clear answer. Kind regards, Jamie Fern.",2026-01-13 18:47,Other,ORD00347
EMAIL02000,CUST0044,Wrong item size,"The item in order ORD00900 does not fit. I do not need a refund; I would prefer an exchange if possible. Please reply before the weekend. Please let me know what you need from me. Kind regards, Casey Briar.",2026-01-14 08:51,Exchange,ORD00900
EMAIL01613,CUST0300,Very disappointed,"Hi, I am unhappy with order ORD00728. The Harbor Cast Iron Pan was not as described and this has been frustrating. Please reply today. A quick reply would be appreciated. Kind regards, Jamie Hollow.",2026-07-11 14:04,Complaint,ORD00728
EMAIL00265,CUST0058,Tracking update needed,"Could you check the delivery status of ORD00499? The tracking has not changed and I am starting to worry. Please reply when you can. Sorry if I missed this information somewhere. Kind regards, Rowan Ivy.",2026-04-05 15:36,Order Status,ORD00499
EMAIL00396,CUST0284,I need to return an item,"Hey, I received the Brook Resistance Band Set from order ORD00461, but it does not fit my needs. Please send the return instructions. Please reply today. Please let me know what you need from me. Kind regards, Quinn Ember.",2026-08-07 13:57,Return/Refund,ORD00461
EMAIL00356,CUST0128,I need to return an item,"Dear support team, I received the Nova Cast Iron Pan from order ORD01169, but it does not fit my needs. Please send the return instructions. Please reply as soon as possible. I hope this can be resolved soon. Kind regards, Morgan Ivy.",2026-06-14 09:51,Return/Refund,ORD01169
EMAIL00871,CUST0012,Accidental order,"Oops, I ordered the wrong item. Is it still possible to stop order ORD00908? Please reply today. Sorry if I missed this information somewhere. Kind regards, Rowan Fern.",2026-05-03 19:03,Cancellation,ORD00908
EMAIL00701,CUST0101,Please cancel my order,"Dear support team, please cancel order ORD00595 before it ships. I made this purchase by mistake. Please reply before the weekend. I hope this can be resolved soon. Kind regards, Riley Hollow.",2026-03-16 17:53,Cancellation,ORD00595
EMAIL01415,CUST0147,Question about Harbor Wireless Earbuds,"Hi, could you tell me more about the Harbor Wireless Earbuds? I need the size, material, and care details before ordering. Please reply this week. Sorry if I missed this information somewhere. Kind regards, Rowan Grove.",2026-07-18 11:34,Product Information,ORD00896
EMAIL02347,CUST0051,Discount code question,"Do you have a student discount or a promo code I can use for the Lumen Walking Shoe? Please reply today. Sorry if I missed this information somewhere. Kind regards, Morgan Ember.",2026-03-15 08:03,Other,ORD00754
EMAIL00755,CUST0143,Please cancel my order,"Hello, please cancel order ORD00931 before it ships. I made this purchase by mistake. Please reply as soon as possible. Please let me know what you need from me. Kind regards, Skyler Hollow.",2026-02-18 18:54,Cancellation,ORD00931
EMAIL01214,CUST0229,Question about Coast Denim Jacket,"Hi, could you tell me more about the Coast Denim Jacket? I need the size, material, and care details before ordering. Please reply as soon as possible. I checked the help page but could not find a clear answer. Kind regards, Jordan Ember.",2026-05-03 13:19,Product Information,
EMAIL00545,CUST0154,I need to return an item,"Dear support team, I received the Nova Wireless Earbuds from order ORD01079, but it does not fit my needs. Please send the return instructions. Please reply as soon as possible. Please let me know what you need from me. Kind regards, Avery Ivy.",2026-07-31 13:47,Return/Refund,ORD01079
EMAIL00455,CUST0167,I need to return an item,"Dear support team, I received the Nimbus Glass Storage Set from order ORD01192, but it does not fit my needs. Please send the return instructions. Please reply as soon as possible. I checked the help page but could not find a clear answer. Kind regards, Morgan Fern.",2026-03-27 13:39,Return/Refund,ORD01192
EMAIL00467,CUST0264,Return request,"The Aster Quilted Vest arrived damaged. I would like to return it and receive a refund for ORD00642. Please reply when you can. Please let me know what you need from me. Kind regards, Taylor Briar.",2026-07-03 19:41,Return/Refund,ORD00642
EMAIL01981,CUST0186,Need a different size,"Hello, I received the Willow Canvas Tote from order ORD01087, but the size is wrong. Can I exchange it for a smaller size? Please reply as soon as possible. A quick reply would be appreciated. Kind regards, Avery Dale.",2026-05-02 10:34,Exchange,ORD01087
EMAIL01887,CUST0283,Can you replace this?,"Hi, the Brook Vitamin C Set from ORD00310 is the wrong size. How can I swap it for the correct one? Please reply as soon as possible. I hope this can be resolved soon. Kind regards, Casey Juniper.",2026-04-08 08:50,Exchange,ORD00310
EMAIL00833,CUST0288,Cancel order,"I no longer need the Orbit Studio Microphone. Can you cancel ORD00094 and refund the payment? Please reply before the weekend. A quick reply would be appreciated. Kind regards, Casey Hollow.",2026-05-03 18:58,Cancellation,ORD00094
EMAIL02376,CUST0293,Need account help,"Hello, I cannot log in after resetting my password. Can you help me access my account? Please reply this week. A quick reply would be appreciated. Kind regards, Quinn Ember.",2026-08-15 18:51,Other,
EMAIL01203,CUST0048,Is this in stock?,"Do you still have the Nova Cast Iron Pan available? I am looking for one as a gift. Please reply as soon as possible. I checked the help page but could not find a clear answer. Kind regards, Morgan Cove.",2026-03-07 13:02,Product Information,ORD01028
EMAIL01716,CUST0110,Very disappointed,"Hi, I am unhappy with order ORD00756. The Pioneer Trail Runner was not as described and this has been frustrating. Please reply before the weekend. Sorry if I missed this information somewhere. Kind regards, Avery Briar.",2026-01-14 18:58,Complaint,ORD00756
EMAIL01557,CUST0071,Complaint about delivery,"My package for ORD00172 arrived much later than promised and nobody sent an update. This is not acceptable. Please reply today. A quick reply would be appreciated. Kind regards, Jordan Ivy.",2026-08-25 14:12,Complaint,ORD00172
EMAIL01623,CUST0149,Very disappointed,"Hello, I am unhappy with order ORD01180. The Willow Denim Jacket was not as described and this has been frustrating. Please reply this week. I checked the help page but could not find a clear answer. Kind regards, Jordan Hollow.",2026-06-11 16:07,Complaint,ORD01180
EMAIL01176,CUST0019,I was charged twice,"I can see two charges for order ORD00878, but I only placed one order. Please look into this. Please reply this week. Sorry if I missed this information somewhere. Kind regards, Rowan Ember.",2026-01-12 16:11,Payment Issue,ORD00878
EMAIL00990,CUST0240,Checkout error,"Hi, my payment keeps failing when I try to buy the Brook Walking Shoe. The card works everywhere else. Please reply today. I hope this can be resolved soon. Kind regards, Avery Lark.",2026-08-26 14:44,Payment Issue,ORD00883
EMAIL01036,CUST0159,Checkout error,"Hi, my payment keeps failing when I try to buy the Nimbus Canvas Tote. The card works everywhere else. Please reply today. Sorry if I missed this information somewhere. Kind regards, Quinn Ivy.",2026-04-23 15:32,Payment Issue,ORD00135
EMAIL00013,CUST0265,Has my package shipped?,"Hi, I ordered a Orbit Training Shoe. Is order ORD00531 on its way yet? Please reply before the weekend. A quick reply would be appreciated. Kind regards, Casey Ivy.",2026-02-17 08:10,Order Status,ORD00531
EMAIL01947,CUST0280,Exchange request,"I would like to exchange the Aster Yoga Mat from order ORD00099 for a different size or color. Please tell me the next steps. Please reply before the weekend. I hope this can be resolved soon. Kind regards, Jordan Fern.",2026-05-18 09:08,Exchange,ORD00099
EMAIL01444,CUST0053,Warranty question,"Hi, does the Nimbus Night Cream come with a warranty? I could not find the answer on the product page. Please reply as soon as possible. I hope this can be resolved soon. Kind regards, Morgan Cove.",2026-01-26 13:23,Product Information,ORD00286
EMAIL01972,CUST0141,Need a different size,"Hi, I received the Nova Wireless Earbuds from order ORD01142, but the size is wrong. Can I exchange it for a smaller size? Please reply today. Sorry if I missed this information somewhere. Kind regards, Riley Grove.",2026-02-05 13:35,Exchange,ORD01142
EMAIL02146,CUST0132,Change my address,"Hi, how do I update the delivery address saved in my account for future orders? Please reply when you can. I hope this can be resolved soon. Kind regards, Skyler Briar.",2026-03-16 12:04,Other,
EMAIL00948,CUST0259,Payment problem,"My card payment for ORD00298 is still pending in my bank app. Did the order go through? Please reply today. A quick reply would be appreciated. Kind regards, Morgan Juniper.",2026-03-12 11:27,Payment Issue,ORD00298
EMAIL01084,CUST0292,I was charged twice,"I can see two charges for order ORD00933, but I only placed one order. Please look into this. Please reply as soon as possible. Please let me know what you need from me. Kind regards, Skyler Juniper.",2026-02-24 20:50,Payment Issue,ORD00933
EMAIL00295,CUST0009,Has my package shipped?,"Hi, I ordered a Solace Daily Runner. Is order ORD00130 on its way yet? Please reply before the weekend. I hope this can be resolved soon. Kind regards, Taylor Cove.",2026-01-04 18:25,Order Status,ORD00130
EMAIL01627,CUST0219,Very disappointed,"Hey, I am unhappy with order ORD00271. The Solace Daily Runner was not as described and this has been frustrating. Please reply as soon as possible. I checked the help page but could not find a clear answer. Kind regards, Avery Dale.",2026-03-17 15:55,Complaint,ORD00271
EMAIL02055,CUST0008,Wrong item size,"The item in order ORD00500 does not fit. I do not need a refund; I would prefer an exchange if possible. Please reply before the weekend. A quick reply would be appreciated. Kind regards, Jamie Grove.",2026-03-17 20:35,Exchange,ORD00500
EMAIL00693,CUST0208,Please cancel my order,"Hey, please cancel order ORD01175 before it ships. I made this purchase by mistake. Please reply when you can. A quick reply would be appreciated. Kind regards, Riley Hollow.",2026-06-09 15:59,Cancellation,ORD01175
EMAIL01327,CUST0053,Is this in stock?,"Do you still have the Echo Laptop Sleeve available? I am looking for one as a gift. Please reply when you can. I hope this can be resolved soon. Kind regards, Morgan Cove.",2026-04-11 16:06,Product Information,ORD00355
EMAIL00876,CUST0295,Accidental order,"Oops, I ordered the wrong item. Is it still possible to stop order ORD00091? Please reply this week. I hope this can be resolved soon. Kind regards, Morgan Hollow.",2026-07-17 18:17,Cancellation,ORD00091
EMAIL01842,CUST0043,Need a different size,"Hello, I received the Nova Trail Runner from order ORD00866, but the size is wrong. Can I exchange it for a smaller size? Please reply before the weekend. Please let me know what you need from me. Kind regards, Skyler Juniper.",2026-03-05 14:38,Exchange,ORD00866
EMAIL00798,CUST0123,Accidental order,"Oops, I ordered the wrong item. Is it still possible to stop order ORD01040? Please reply when you can. Please let me know what you need from me. Kind regards, Jordan Ember.",2026-04-05 18:03,Cancellation,ORD01040
EMAIL01117,CUST0220,I was charged twice,"I can see two charges for order ORD01001, but I only placed one order. Please look into this. Please reply when you can. A quick reply would be appreciated. Kind regards, Quinn Cove.",2026-04-18 18:51,Payment Issue,ORD01001
EMAIL00985,CUST0210,Checkout error,"Hi, my payment keeps failing when I try to buy the Drift Hydrating Serum. The card works everywhere else. Please reply as soon as possible. I hope this can be resolved soon. Kind regards, Morgan Lark.",2026-03-11 20:10,Payment Issue,ORD01084
EMAIL01616,CUST0206,Complaint about delivery,"My package for ORD00824 arrived much later than promised and nobody sent an update. This is not acceptable. Please reply today. A quick reply would be appreciated. Kind regards, Morgan Cove.",2026-07-07 16:56,Complaint,ORD00824
EMAIL00260,CUST0209,Where is my order?,"Hey, I placed order ORD00159 a few days ago and it still says processing. Can you tell me when it will arrive? Thanks, Morgan Ivy Please reply today. I hope this can be resolved soon. Kind regards, Morgan Ivy.",2026-07-04 19:48,Order Status,ORD00159
EMAIL01709,CUST0237,Complaint about delivery,"My package for ORD01020 arrived much later than promised and nobody sent an update. This is not acceptable. Please reply when you can. I hope this can be resolved soon. Kind regards, Jamie Ivy.",2026-05-23 10:24,Complaint,ORD01020
EMAIL02139,CUST0287,Discount code question,"Do you have a student discount or a promo code I can use for the Harbor Cast Iron Pan? Please reply today. Sorry if I missed this information somewhere. Kind regards, Jordan Ivy.",2026-07-20 13:54,Other,ORD00380
EMAIL01192,CUST0249,Payment problem,"My card payment for ORD00341 is still pending in my bank app. Did the order go through? Please reply when you can. Sorry if I missed this information somewhere. Kind regards, Quinn Fern.",2026-02-10 18:00,Payment Issue,ORD00341
EMAIL02125,CUST0046,Discount code question,"Do you have a student discount or a promo code I can use for the Summit Training Shoe? Please reply before the weekend. Please let me know what you need from me. Kind regards, Quinn Ember.",2026-02-20 08:04,Other,
EMAIL00886,CUST0021,Cancel order,"I no longer need the Atlas Coffee Grinder. Can you cancel ORD00161 and refund the payment? Please reply this week. A quick reply would be appreciated. Kind regards, Riley Cove.",2026-07-19 19:21,Cancellation,ORD00161
EMAIL00426,CUST0139,Refund status,"I returned order ORD00145 and have not received my refund. Can someone check the status for me? Please reply when you can. I hope this can be resolved soon. Kind regards, Skyler Dale.",2026-07-08 08:47,Return/Refund,ORD00145
EMAIL00035,CUST0145,Where is my order?,"Hi, I placed order ORD00199 a few days ago and it still says returned. Can you tell me when it will arrive? Regards, Skyler Cove Please reply when you can. Sorry if I missed this information somewhere. Kind regards, Skyler Cove.",2026-04-01 13:31,Order Status,ORD00199
EMAIL01866,CUST0080,Need a different size,"Hello, I received the Sage Resistance Band Set from order ORD00428, but the size is wrong. Can I exchange it for a smaller size? Please reply today. A quick reply would be appreciated. Kind regards, Jamie Juniper.",2026-04-27 13:49,Exchange,ORD00428
EMAIL01229,CUST0071,Question about Coast Denim Jacket,"Dear support team, could you tell me more about the Coast Denim Jacket? I need the size, material, and care details before ordering. Please reply when you can. I checked the help page but could not find a clear answer. Kind regards, Jordan Ivy.",2026-02-28 08:14,Product Information,ORD00515
EMAIL01168,CUST0013,Checkout error,"Hi, my payment keeps failing when I try to buy the Terra Hydrating Serum. The card works everywhere else. Please reply when you can. I checked the help page but could not find a clear answer. Kind regards, Morgan Cove.",2026-03-21 10:20,Payment Issue,ORD00322
EMAIL00187,CUST0034,Has my package shipped?,"Hi, I ordered a Echo Foam Roller. Is order ORD00697 on its way yet? Please reply this week. I checked the help page but could not find a clear answer. Kind regards, Jordan Juniper.",2026-03-30 09:26,Order Status,ORD00697
EMAIL00943,CUST0109,Payment problem,"My card payment for ORD00360 is still pending in my bank app. Did the order go through? Please reply before the weekend. I hope this can be resolved soon. Kind regards, Riley Ember.",2026-01-27 10:48,Payment Issue,ORD00360
EMAIL01592,CUST0039,Very disappointed,"Hi, I am unhappy with order ORD01155. The Drift Trail Runner was not as described and this has been frustrating. Please reply as soon as possible. A quick reply would be appreciated. Kind regards, Jordan Fern.",2026-06-18 10:55,Complaint,ORD01155
EMAIL01297,CUST0193,Question about Summit Rain Jacket,"Hi, could you tell me more about the Summit Rain Jacket? I need the size, material, and care details before ordering. Please reply before the weekend. Please let me know what you need from me. Kind regards, Rowan Ivy.",2026-03-19 12:08,Product Information,ORD01139
EMAIL00344,CUST0164,I need to return an item,"Dear support team, I received the Terra Rain Jacket from order ORD01126, but it does not fit my needs. Please send the return instructions. Please reply this week. I hope this can be resolved soon. Kind regards, Casey Ember.",2026-02-12 17:22,Return/Refund,ORD01126
EMAIL02187,CUST0232,Change my address,"Hi, how do I update the delivery address saved in my account for future orders? Please reply this week. Sorry if I missed this information somewhere. Kind regards, Skyler Dale.",2026-07-04 20:51,Other,ORD00108
EMAIL02283,CUST0074,Change my address,"Hi, how do I update the delivery address saved in my account for future orders? Please reply today. Sorry if I missed this information somewhere. Kind regards, Riley Cove.",2026-03-18 15:26,Other,
EMAIL02192,CUST0275,Discount code question,"Do you have a student discount or a promo code I can use for the Ember Coffee Grinder? Please reply when you can. I checked the help page but could not find a clear answer. Kind regards, Rowan Lark.",2026-07-11 20:23,Other,ORD00706
EMAIL00092,CUST0283,Has my package shipped?,"Hi, I ordered a Brook Vitamin C Set. Is order ORD00310 on its way yet? Please reply when you can. Sorry if I missed this information somewhere. Kind regards, Casey Juniper.",2026-06-12 18:49,Order Status,ORD00310
EMAIL02043,CUST0066,Exchange request,"I would like to exchange the Summit Foam Roller from order ORD00297 for a different size or color. Please tell me the next steps. Please reply this week. A quick reply would be appreciated. Kind regards, Morgan Grove.",2026-02-07 13:49,Exchange,ORD00297
EMAIL01304,CUST0029,Question about Nimbus Portable Speaker,"Hello, could you tell me more about the Nimbus Portable Speaker? I need the size, material, and care details before ordering. Please reply when you can. I checked the help page but could not find a clear answer. Kind regards, Avery Cove.",2026-08-11 09:59,Product Information,
EMAIL00074,CUST0248,Tracking update needed,"Could you check the delivery status of ORD00885? The tracking has not changed and I am starting to worry. Please reply this week. Sorry if I missed this information somewhere. Kind regards, Rowan Juniper.",2026-07-30 08:35,Order Status,ORD00885
EMAIL00920,CUST0237,Payment problem,"My card payment for ORD00585 is still pending in my bank app. Did the order go through? Please reply today. I hope this can be resolved soon. Kind regards, Jamie Ivy.",2026-08-11 10:45,Payment Issue,ORD00585
EMAIL02102,CUST0213,Change my address,"Hi, how do I update the delivery address saved in my account for future orders? Please reply this week. A quick reply would be appreciated. Kind regards, Skyler Ivy.",2026-03-03 19:18,Other,ORD00723
EMAIL01091,CUST0005,I was charged twice,"I can see two charges for order ORD00045, but I only placed one order. Please look into this. Please reply today. Sorry if I missed this information somewhere. Kind regards, Skyler Briar.",2026-06-11 19:19,Payment Issue,ORD00045
EMAIL00321,CUST0176,I need to return an item,"Hello, I received the Coast Compact Blender from order ORD01070, but it does not fit my needs. Please send the return instructions. Please reply before the weekend. Please let me know what you need from me. Kind regards, Skyler Lark.",2026-04-10 18:52,Return/Refund,ORD01070
EMAIL01028,CUST0066,Payment problem,"My card payment for ORD01112 is still pending in my bank app. Did the order go through? Please reply before the weekend. Please let me know what you need from me. Kind regards, Morgan Grove.",2026-01-13 08:43,Payment Issue,ORD01112
EMAIL01756,CUST0273,Very disappointed,"Dear support team, I am unhappy with order ORD00573. The Coast Trail Runner was not as described and this has been frustrating. Please reply before the weekend. Sorry if I missed this information somewhere. Kind regards, Avery Dale.",2026-08-03 08:26,Complaint,ORD00573
EMAIL01569,CUST0202,Poor experience,"I have tried to get help with ORD00512 twice. Still no answer. Really disappointed with the service. Please reply this week. A quick reply would be appreciated. Kind regards, Morgan Fern.",2026-01-03 14:26,Complaint,ORD00512
EMAIL00636,CUST0242,Cancel order,"I no longer need the Cedar Laptop Sleeve. Can you cancel ORD01018 and refund the payment? Please reply as soon as possible. I hope this can be resolved soon. Kind regards, Taylor Ember.",2026-05-05 14:48,Cancellation,ORD01018
EMAIL01078,CUST0230,I was charged twice,"I can see two charges for order ORD00058, but I only placed one order. Please look into this. Please reply today. Sorry if I missed this information somewhere. Kind regards, Jordan Dale.",2026-01-19 20:27,Payment Issue,ORD00058
EMAIL00799,CUST0190,Accidental order,"Oops, I ordered the wrong item. Is it still possible to stop order ORD00372? Please reply today. I hope this can be resolved soon. Kind regards, Taylor Lark.",2026-07-02 08:40,Cancellation,ORD00372
EMAIL01518,CUST0291,Complaint about delivery,"My package for ORD00460 arrived much later than promised and nobody sent an update. This is not acceptable. Please reply before the weekend. I checked the help page but could not find a clear answer. Kind regards, Riley Lark.",2026-07-16 15:10,Complaint,ORD00460
EMAIL01259,CUST0217,Is this in stock?,"Do you still have the Brook Air Fryer available? I am looking for one as a gift. Please reply today. I checked the help page but could not find a clear answer. Kind regards, Avery Grove.",2026-07-15 17:07,Product Information,ORD01122
EMAIL00085,CUST0245,Tracking update needed,"Could you check the delivery status of ORD00406? The tracking has not changed and I am starting to worry. Please reply as soon as possible. I checked the help page but could not find a clear answer. Kind regards, Skyler Grove.",2026-04-06 20:14,Order Status,ORD00406
EMAIL01206,CUST0071,Is this in stock?,"Do you still have the Nova Cast Iron Pan available? I am looking for one as a gift. Please reply when you can. I checked the help page but could not find a clear answer. Kind regards, Jordan Ivy.",2026-06-27 13:37,Product Information,
EMAIL00781,CUST0058,Cancel order,"I no longer need the Brook Walking Shoe. Can you cancel ORD00499 and refund the payment? Please reply this week. I hope this can be resolved soon. Kind regards, Rowan Ivy.",2026-08-15 18:33,Cancellation,ORD00499
EMAIL01107,CUST0126,Checkout error,"Hi, my payment keeps failing when I try to buy the Pioneer Trail Runner. The card works everywhere else. Please reply when you can. A quick reply would be appreciated. Kind regards, Jamie Ivy.",2026-05-26 12:19,Payment Issue,ORD00935
EMAIL01072,CUST0090,Payment problem,"My card payment for ORD00386 is still pending in my bank app. Did the order go through? Please reply when you can. I hope this can be resolved soon. Kind regards, Riley Ember.",2026-02-11 16:39,Payment Issue,ORD00386
EMAIL02130,CUST0055,Change my address,"Hi, how do I update the delivery address saved in my account for future orders? Please reply as soon as possible. Sorry if I missed this information somewhere. Kind regards, Jamie Ivy.",2026-06-26 17:05,Other,ORD00216
EMAIL00156,CUST0291,Where is my order?,"Dear support team, I placed order ORD00141 a few days ago and it still says out for delivery. Can you tell me when it will arrive? Thanks, Riley Lark Please reply this week. Please let me know what you need from me. Kind regards, Riley Lark.",2026-07-21 11:37,Order Status,ORD00141
EMAIL00286,CUST0276,Has my package shipped?,"Hi, I ordered a Pioneer Canvas Tote. Is order ORD00021 on its way yet? Please reply before the weekend. A quick reply would be appreciated. Kind regards, Morgan Lark.",2026-08-04 14:35,Order Status,ORD00021
EMAIL00694,CUST0036,Cancel order,"I no longer need the Orbit Training Shoe. Can you cancel ORD00368 and refund the payment? Please reply as soon as possible. A quick reply would be appreciated. Kind regards, Taylor Fern.",2026-04-17 15:01,Cancellation,ORD00368
EMAIL01245,CUST0290,Question about Sage Air Fryer,"Hello, could you tell me more about the Sage Air Fryer? I need the size, material, and care details before ordering. Please reply before the weekend. Please let me know what you need from me. Kind regards, Casey Hollow.",2026-02-08 10:07,Product Information,ORD00713
EMAIL02184,CUST0177,Discount code question,"Do you have a student discount or a promo code I can use for the Solace Insulated Bottle? Please reply this week. I checked the help page but could not find a clear answer. Kind regards, Quinn Ivy.",2026-06-17 14:25,Other,
EMAIL01898,CUST0021,Can you replace this?,"Hi, the Atlas Coffee Grinder from ORD00161 is the wrong size. How can I swap it for the correct one? Please reply this week. I hope this can be resolved soon. Kind regards, Riley Cove.",2026-06-27 16:41,Exchange,ORD00161
EMAIL00339,CUST0139,I need to return an item,"Hey, I received the Brook Crossbody Bag from order ORD00505, but it does not fit my needs. Please send the return instructions. Please reply when you can. I checked the help page but could not find a clear answer. Kind regards, Skyler Dale.",2026-07-01 13:14,Return/Refund,ORD00505
EMAIL02052,CUST0224,Exchange request,"I would like to exchange the Meadow Quilted Vest from order ORD01085 for a different size or color. Please tell me the next steps. Please reply today. Sorry if I missed this information somewhere. Kind regards, Taylor Ivy.",2026-06-18 11:45,Exchange,ORD01085
EMAIL01071,CUST0028,Checkout error,"Hi, my payment keeps failing when I try to buy the Nova Yoga Mat. The card works everywhere else. Please reply before the weekend. Sorry if I missed this information somewhere. Kind regards, Skyler Ivy.",2026-03-12 08:29,Payment Issue,ORD00093
EMAIL00164,CUST0229,Where is my order?,"Hi, I placed order ORD00975 a few days ago and it still says returned. Can you tell me when it will arrive? Please help, Jordan Ember Please reply today. A quick reply would be appreciated. Kind regards, Jordan Ember.",2026-02-06 19:42,Order Status,ORD00975
EMAIL01384,CUST0256,Is this in stock?,"Do you still have the Terra Canvas Tote available? I am looking for one as a gift. Please reply today. A quick reply would be appreciated. Kind regards, Morgan Cove.",2026-07-14 11:00,Product Information,ORD00285
EMAIL00668,CUST0241,Accidental order,"Oops, I ordered the wrong item. Is it still possible to stop order ORD00696? Please reply when you can. A quick reply would be appreciated. Kind regards, Quinn Fern.",2026-07-21 08:20,Cancellation,ORD00696
EMAIL00887,CUST0194,Accidental order,"Oops, I ordered the wrong item. Is it still possible to stop order ORD00778? Please reply as soon as possible. Sorry if I missed this information somewhere. Kind regards, Jamie Ivy.",2026-06-01 14:12,Cancellation,ORD00778
EMAIL00725,CUST0134,Please cancel my order,"Hello, please cancel order ORD00704 before it ships. I made this purchase by mistake. Please reply when you can. Please let me know what you need from me. Kind regards, Taylor Ember.",2026-01-25 20:59,Cancellation,ORD00704
EMAIL02330,CUST0287,Need account help,"Hey, I cannot log in after resetting my password. Can you help me access my account? Please reply today. A quick reply would be appreciated. Kind regards, Jordan Ivy.",2026-02-10 20:16,Other,ORD00741
EMAIL01294,CUST0185,Is this in stock?,"Do you still have the Lumen Walking Shoe available? I am looking for one as a gift. Please reply before the weekend. I checked the help page but could not find a clear answer. Kind regards, Morgan Dale.",2026-05-23 12:49,Product Information,ORD00719
EMAIL01726,CUST0038,Poor experience,"I have tried to get help with ORD00327 twice. Still no answer. Really disappointed with the service. Please reply as soon as possible. Sorry if I missed this information somewhere. Kind regards, Rowan Dale.",2026-01-07 15:58,Complaint,ORD00327
EMAIL01052,CUST0213,I was charged twice,"I can see two charges for order ORD01083, but I only placed one order. Please look into this. Please reply today. A quick reply would be appreciated. Kind regards, Skyler Ivy.",2026-07-07 20:01,Payment Issue,ORD01083
EMAIL00679,CUST0243,Accidental order,"Oops, I ordered the wrong item. Is it still possible to stop order ORD00667? Please reply before the weekend. Please let me know what you need from me. Kind regards, Riley Dale.",2026-07-30 16:35,Cancellation,ORD00667
EMAIL01046,CUST0268,I was charged twice,"I can see two charges for order ORD00138, but I only placed one order. Please look into this. Please reply today. I checked the help page but could not find a clear answer. Kind regards, Morgan Lark.",2026-07-28 09:00,Payment Issue,ORD00138
EMAIL00711,CUST0170,Accidental order,"Oops, I ordered the wrong item. Is it still possible to stop order ORD01025? Please reply when you can. I checked the help page but could not find a clear answer. Kind regards, Jordan Ivy.",2026-08-11 20:10,Cancellation,ORD01025
EMAIL00612,CUST0249,Please cancel my order,"Hi, please cancel order ORD01103 before it ships. I made this purchase by mistake. Please reply as soon as possible. Please let me know what you need from me. Kind regards, Quinn Fern.",2026-03-31 08:16,Cancellation,ORD01103
EMAIL00654,CUST0201,Please cancel my order,"Hello, please cancel order ORD01131 before it ships. I made this purchase by mistake. Please reply today. Sorry if I missed this information somewhere. Kind regards, Skyler Ivy.",2026-07-02 15:28,Cancellation,ORD01131
EMAIL00159,CUST0151,Where is my order?,"Hey, I placed order ORD01111 a few days ago and it still says returned. Can you tell me when it will arrive? Thanks, Quinn Hollow Please reply this week. I hope this can be resolved soon. Kind regards, Quinn Hollow.",2026-07-09 19:03,Order Status,ORD01111
EMAIL00853,CUST0145,Accidental order,"Oops, I ordered the wrong item. Is it still possible to stop order ORD00147? Please reply before the weekend. I checked the help page but could not find a clear answer. Kind regards, Skyler Cove.",2026-04-27 14:49,Cancellation,ORD00147
EMAIL01503,CUST0232,Complaint about delivery,"My package for ORD00108 arrived much later than promised and nobody sent an update. This is not acceptable. Please reply today. Please let me know what you need from me. Kind regards, Skyler Dale.",2026-08-24 13:52,Complaint,ORD00108
EMAIL01343,CUST0132,Question about Terra Studio Microphone,"Dear support team, could you tell me more about the Terra Studio Microphone? I need the size, material, and care details before ordering. Please reply today. I hope this can be resolved soon. Kind regards, Skyler Briar.",2026-06-28 15:20,Product Information,
EMAIL01819,CUST0214,Need a different size,"Hi, I received the Echo Foam Roller from order ORD00742, but the size is wrong. Can I exchange it for a smaller size? Please reply as soon as possible. A quick reply would be appreciated. Kind regards, Rowan Ivy.",2026-05-18 10:00,Exchange,ORD00742
EMAIL01985,CUST0231,Need a different size,"Hello, I received the Harbor Training Shoe from order ORD00535, but the size is wrong. Can I exchange it for a smaller size? Please reply as soon as possible. I hope this can be resolved soon. Kind regards, Jamie Lark.",2026-03-01 09:38,Exchange,ORD00535
EMAIL02025,CUST0294,Exchange request,"I would like to exchange the Lumen Gentle Cleanser from order ORD00576 for a different size or color. Please tell me the next steps. Please reply as soon as possible. I hope this can be resolved soon. Kind regards, Rowan Grove.",2026-05-24 20:14,Exchange,ORD00576
EMAIL00381,CUST0177,I need to return an item,"Hey, I received the Ember Gentle Cleanser from order ORD00418, but it does not fit my needs. Please send the return instructions. Please reply when you can. Sorry if I missed this information somewhere. Kind regards, Quinn Ivy.",2026-01-02 13:57,Return/Refund,ORD00418
EMAIL02241,CUST0228,Discount code question,"Do you have a student discount or a promo code I can use for the Terra Studio Microphone? Please reply when you can. Please let me know what you need from me. Kind regards, Avery Fern.",2026-02-01 10:35,Other,
EMAIL02091,CUST0113,Exchange request,"I would like to exchange the Brook Crossbody Bag from order ORD00678 for a different size or color. Please tell me the next steps. Please reply this week. Please let me know what you need from me. Kind regards, Avery Cove.",2026-04-14 16:49,Exchange,ORD00678
EMAIL00030,CUST0149,Tracking update needed,"Could you check the delivery status of ORD00829? The tracking has not changed and I am starting to worry. Please reply when you can. I checked the help page but could not find a clear answer. Kind regards, Jordan Hollow.",2026-02-27 09:18,Order Status,ORD00829
EMAIL01114,CUST0289,I was charged twice,"I can see two charges for order ORD00614, but I only placed one order. Please look into this. Please reply when you can. I checked the help page but could not find a clear answer. Kind regards, Rowan Briar.",2026-01-23 14:25,Payment Issue,ORD00614
EMAIL01725,CUST0158,Very disappointed,"Hello, I am unhappy with order ORD00564. The Pioneer Glass Storage Set was not as described and this has been frustrating. Please reply before the weekend. I checked the help page but could not find a clear answer. Kind regards, Jamie Ivy.",2026-04-07 19:23,Complaint,ORD00564
EMAIL01416,CUST0276,Question about Orbit Bamboo Organizer,"Dear support team, could you tell me more about the Orbit Bamboo Organizer? I need the size, material, and care details before ordering. Please reply as soon as possible. A quick reply would be appreciated. Kind regards, Morgan Lark.",2026-03-20 11:21,Product Information,ORD00335
EMAIL00267,CUST0255,Where is my order?,"Hello, I placed order ORD00805 a few days ago and it still says delivered. Can you tell me when it will arrive? Thanks, Avery Lark Please reply as soon as possible. I hope this can be resolved soon. Kind regards, Avery Lark.",2026-08-03 15:33,Order Status,ORD00805
EMAIL00216,CUST0212,Has my package shipped?,"Hi, I ordered a Echo Walking Shoe. Is order ORD00397 on its way yet? Please reply today. A quick reply would be appreciated. Kind regards, Avery Fern.",2026-04-05 08:18,Order Status,ORD00397
EMAIL00129,CUST0276,Where is my order?,"Hey, I placed order ORD00957 a few days ago and it still says delivered. Can you tell me when it will arrive? Regards, Morgan Lark Please reply this week. I checked the help page but could not find a clear answer. Kind regards, Morgan Lark.",2026-04-01 14:13,Order Status,ORD00957
EMAIL00386,CUST0169,Return request,"The Echo Foam Roller arrived damaged. I would like to return it and receive a refund for ORD01161. Please reply before the weekend. A quick reply would be appreciated. Kind regards, Riley Briar.",2026-03-09 15:59,Return/Refund,ORD01161
EMAIL00857,CUST0073,Accidental order,"Oops, I ordered the wrong item. Is it still possible to stop order ORD00947? Please reply as soon as possible. Sorry if I missed this information somewhere. Kind regards, Rowan Fern.",2026-08-25 14:59,Cancellation,ORD00947
EMAIL00722,CUST0159,Accidental order,"Oops, I ordered the wrong item. Is it still possible to stop order ORD00135? Please reply this week. Please let me know what you need from me. Kind regards, Quinn Ivy.",2026-07-19 09:54,Cancellation,ORD00135
EMAIL00936,CUST0181,I was charged twice,"I can see two charges for order ORD00303, but I only placed one order. Please look into this. Please reply as soon as possible. Please let me know what you need from me. Kind regards, Avery Hollow.",2026-06-17 19:32,Payment Issue,ORD00303
EMAIL01480,CUST0288,Warranty question,"Hi, does the Orbit Training Shoe come with a warranty? I could not find the answer on the product page. Please reply when you can. A quick reply would be appreciated. Kind regards, Casey Hollow.",2026-02-19 10:18,Product Information,ORD00932
EMAIL01817,CUST0024,Need a different size,"Hey, I received the Nimbus Portable Speaker from order ORD00143, but the size is wrong. Can I exchange it for a smaller size? Please reply when you can. I checked the help page but could not find a clear answer. Kind regards, Skyler Hollow.",2026-07-29 14:32,Exchange,ORD00143
EMAIL00332,CUST0092,Return request,"The Terra Resistance Band Set arrived damaged. I would like to return it and receive a refund for ORD00041. Please reply when you can. Sorry if I missed this information somewhere. Kind regards, Riley Grove.",2026-04-21 12:22,Return/Refund,ORD00041
EMAIL00848,CUST0077,Please cancel my order,"Hey, please cancel order ORD00170 before it ships. I made this purchase by mistake. Please reply before the weekend. A quick reply would be appreciated. Kind regards, Casey Hollow.",2026-07-18 12:25,Cancellation,ORD00170
EMAIL01100,CUST0121,Payment problem,"My card payment for ORD00284 is still pending in my bank app. Did the order go through? Please reply before the weekend. I hope this can be resolved soon. Kind regards, Riley Grove.",2026-02-25 12:49,Payment Issue,ORD00284
EMAIL00139,CUST0059,Where is my order?,"Hi, I placed order ORD00087 a few days ago and it still says processing. Can you tell me when it will arrive? Regards, Morgan Briar Please reply this week. I hope this can be resolved soon. Kind regards, Morgan Briar.",2026-02-12 20:09,Order Status,ORD00087
EMAIL01008,CUST0249,Checkout error,"Hi, my payment keeps failing when I try to buy the Summit Foam Roller. The card works everywhere else. Please reply today. Please let me know what you need from me. Kind regards, Quinn Fern.",2026-01-30 09:30,Payment Issue,ORD00507
EMAIL00361,CUST0060,Return request,"The Harbor Electric Kettle arrived damaged. I would like to return it and receive a refund for ORD00136. Please reply before the weekend. A quick reply would be appreciated. Kind regards, Taylor Briar.",2026-08-22 11:50,Return/Refund,ORD00136
EMAIL01650,CUST0155,Complaint about delivery,"My package for ORD00791 arrived much later than promised and nobody sent an update. This is not acceptable. Please reply today. A quick reply would be appreciated. Kind regards, Quinn Ember.",2026-05-23 13:03,Complaint,ORD00791
EMAIL01307,CUST0180,Is this in stock?,"Do you still have the Sage Travel Backpack available? I am looking for one as a gift. Please reply today. I hope this can be resolved soon. Kind regards, Morgan Dale.",2026-03-25 15:23,Product Information,ORD00191
EMAIL01748,CUST0122,Complaint about delivery,"My package for ORD01153 arrived much later than promised and nobody sent an update. This is not acceptable. Please reply as soon as possible. I checked the help page but could not find a clear answer. Kind regards, Jordan Dale.",2026-04-06 18:30,Complaint,ORD01153
EMAIL02022,CUST0059,Need a different size,"Dear support team, I received the Terra Resistance Band Set from order ORD00087, but the size is wrong. Can I exchange it for a smaller size? Please reply before the weekend. A quick reply would be appreciated. Kind regards, Morgan Briar.",2026-06-10 18:06,Exchange,ORD00087
EMAIL00495,CUST0129,I need to return an item,"Dear support team, I received the Orbit Insulated Bottle from order ORD00973, but it does not fit my needs. Please send the return instructions. Please reply before the weekend. Sorry if I missed this information somewhere. Kind regards, Quinn Briar.",2026-06-26 08:26,Return/Refund,ORD00973
EMAIL00614,CUST0256,Cancel order,"I no longer need the Summit Training Shoe. Can you cancel ORD00034 and refund the payment? Please reply today. Sorry if I missed this information somewhere. Kind regards, Morgan Cove.",2026-03-06 16:05,Cancellation,ORD00034
EMAIL00921,CUST0230,I was charged twice,"I can see two charges for order ORD00058, but I only placed one order. Please look into this. Please reply as soon as possible. A quick reply would be appreciated. Kind regards, Jordan Dale.",2026-02-20 15:50,Payment Issue,ORD00058
EMAIL00268,CUST0295,Tracking update needed,"Could you check the delivery status of ORD00068? The tracking has not changed and I am starting to worry. Please reply as soon as possible. Please let me know what you need from me. Kind regards, Morgan Hollow.",2026-07-09 13:53,Order Status,ORD00068
EMAIL00269,CUST0080,Where is my order?,"Hey, I placed order ORD00315 a few days ago and it still says delivered. Can you tell me when it will arrive? Please help, Jamie Juniper Please reply before the weekend. A quick reply would be appreciated. Kind regards, Jamie Juniper.",2026-07-13 16:50,Order Status,ORD00315
EMAIL02305,CUST0265,Change my address,"Hi, how do I update the delivery address saved in my account for future orders? Please reply before the weekend. Sorry if I missed this information somewhere. Kind regards, Casey Ivy.",2026-06-02 08:22,Other,ORD00531
EMAIL00776,CUST0297,Please cancel my order,"Hey, please cancel order ORD00671 before it ships. I made this purchase by mistake. Please reply when you can. A quick reply would be appreciated. Kind regards, Riley Grove.",2026-07-08 08:46,Cancellation,ORD00671
EMAIL02201,CUST0200,Need account help,"Hi, I cannot log in after resetting my password. Can you help me access my account? Please reply when you can. A quick reply would be appreciated. Kind regards, Jamie Briar.",2026-07-23 20:10,Other,
EMAIL01988,CUST0054,Exchange request,"I would like to exchange the Drift Rain Jacket from order ORD00914 for a different size or color. Please tell me the next steps. Please reply this week. I hope this can be resolved soon. Kind regards, Rowan Briar.",2026-05-16 08:19,Exchange,ORD00914
EMAIL00648,CUST0052,Please cancel my order,"Dear support team, please cancel order ORD00997 before it ships. I made this purchase by mistake. Please reply this week. I checked the help page but could not find a clear answer. Kind regards, Jordan Hollow.",2026-01-03 09:21,Cancellation,ORD00997
EMAIL00062,CUST0135,Has my package shipped?,"Hi, I ordered a Meadow Electric Kettle. Is order ORD00347 on its way yet? Please reply when you can. I checked the help page but could not find a clear answer. Kind regards, Jamie Fern.",2026-05-26 15:02,Order Status,ORD00347
EMAIL02265,CUST0248,Discount code question,"Do you have a student discount or a promo code I can use for the Coast Denim Jacket? Please reply today. I hope this can be resolved soon. Kind regards, Rowan Juniper.",2026-02-03 08:07,Other,
EMAIL01355,CUST0071,Question about Coast Denim Jacket,"Hey, could you tell me more about the Coast Denim Jacket? I need the size, material, and care details before ordering. Please reply before the weekend. I checked the help page but could not find a clear answer. Kind regards, Jordan Ivy.",2026-06-17 10:55,Product Information,ORD00515
EMAIL01257,CUST0023,Question about Lumen Compact Blender,"Hello, could you tell me more about the Lumen Compact Blender? I need the size, material, and care details before ordering. Please reply today. A quick reply would be appreciated. Kind regards, Riley Dale.",2026-08-06 10:06,Product Information,
EMAIL00687,CUST0110,Please cancel my order,"Hi, please cancel order ORD00756 before it ships. I made this purchase by mistake. Please reply before the weekend. Sorry if I missed this information somewhere. Kind regards, Avery Briar.",2026-07-21 09:14,Cancellation,ORD00756
EMAIL01655,CUST0225,Very disappointed,"Hi, I am unhappy with order ORD00814. The Cedar Rain Jacket was not as described and this has been frustrating. Please reply as soon as possible. A quick reply would be appreciated. Kind regards, Skyler Cove.",2026-07-26 16:42,Complaint,ORD00814
EMAIL01749,CUST0152,Complaint about delivery,"My package for ORD01067 arrived much later than promised and nobody sent an update. This is not acceptable. Please reply today. I checked the help page but could not find a clear answer. Kind regards, Morgan Cove.",2026-03-08 19:50,Complaint,ORD01067
EMAIL01770,CUST0185,Poor experience,"I have tried to get help with ORD00719 twice. Still no answer. Really disappointed with the service. Please reply as soon as possible. A quick reply would be appreciated. Kind regards, Morgan Dale.",2026-03-12 18:36,Complaint,ORD00719
EMAIL01828,CUST0150,Need a different size,"Hello, I received the Drift Noise-Canceling Headphones from order ORD00615, but the size is wrong. Can I exchange it for a smaller size? Please reply this week. Please let me know what you need from me. Kind regards, Riley Lark.",2026-08-12 20:08,Exchange,ORD00615
EMAIL00492,CUST0116,Return request,"The Solace Insulated Bottle arrived damaged. I would like to return it and receive a refund for ORD01186. Please reply when you can. Sorry if I missed this information somewhere. Kind regards, Rowan Juniper.",2026-02-22 17:40,Return/Refund,ORD01186
EMAIL00271,CUST0268,Tracking update needed,"Could you check the delivery status of ORD00965? The tracking has not changed and I am starting to worry. Please reply today. Sorry if I missed this information somewhere. Kind regards, Morgan Lark.",2026-02-02 20:00,Order Status,ORD00965
EMAIL02326,CUST0244,Discount code question,"Do you have a student discount or a promo code I can use for the Drift Hydrating Serum? Please reply today. Please let me know what you need from me. Kind regards, Avery Fern.",2026-05-13 17:47,Other,ORD00809
EMAIL00824,CUST0102,Accidental order,"Oops, I ordered the wrong item. Is it still possible to stop order ORD00995? Please reply this week. I hope this can be resolved soon. Kind regards, Riley Juniper.",2026-02-07 09:15,Cancellation,ORD00995
EMAIL02188,CUST0126,Change my address,"Hi, how do I update the delivery address saved in my account for future orders? Please reply before the weekend. I hope this can be resolved soon. Kind regards, Jamie Ivy.",2026-03-29 08:33,Other,
EMAIL00839,CUST0200,Accidental order,"Oops, I ordered the wrong item. Is it still possible to stop order ORD00641? Please reply today. Please let me know what you need from me. Kind regards, Jamie Briar.",2026-01-06 20:32,Cancellation,ORD00641
EMAIL00738,CUST0021,Accidental order,"Oops, I ordered the wrong item. Is it still possible to stop order ORD00161? Please reply when you can. Please let me know what you need from me. Kind regards, Riley Cove.",2026-07-28 14:09,Cancellation,ORD00161
EMAIL00144,CUST0058,Tracking update needed,"Could you check the delivery status of ORD00452? The tracking has not changed and I am starting to worry. Please reply before the weekend. Please let me know what you need from me. Kind regards, Rowan Ivy.",2026-04-11 17:26,Order Status,ORD00452
EMAIL00244,CUST0103,Tracking update needed,"Could you check the delivery status of ORD00301? The tracking has not changed and I am starting to worry. Please reply when you can. Sorry if I missed this information somewhere. Kind regards, Jamie Dale.",2026-03-14 10:12,Order Status,ORD00301
EMAIL00834,CUST0286,Please cancel my order,"Hello, please cancel order ORD00543 before it ships. I made this purchase by mistake. Please reply when you can. A quick reply would be appreciated. Kind regards, Jamie Grove.",2026-06-15 13:39,Cancellation,ORD00543
EMAIL01519,CUST0115,Complaint about delivery,"My package for ORD00233 arrived much later than promised and nobody sent an update. This is not acceptable. Please reply when you can. I hope this can be resolved soon. Kind regards, Morgan Cove.",2026-07-30 14:36,Complaint,ORD00233
EMAIL01546,CUST0177,Very disappointed,"Dear support team, I am unhappy with order ORD01166. The Cedar Walking Shoe was not as described and this has been frustrating. Please reply before the weekend. Please let me know what you need from me. Kind regards, Quinn Ivy.",2026-06-05 16:10,Complaint,ORD01166
EMAIL00497,CUST0206,Return request,"The Terra Resistance Band Set arrived damaged. I would like to return it and receive a refund for ORD00645. Please reply when you can. I checked the help page but could not find a clear answer. Kind regards, Morgan Cove.",2026-06-13 09:07,Return/Refund,ORD00645
EMAIL01238,CUST0241,Question about Terra Rain Jacket,"Hey, could you tell me more about the Terra Rain Jacket? I need the size, material, and care details before ordering. Please reply when you can. Please let me know what you need from me. Kind regards, Quinn Fern.",2026-06-03 08:51,Product Information,
EMAIL01886,CUST0080,Wrong item size,"The item in order ORD00315 does not fit. I do not need a refund; I would prefer an exchange if possible. Please reply when you can. Sorry if I missed this information somewhere. Kind regards, Jamie Juniper.",2026-07-29 12:49,Exchange,ORD00315
EMAIL02282,CUST0086,Discount code question,"Do you have a student discount or a promo code I can use for the Summit Travel Backpack? Please reply when you can. Sorry if I missed this information somewhere. Kind regards, Jordan Dale.",2026-03-25 08:02,Other,
EMAIL00587,CUST0266,I need to return an item,"Hey, I received the Nimbus Portable Speaker from order ORD00118, but it does not fit my needs. Please send the return instructions. Please reply when you can. Please let me know what you need from me. Kind regards, Skyler Briar.",2026-02-22 15:46,Return/Refund,ORD00118
EMAIL01082,CUST0062,Payment problem,"My card payment for ORD00934 is still pending in my bank app. Did the order go through? Please reply when you can. Please let me know what you need from me. Kind regards, Jordan Cove.",2026-07-27 16:05,Payment Issue,ORD00934
EMAIL01321,CUST0009,Question about Meadow Vitamin C Set,"Hello, could you tell me more about the Meadow Vitamin C Set? I need the size, material, and care details before ordering. Please reply today. I checked the help page but could not find a clear answer. Kind regards, Taylor Cove.",2026-05-19 17:26,Product Information,ORD00686
EMAIL01739,CUST0219,Very disappointed,"Hey, I am unhappy with order ORD00551. The Drift Insulated Bottle was not as described and this has been frustrating. Please reply as soon as possible. Sorry if I missed this information somewhere. Kind regards, Avery Dale.",2026-06-07 09:20,Complaint,ORD00551
EMAIL00228,CUST0276,Where is my order?,"Dear support team, I placed order ORD00957 a few days ago and it still says delivered. Can you tell me when it will arrive? Regards, Morgan Lark Please reply as soon as possible. I hope this can be resolved soon. Kind regards, Morgan Lark.",2026-03-03 19:18,Order Status,ORD00957
EMAIL02120,CUST0032,Change my address,"Hi, how do I update the delivery address saved in my account for future orders? Please reply as soon as possible. Please let me know what you need from me. Kind regards, Jordan Juniper.",2026-04-03 20:33,Other,ORD00901
EMAIL01235,CUST0009,Question about Cedar Rain Jacket,"Dear support team, could you tell me more about the Cedar Rain Jacket? I need the size, material, and care details before ordering. Please reply when you can. Please let me know what you need from me. Kind regards, Taylor Cove.",2026-01-14 13:03,Product Information,
EMAIL01708,CUST0014,Complaint about delivery,"My package for ORD01029 arrived much later than promised and nobody sent an update. This is not acceptable. Please reply this week. I checked the help page but could not find a clear answer. Kind regards, Casey Ember.",2026-08-12 09:03,Complaint,ORD01029
EMAIL00511,CUST0256,Refund status,"I returned order ORD00650 and have not received my refund. Can someone check the status for me? Please reply when you can. Sorry if I missed this information somewhere. Kind regards, Morgan Cove.",2026-05-18 13:14,Return/Refund,ORD00650
EMAIL01494,CUST0225,Question about Aster Laptop Sleeve,"Dear support team, could you tell me more about the Aster Laptop Sleeve? I need the size, material, and care details before ordering. Please reply when you can. A quick reply would be appreciated. Kind regards, Skyler Cove.",2026-05-31 17:35,Product Information,ORD01047
EMAIL00515,CUST0189,I need to return an item,"Hey, I received the Sage Air Fryer from order ORD01031, but it does not fit my needs. Please send the return instructions. Please reply this week. A quick reply would be appreciated. Kind regards, Quinn Ivy.",2026-03-04 11:45,Return/Refund,ORD01031
EMAIL02204,CUST0193,Discount code question,"Do you have a student discount or a promo code I can use for the Summit Rain Jacket? Please reply before the weekend. Please let me know what you need from me. Kind regards, Rowan Ivy.",2026-03-15 09:07,Other,ORD01139
EMAIL01308,CUST0234,Question about Sage Travel Backpack,"Hi, could you tell me more about the Sage Travel Backpack? I need the size, material, and care details before ordering. Please reply this week. I checked the help page but could not find a clear answer. Kind regards, Riley Juniper.",2026-04-03 12:38,Product Information,ORD00004
EMAIL01374,CUST0118,Question about Atlas Laptop Sleeve,"Dear support team, could you tell me more about the Atlas Laptop Sleeve? I need the size, material, and care details before ordering. Please reply as soon as possible. I hope this can be resolved soon. Kind regards, Jordan Ivy.",2026-07-29 12:46,Product Information,ORD00672
EMAIL02144,CUST0073,Change my address,"Hi, how do I update the delivery address saved in my account for future orders? Please reply when you can. I hope this can be resolved soon. Kind regards, Rowan Fern.",2026-04-08 08:59,Other,ORD00189
EMAIL02284,CUST0162,Change my address,"Hi, how do I update the delivery address saved in my account for future orders? Please reply as soon as possible. A quick reply would be appreciated. Kind regards, Jamie Juniper.",2026-08-04 19:45,Other,ORD01104
EMAIL01848,CUST0053,Exchange request,"I would like to exchange the Echo Laptop Sleeve from order ORD00981 for a different size or color. Please tell me the next steps. Please reply when you can. I checked the help page but could not find a clear answer. Kind regards, Morgan Cove.",2026-03-19 09:26,Exchange,ORD00981
EMAIL00891,CUST0178,Cancel order,"I no longer need the Meadow Canvas Tote. Can you cancel ORD00433 and refund the payment? Please reply this week. A quick reply would be appreciated. Kind regards, Skyler Lark.",2026-08-11 19:14,Cancellation,ORD00433
EMAIL01234,CUST0068,Is this in stock?,"Do you still have the Meadow Studio Microphone available? I am looking for one as a gift. Please reply today. I hope this can be resolved soon. Kind regards, Avery Ivy.",2026-07-27 19:51,Product Information,
EMAIL00673,CUST0300,Please cancel my order,"Hey, please cancel order ORD00728 before it ships. I made this purchase by mistake. Please reply this week. Sorry if I missed this information somewhere. Kind regards, Jamie Hollow.",2026-02-02 20:02,Cancellation,ORD00728
EMAIL00007,CUST0124,Where is my order?,"Hello, I placed order ORD00014 a few days ago and it still says delivered. Can you tell me when it will arrive? Please help, Taylor Juniper Please reply today. A quick reply would be appreciated. Kind regards, Taylor Juniper.",2026-06-11 19:38,Order Status,ORD00014
EMAIL01807,CUST0043,Need a different size,"Dear support team, I received the Nova Trail Runner from order ORD00866, but the size is wrong. Can I exchange it for a smaller size? Please reply as soon as possible. I checked the help page but could not find a clear answer. Kind regards, Skyler Juniper.",2026-07-20 17:18,Exchange,ORD00866
EMAIL02332,CUST0156,Need account help,"Hi, I cannot log in after resetting my password. Can you help me access my account? Please reply today. I hope this can be resolved soon. Kind regards, Riley Lark.",2026-01-09 19:09,Other,ORD00870
EMAIL01191,CUST0111,Checkout error,"Hi, my payment keeps failing when I try to buy the Willow Resistance Band Set. The card works everywhere else. Please reply as soon as possible. Please let me know what you need from me. Kind regards, Casey Ivy.",2026-07-26 10:03,Payment Issue,ORD01127
EMAIL00279,CUST0008,Tracking update needed,"Could you check the delivery status of ORD00500? The tracking has not changed and I am starting to worry. Please reply this week. Please let me know what you need from me. Kind regards, Jamie Grove.",2026-04-05 17:49,Order Status,ORD00500
EMAIL01251,CUST0259,Question about Summit Night Cream,"Hey, could you tell me more about the Summit Night Cream? I need the size, material, and care details before ordering. Please reply before the weekend. I hope this can be resolved soon. Kind regards, Morgan Juniper.",2026-02-09 08:26,Product Information,ORD00752
EMAIL00237,CUST0121,Where is my order?,"Hello, I placed order ORD00599 a few days ago and it still says processing. Can you tell me when it will arrive? Thanks, Riley Grove Please reply this week. I hope this can be resolved soon. Kind regards, Riley Grove.",2026-07-13 10:01,Order Status,ORD00599
EMAIL02020,CUST0026,Wrong item size,"The item in order ORD00227 does not fit. I do not need a refund; I would prefer an exchange if possible. Please reply as soon as possible. I checked the help page but could not find a clear answer. Kind regards, Avery Cove.",2026-03-19 12:50,Exchange,ORD00227
EMAIL00569,CUST0015,Refund status,"I returned order ORD00924 and have not received my refund. Can someone check the status for me? Please reply as soon as possible. A quick reply would be appreciated. Kind regards, Riley Ivy.",2026-04-25 18:24,Return/Refund,ORD00924
EMAIL02300,CUST0070,Discount code question,"Do you have a student discount or a promo code I can use for the Sage Air Fryer? Please reply today. Please let me know what you need from me. Kind regards, Taylor Cove.",2026-01-11 12:09,Other,ORD00105
EMAIL00142,CUST0270,Has my package shipped?,"Hi, I ordered a Solace Glass Storage Set. Is order ORD00846 on its way yet? Please reply this week. I checked the help page but could not find a clear answer. Kind regards, Jordan Juniper.",2026-02-07 14:54,Order Status,ORD00846
EMAIL01581,CUST0192,Very disappointed,"Hello, I am unhappy with order ORD00566. The Terra Electric Kettle was not as described and this has been frustrating. Please reply as soon as possible. Please let me know what you need from me. Kind regards, Riley Lark.",2026-03-04 18:59,Complaint,ORD00566
EMAIL00926,CUST0242,Payment problem,"My card payment for ORD01018 is still pending in my bank app. Did the order go through? Please reply before the weekend. A quick reply would be appreciated. Kind regards, Taylor Ember.",2026-01-06 17:21,Payment Issue,ORD01018
EMAIL01529,CUST0297,Complaint about delivery,"My package for ORD00671 arrived much later than promised and nobody sent an update. This is not acceptable. Please reply as soon as possible. A quick reply would be appreciated. Kind regards, Riley Grove.",2026-05-28 09:00,Complaint,ORD00671
EMAIL01051,CUST0046,Payment problem,"My card payment for ORD00190 is still pending in my bank app. Did the order go through? Please reply this week. A quick reply would be appreciated. Kind regards, Quinn Ember.",2026-02-19 13:19,Payment Issue,ORD00190
EMAIL00675,CUST0194,Please cancel my order,"Hey, please cancel order ORD00025 before it ships. I made this purchase by mistake. Please reply today. A quick reply would be appreciated. Kind regards, Jamie Ivy.",2026-04-22 20:40,Cancellation,ORD00025
EMAIL00571,CUST0237,Refund status,"I returned order ORD00560 and have not received my refund. Can someone check the status for me? Please reply today. I checked the help page but could not find a clear answer. Kind regards, Jamie Ivy.",2026-01-14 13:35,Return/Refund,ORD00560
EMAIL00601,CUST0193,Please cancel my order,"Hey, please cancel order ORD00503 before it ships. I made this purchase by mistake. Please reply as soon as possible. I hope this can be resolved soon. Kind regards, Rowan Ivy.",2026-04-15 13:27,Cancellation,ORD00503
EMAIL02033,CUST0145,Wrong item size,"The item in order ORD01017 does not fit. I do not need a refund; I would prefer an exchange if possible. Please reply this week. I checked the help page but could not find a clear answer. Kind regards, Skyler Cove.",2026-05-22 17:34,Exchange,ORD01017
EMAIL01606,CUST0203,Complaint about delivery,"My package for ORD00438 arrived much later than promised and nobody sent an update. This is not acceptable. Please reply this week. Please let me know what you need from me. Kind regards, Quinn Ivy.",2026-05-22 13:35,Complaint,ORD00438
EMAIL01862,CUST0033,Need a different size,"Hello, I received the Solace Insulated Bottle from order ORD00278, but the size is wrong. Can I exchange it for a smaller size? Please reply today. Sorry if I missed this information somewhere. Kind regards, Rowan Lark.",2026-05-03 18:35,Exchange,ORD00278
EMAIL01075,CUST0040,Payment problem,"My card payment for ORD00917 is still pending in my bank app. Did the order go through? Please reply today. I checked the help page but could not find a clear answer. Kind regards, Rowan Ember.",2026-07-21 13:35,Payment Issue,ORD00917
EMAIL01110,CUST0257,Payment problem,"My card payment for ORD00359 is still pending in my bank app. Did the order go through? Please reply when you can. Sorry if I missed this information somewhere. Kind regards, Riley Hollow.",2026-02-17 12:06,Payment Issue,ORD00359
EMAIL01208,CUST0219,Is this in stock?,"Do you still have the Echo Coffee Grinder available? I am looking for one as a gift. Please reply this week. Please let me know what you need from me. Kind regards, Avery Dale.",2026-08-23 16:39,Product Information,
EMAIL00932,CUST0243,Checkout error,"Hi, my payment keeps failing when I try to buy the Aster Quilted Vest. The card works everywhere else. Please reply when you can. Please let me know what you need from me. Kind regards, Riley Dale.",2026-06-20 16:22,Payment Issue,ORD01019
EMAIL02148,CUST0186,Need account help,"Dear support team, I cannot log in after resetting my password. Can you help me access my account? Please reply today. I hope this can be resolved soon. Kind regards, Avery Dale.",2026-03-26 19:14,Other,ORD00424
EMAIL02322,CUST0160,Change my address,"Hi, how do I update the delivery address saved in my account for future orders? Please reply before the weekend. I checked the help page but could not find a clear answer. Kind regards, Riley Ember.",2026-04-23 17:36,Other,ORD00445
EMAIL01612,CUST0253,Complaint about delivery,"My package for ORD00404 arrived much later than promised and nobody sent an update. This is not acceptable. Please reply when you can. A quick reply would be appreciated. Kind regards, Taylor Fern.",2026-03-25 19:48,Complaint,ORD00404
EMAIL01032,CUST0088,I was charged twice,"I can see two charges for order ORD01179, but I only placed one order. Please look into this. Please reply this week. I hope this can be resolved soon. Kind regards, Jordan Cove.",2026-04-08 18:10,Payment Issue,ORD01179
EMAIL01563,CUST0153,Very disappointed,"Dear support team, I am unhappy with order ORD00089. The Lumen Gentle Cleanser was not as described and this has been frustrating. Please reply before the weekend. I checked the help page but could not find a clear answer. Kind regards, Quinn Lark.",2026-04-01 13:14,Complaint,ORD00089
EMAIL00877,CUST0123,Please cancel my order,"Hey, please cancel order ORD01040 before it ships. I made this purchase by mistake. Please reply when you can. I checked the help page but could not find a clear answer. Kind regards, Jordan Ember.",2026-08-06 13:51,Cancellation,ORD01040
EMAIL02155,CUST0166,Change my address,"Hi, how do I update the delivery address saved in my account for future orders? Please reply this week. Sorry if I missed this information somewhere. Kind regards, Skyler Juniper.",2026-03-12 16:45,Other,
EMAIL01504,CUST0029,Very disappointed,"Dear support team, I am unhappy with order ORD00802. The Summit Studio Microphone was not as described and this has been frustrating. Please reply today. Sorry if I missed this information somewhere. Kind regards, Avery Cove.",2026-08-03 12:41,Complaint,ORD00802
EMAIL00371,CUST0064,Refund status,"I returned order ORD01149 and have not received my refund. Can someone check the status for me? Please reply as soon as possible. I hope this can be resolved soon. Kind regards, Skyler Briar.",2026-08-22 18:58,Return/Refund,ORD01149
EMAIL01273,CUST0278,Is this in stock?,"Do you still have the Cedar Laptop Sleeve available? I am looking for one as a gift. Please reply today. A quick reply would be appreciated. Kind regards, Jamie Cove.",2026-04-22 16:19,Product Information,
EMAIL01789,CUST0113,Poor experience,"I have tried to get help with ORD00678 twice. Still no answer. Really disappointed with the service. Please reply today. A quick reply would be appreciated. Kind regards, Avery Cove.",2026-06-14 14:44,Complaint,ORD00678
EMAIL00705,CUST0209,Accidental order,"Oops, I ordered the wrong item. Is it still possible to stop order ORD00159? Please reply before the weekend. A quick reply would be appreciated. Kind regards, Morgan Ivy.",2026-03-03 15:09,Cancellation,ORD00159
EMAIL00556,CUST0183,Return request,"The Coast Denim Jacket arrived damaged. I would like to return it and receive a refund for ORD00430. Please reply as soon as possible. I hope this can be resolved soon. Kind regards, Quinn Cove.",2026-03-16 10:15,Return/Refund,ORD00430
EMAIL00098,CUST0235,Where is my order?,"Hello, I placed order ORD00395 a few days ago and it still says out for delivery. Can you tell me when it will arrive? Regards, Taylor Lark Please reply when you can. I hope this can be resolved soon. Kind regards, Taylor Lark.",2026-06-11 17:54,Order Status,ORD00395
EMAIL01836,CUST0172,Exchange request,"I would like to exchange the Nimbus Foam Roller from order ORD00244 for a different size or color. Please tell me the next steps. Please reply as soon as possible. Please let me know what you need from me. Kind regards, Jordan Briar.",2026-04-06 15:57,Exchange,ORD00244
EMAIL00689,CUST0245,Accidental order,"Oops, I ordered the wrong item. Is it still possible to stop order ORD00436? Please reply when you can. I hope this can be resolved soon. Kind regards, Skyler Grove.",2026-05-14 18:17,Cancellation,ORD00436
EMAIL01023,CUST0258,I was charged twice,"I can see two charges for order ORD01198, but I only placed one order. Please look into this. Please reply when you can. I hope this can be resolved soon. Kind regards, Avery Fern.",2026-06-02 13:28,Payment Issue,ORD01198
EMAIL00376,CUST0109,Refund status,"I returned order ORD00259 and have not received my refund. Can someone check the status for me? Please reply today. I hope this can be resolved soon. Kind regards, Riley Ember.",2026-08-14 20:03,Return/Refund,ORD00259
EMAIL01750,CUST0239,Very disappointed,"Dear support team, I am unhappy with order ORD00580. The Nova Gentle Cleanser was not as described and this has been frustrating. Please reply today. A quick reply would be appreciated. Kind regards, Riley Briar.",2026-08-12 19:00,Complaint,ORD00580
EMAIL00161,CUST0004,Where is my order?,"Hello, I placed order ORD01094 a few days ago and it still says returned. Can you tell me when it will arrive? Thanks, Avery Cove Please reply today. A quick reply would be appreciated. Kind regards, Avery Cove.",2026-06-04 09:33,Order Status,ORD01094
EMAIL00881,CUST0234,Accidental order,"Oops, I ordered the wrong item. Is it still possible to stop order ORD00432? Please reply when you can. I checked the help page but could not find a clear answer. Kind regards, Riley Juniper.",2026-06-07 15:17,Cancellation,ORD00432
EMAIL02117,CUST0107,Need account help,"Hello, I cannot log in after resetting my password. Can you help me access my account? Please reply this week. A quick reply would be appreciated. Kind regards, Quinn Dale.",2026-01-03 10:22,Other,ORD01007
EMAIL02315,CUST0275,Need account help,"Dear support team, I cannot log in after resetting my password. Can you help me access my account? Please reply when you can. Sorry if I missed this information somewhere. Kind regards, Rowan Lark.",2026-06-30 15:30,Other,ORD00706
EMAIL00370,CUST0197,I need to return an item,"Hi, I received the Orbit Fleece Hoodie from order ORD00124, but it does not fit my needs. Please send the return instructions. Please reply before the weekend. A quick reply would be appreciated. Kind regards, Jamie Juniper.",2026-02-27 10:17,Return/Refund,ORD00124
EMAIL02197,CUST0211,Discount code question,"Do you have a student discount or a promo code I can use for the Nova Fleece Hoodie? Please reply this week. Sorry if I missed this information somewhere. Kind regards, Riley Hollow.",2026-04-24 20:52,Other,ORD01185
EMAIL00517,CUST0205,Return request,"The Willow Canvas Tote arrived damaged. I would like to return it and receive a refund for ORD00766. Please reply as soon as possible. Please let me know what you need from me. Kind regards, Rowan Briar.",2026-08-20 20:55,Return/Refund,ORD00766
EMAIL01765,CUST0026,Complaint about delivery,"My package for ORD00227 arrived much later than promised and nobody sent an update. This is not acceptable. Please reply this week. Please let me know what you need from me. Kind regards, Avery Cove.",2026-02-23 11:36,Complaint,ORD00227
EMAIL00987,CUST0028,I was charged twice,"I can see two charges for order ORD00769, but I only placed one order. Please look into this. Please reply today. Please let me know what you need from me. Kind regards, Skyler Ivy.",2026-08-20 20:05,Payment Issue,ORD00769
EMAIL00213,CUST0009,Tracking update needed,"Could you check the delivery status of ORD00130? The tracking has not changed and I am starting to worry. Please reply today. I checked the help page but could not find a clear answer. Kind regards, Taylor Cove.",2026-05-10 15:07,Order Status,ORD00130
EMAIL00934,CUST0202,I was charged twice,"I can see two charges for order ORD00848, but I only placed one order. Please look into this. Please reply as soon as possible. I checked the help page but could not find a clear answer. Kind regards, Morgan Fern.",2026-03-30 10:13,Payment Issue,ORD00848
EMAIL00508,CUST0056,I need to return an item,"Hi, I received the Echo Foam Roller from order ORD00261, but it does not fit my needs. Please send the return instructions. Please reply this week. I checked the help page but could not find a clear answer. Kind regards, Avery Dale.",2026-07-28 14:49,Return/Refund,ORD00261
EMAIL01196,CUST0043,Checkout error,"Hi, my payment keeps failing when I try to buy the Nova Trail Runner. The card works everywhere else. Please reply as soon as possible. I checked the help page but could not find a clear answer. Kind regards, Skyler Juniper.",2026-04-28 13:44,Payment Issue,ORD00866
EMAIL00358,CUST0212,I need to return an item,"Dear support team, I received the Sage Wireless Earbuds from order ORD00941, but it does not fit my needs. Please send the return instructions. Please reply as soon as possible. Please let me know what you need from me. Kind regards, Avery Fern.",2026-08-15 19:34,Return/Refund,ORD00941
EMAIL00604,CUST0298,Please cancel my order,"Hello, please cancel order ORD00454 before it ships. I made this purchase by mistake. Please reply as soon as possible. I checked the help page but could not find a clear answer. Kind regards, Jordan Lark.",2026-05-09 16:02,Cancellation,ORD00454
EMAIL02132,CUST0075,Change my address,"Hi, how do I update the delivery address saved in my account for future orders? Please reply today. Sorry if I missed this information somewhere. Kind regards, Riley Lark.",2026-04-02 18:25,Other,ORD01200
EMAIL02135,CUST0183,Change my address,"Hi, how do I update the delivery address saved in my account for future orders? Please reply as soon as possible. I checked the help page but could not find a clear answer. Kind regards, Quinn Cove.",2026-06-30 11:10,Other,ORD01105
EMAIL00625,CUST0127,Please cancel my order,"Hi, please cancel order ORD00681 before it ships. I made this purchase by mistake. Please reply today. I hope this can be resolved soon. Kind regards, Jamie Hollow.",2026-02-17 18:12,Cancellation,ORD00681
EMAIL02274,CUST0116,Need account help,"Hi, I cannot log in after resetting my password. Can you help me access my account? Please reply before the weekend. Sorry if I missed this information somewhere. Kind regards, Rowan Juniper.",2026-05-29 14:03,Other,
EMAIL00574,CUST0296,Refund status,"I returned order ORD00017 and have not received my refund. Can someone check the status for me? Please reply today. I checked the help page but could not find a clear answer. Kind regards, Riley Briar.",2026-02-05 10:06,Return/Refund,ORD00017
EMAIL01106,CUST0040,Payment problem,"My card payment for ORD01042 is still pending in my bank app. Did the order go through? Please reply before the weekend. I checked the help page but could not find a clear answer. Kind regards, Rowan Ember.",2026-07-19 19:57,Payment Issue,ORD01042
EMAIL01247,CUST0151,Question about Nova Wireless Earbuds,"Hey, could you tell me more about the Nova Wireless Earbuds? I need the size, material, and care details before ordering. Please reply before the weekend. I hope this can be resolved soon. Kind regards, Quinn Hollow.",2026-08-04 16:31,Product Information,ORD00876
EMAIL01457,CUST0220,Question about Nova Coffee Grinder,"Hi, could you tell me more about the Nova Coffee Grinder? I need the size, material, and care details before ordering. Please reply before the weekend. Sorry if I missed this information somewhere. Kind regards, Quinn Cove.",2026-04-26 08:47,Product Information,
EMAIL01575,CUST0037,Poor experience,"I have tried to get help with ORD00326 twice. Still no answer. Really disappointed with the service. Please reply as soon as possible. Sorry if I missed this information somewhere. Kind regards, Skyler Cove.",2026-02-07 17:46,Complaint,ORD00326
EMAIL00578,CUST0290,Refund status,"I returned order ORD00043 and have not received my refund. Can someone check the status for me? Please reply today. I checked the help page but could not find a clear answer. Kind regards, Casey Hollow.",2026-02-26 20:14,Return/Refund,ORD00043
EMAIL01685,CUST0117,Poor experience,"I have tried to get help with ORD00142 twice. Still no answer. Really disappointed with the service. Please reply this week. I checked the help page but could not find a clear answer. Kind regards, Skyler Juniper.",2026-02-05 18:27,Complaint,ORD00142
EMAIL02238,CUST0227,Need account help,"Hello, I cannot log in after resetting my password. Can you help me access my account? Please reply when you can. I hope this can be resolved soon. Kind regards, Jordan Fern.",2026-02-03 14:50,Other,ORD00722
EMAIL02041,CUST0031,Wrong item size,"The item in order ORD00103 does not fit. I do not need a refund; I would prefer an exchange if possible. Please reply before the weekend. Please let me know what you need from me. Kind regards, Quinn Briar.",2026-05-13 20:21,Exchange,ORD00103
EMAIL00209,CUST0250,Where is my order?,"Hello, I placed order ORD01129 a few days ago and it still says delivered. Can you tell me when it will arrive? Please help, Quinn Cove Please reply this week. I checked the help page but could not find a clear answer. Kind regards, Quinn Cove.",2026-03-12 17:35,Order Status,ORD01129
EMAIL01620,CUST0244,Very disappointed,"Hey, I am unhappy with order ORD01116. The Aster Night Cream was not as described and this has been frustrating. Please reply this week. A quick reply would be appreciated. Kind regards, Avery Fern.",2026-04-11 08:03,Complaint,ORD01116
EMAIL00992,CUST0139,I was charged twice,"I can see two charges for order ORD00505, but I only placed one order. Please look into this. Please reply as soon as possible. I checked the help page but could not find a clear answer. Kind regards, Skyler Dale.",2026-02-09 16:21,Payment Issue,ORD00505
EMAIL01059,CUST0202,Checkout error,"Hi, my payment keeps failing when I try to buy the Pioneer Portable Speaker. The card works everywhere else. Please reply when you can. I hope this can be resolved soon. Kind regards, Morgan Fern.",2026-04-21 16:35,Payment Issue,ORD00848
EMAIL01177,CUST0203,Checkout error,"Hi, my payment keeps failing when I try to buy the Brook Bamboo Organizer. The card works everywhere else. Please reply when you can. A quick reply would be appreciated. Kind regards, Quinn Ivy.",2026-04-08 08:06,Payment Issue,ORD00930
EMAIL01905,CUST0051,Need a different size,"Dear support team, I received the Lumen Gentle Cleanser from order ORD01165, but the size is wrong. Can I exchange it for a smaller size? Please reply today. Please let me know what you need from me. Kind regards, Morgan Ember.",2026-05-19 12:59,Exchange,ORD01165
EMAIL01120,CUST0085,I was charged twice,"I can see two charges for order ORD00258, but I only placed one order. Please look into this. Please reply as soon as possible. A quick reply would be appreciated. Kind regards, Rowan Hollow.",2026-01-26 18:50,Payment Issue,ORD00258
EMAIL00608,CUST0082,Cancel order,"I no longer need the Coast Denim Jacket. Can you cancel ORD01034 and refund the payment? Please reply when you can. I checked the help page but could not find a clear answer. Kind regards, Rowan Dale.",2026-06-27 12:15,Cancellation,ORD01034
EMAIL00680,CUST0249,Cancel order,"I no longer need the Ember Coffee Grinder. Can you cancel ORD00341 and refund the payment? Please reply before the weekend. A quick reply would be appreciated. Kind regards, Quinn Fern.",2026-03-21 16:10,Cancellation,ORD00341
EMAIL01705,CUST0108,Poor experience,"I have tried to get help with ORD00408 twice. Still no answer. Really disappointed with the service. Please reply as soon as possible. Sorry if I missed this information somewhere. Kind regards, Rowan Lark.",2026-01-21 10:15,Complaint,ORD00408
EMAIL01400,CUST0168,Warranty question,"Hi, does the Willow Vitamin C Set come with a warranty? I could not find the answer on the product page. Please reply as soon as possible. I checked the help page but could not find a clear answer. Kind regards, Riley Briar.",2026-08-15 08:03,Product Information,
EMAIL00275,CUST0193,Tracking update needed,"Could you check the delivery status of ORD00992? The tracking has not changed and I am starting to worry. Please reply when you can. Please let me know what you need from me. Kind regards, Rowan Ivy.",2026-08-26 19:46,Order Status,ORD00992
EMAIL02271,CUST0223,Discount code question,"Do you have a student discount or a promo code I can use for the Aster Laptop Sleeve? Please reply before the weekend. A quick reply would be appreciated. Kind regards, Casey Grove.",2026-06-12 12:12,Other,
EMAIL01015,CUST0231,Payment problem,"My card payment for ORD00535 is still pending in my bank app. Did the order go through? Please reply before the weekend. A quick reply would be appreciated. Kind regards, Jamie Lark.",2026-02-19 20:32,Payment Issue,ORD00535
EMAIL01262,CUST0206,Warranty question,"Hi, does the Ember Coffee Grinder come with a warranty? I could not find the answer on the product page. Please reply today. I hope this can be resolved soon. Kind regards, Morgan Cove.",2026-04-22 19:08,Product Information,
EMAIL00709,CUST0083,Please cancel my order,"Hello, please cancel order ORD01115 before it ships. I made this purchase by mistake. Please reply today. I checked the help page but could not find a clear answer. Kind regards, Riley Grove.",2026-08-04 20:16,Cancellation,ORD01115
EMAIL01736,CUST0216,Very disappointed,"Dear support team, I am unhappy with order ORD00613. The Nimbus Foam Roller was not as described and this has been frustrating. Please reply when you can. Please let me know what you need from me. Kind regards, Morgan Lark.",2026-07-11 14:58,Complaint,ORD00613
EMAIL00543,CUST0004,Refund status,"I returned order ORD00403 and have not received my refund. Can someone check the status for me? Please reply when you can. I hope this can be resolved soon. Kind regards, Avery Cove.",2026-05-28 11:44,Return/Refund,ORD00403
EMAIL02166,CUST0228,Change my address,"Hi, how do I update the delivery address saved in my account for future orders? Please reply when you can. Sorry if I missed this information somewhere. Kind regards, Avery Fern.",2026-02-04 08:40,Other,ORD01068
EMAIL02222,CUST0043,Discount code question,"Do you have a student discount or a promo code I can use for the Harbor Wireless Earbuds? Please reply when you can. Please let me know what you need from me. Kind regards, Skyler Juniper.",2026-08-06 09:30,Other,
EMAIL00303,CUST0189,I need to return an item,"Dear support team, I received the Sage Air Fryer from order ORD01031, but it does not fit my needs. Please send the return instructions. Please reply this week. Sorry if I missed this information somewhere. Kind regards, Quinn Ivy.",2026-02-09 16:36,Return/Refund,ORD01031
EMAIL00320,CUST0042,I need to return an item,"Hello, I received the Cedar Rain Jacket from order ORD00646, but it does not fit my needs. Please send the return instructions. Please reply today. A quick reply would be appreciated. Kind regards, Morgan Ember.",2026-03-19 14:05,Return/Refund,ORD00646
EMAIL02307,CUST0082,Change my address,"Hi, how do I update the delivery address saved in my account for future orders? Please reply this week. I checked the help page but could not find a clear answer. Kind regards, Rowan Dale.",2026-06-22 18:55,Other,ORD01034
EMAIL02395,CUST0168,Change my address,"Hi, how do I update the delivery address saved in my account for future orders? Please reply today. I checked the help page but could not find a clear answer. Kind regards, Riley Briar.",2026-04-04 09:02,Other,
EMAIL01090,CUST0174,Payment problem,"My card payment for ORD00996 is still pending in my bank app. Did the order go through? Please reply when you can. A quick reply would be appreciated. Kind regards, Avery Dale.",2026-05-25 10:46,Payment Issue,ORD00996
EMAIL01724,CUST0291,Poor experience,"I have tried to get help with ORD00460 twice. Still no answer. Really disappointed with the service. Please reply today. Please let me know what you need from me. Kind regards, Riley Lark.",2026-05-24 13:58,Complaint,ORD00460
EMAIL01333,CUST0126,Question about Pioneer Vitamin C Set,"Hi, could you tell me more about the Pioneer Vitamin C Set? I need the size, material, and care details before ordering. Please reply this week. A quick reply would be appreciated. Kind regards, Jamie Ivy.",2026-08-07 17:30,Product Information,ORD01138
EMAIL00407,CUST0068,Refund status,"I returned order ORD01193 and have not received my refund. Can someone check the status for me? Please reply when you can. A quick reply would be appreciated. Kind regards, Avery Ivy.",2026-02-21 12:10,Return/Refund,ORD01193
EMAIL01740,CUST0079,Very disappointed,"Hey, I am unhappy with order ORD00849. The Meadow Ceramic Mug Set was not as described and this has been frustrating. Please reply before the weekend. Please let me know what you need from me. Kind regards, Riley Dale.",2026-01-07 17:10,Complaint,ORD00849
EMAIL02164,CUST0113,Change my address,"Hi, how do I update the delivery address saved in my account for future orders? Please reply as soon as possible. Sorry if I missed this information somewhere. Kind regards, Avery Cove.",2026-07-11 15:06,Other,
EMAIL00108,CUST0186,Has my package shipped?,"Hi, I ordered a Lumen Resistance Band Set. Is order ORD00893 on its way yet? Please reply before the weekend. Please let me know what you need from me. Kind regards, Avery Dale.",2026-02-07 20:20,Order Status,ORD00893
EMAIL02207,CUST0054,Discount code question,"Do you have a student discount or a promo code I can use for the Nova Gentle Cleanser? Please reply as soon as possible. A quick reply would be appreciated. Kind regards, Rowan Briar.",2026-02-12 08:04,Other,ORD00990
EMAIL01364,CUST0174,Warranty question,"Hi, does the Aster Laptop Sleeve come with a warranty? I could not find the answer on the product page. Please reply when you can. I checked the help page but could not find a clear answer. Kind regards, Avery Dale.",2026-05-27 13:12,Product Information,ORD00980
EMAIL01872,CUST0115,Can you replace this?,"Hi, the Coast Denim Jacket from ORD00233 is the wrong size. How can I swap it for the correct one? Please reply when you can. Please let me know what you need from me. Kind regards, Morgan Cove.",2026-03-22 13:14,Exchange,ORD00233
EMAIL00242,CUST0267,Tracking update needed,"Could you check the delivery status of ORD00080? The tracking has not changed and I am starting to worry. Please reply today. I hope this can be resolved soon. Kind regards, Jordan Lark.",2026-03-23 11:53,Order Status,ORD00080
EMAIL00844,CUST0271,Please cancel my order,"Hi, please cancel order ORD00753 before it ships. I made this purchase by mistake. Please reply before the weekend. Sorry if I missed this information somewhere. Kind regards, Avery Dale.",2026-08-16 18:07,Cancellation,ORD00753
EMAIL01759,CUST0097,Poor experience,"I have tried to get help with ORD00223 twice. Still no answer. Really disappointed with the service. Please reply as soon as possible. Please let me know what you need from me. Kind regards, Morgan Fern.",2026-06-15 19:21,Complaint,ORD00223
EMAIL00732,CUST0210,Accidental order,"Oops, I ordered the wrong item. Is it still possible to stop order ORD01084? Please reply as soon as possible. I hope this can be resolved soon. Kind regards, Morgan Lark.",2026-07-11 19:04,Cancellation,ORD01084
EMAIL00498,CUST0084,Return request,"The Meadow Foam Roller arrived damaged. I would like to return it and receive a refund for ORD00734. Please reply before the weekend. A quick reply would be appreciated. Kind regards, Morgan Ember.",2026-07-09 12:43,Return/Refund,ORD00734
EMAIL00157,CUST0267,Where is my order?,"Hello, I placed order ORD00628 a few days ago and it still says delivered. Can you tell me when it will arrive? Regards, Jordan Lark Please reply as soon as possible. A quick reply would be appreciated. Kind regards, Jordan Lark.",2026-04-14 18:00,Order Status,ORD00628
EMAIL02358,CUST0140,Need account help,"Dear support team, I cannot log in after resetting my password. Can you help me access my account? Please reply this week. Please let me know what you need from me. Kind regards, Casey Lark.",2026-08-05 16:24,Other,
EMAIL02059,CUST0281,Can you replace this?,"Hi, the Sage Training Shoe from ORD00502 is the wrong size. How can I swap it for the correct one? Please reply today. Please let me know what you need from me. Kind regards, Taylor Hollow.",2026-03-21 18:08,Exchange,ORD00502
EMAIL01882,CUST0276,Can you replace this?,"Hi, the Orbit Bamboo Organizer from ORD00335 is the wrong size. How can I swap it for the correct one? Please reply this week. A quick reply would be appreciated. Kind regards, Morgan Lark.",2026-07-18 11:12,Exchange,ORD00335
EMAIL01545,CUST0147,Very disappointed,"Dear support team, I am unhappy with order ORD00530. The Willow Walking Shoe was not as described and this has been frustrating. Please reply as soon as possible. I hope this can be resolved soon. Kind regards, Rowan Grove.",2026-02-15 09:39,Complaint,ORD00530
EMAIL01369,CUST0162,Is this in stock?,"Do you still have the Meadow Electric Kettle available? I am looking for one as a gift. Please reply today. I hope this can be resolved soon. Kind regards, Jamie Juniper.",2026-02-12 16:51,Product Information,
EMAIL01135,CUST0117,Checkout error,"Hi, my payment keeps failing when I try to buy the Sage Gentle Cleanser. The card works everywhere else. Please reply when you can. I hope this can be resolved soon. Kind regards, Skyler Juniper.",2026-01-23 14:43,Payment Issue,ORD00142
EMAIL01930,CUST0028,Need a different size,"Hey, I received the Nova Yoga Mat from order ORD00093, but the size is wrong. Can I exchange it for a smaller size? Please reply before the weekend. I checked the help page but could not find a clear answer. Kind regards, Skyler Ivy.",2026-05-31 08:35,Exchange,ORD00093
EMAIL01048,CUST0197,Checkout error,"Hi, my payment keeps failing when I try to buy the Orbit Fleece Hoodie. The card works everywhere else. Please reply this week. I hope this can be resolved soon. Kind regards, Jamie Juniper.",2026-08-24 20:43,Payment Issue,ORD00124
EMAIL02152,CUST0228,Change my address,"Hi, how do I update the delivery address saved in my account for future orders? Please reply before the weekend. Sorry if I missed this information somewhere. Kind regards, Avery Fern.",2026-05-05 14:40,Other,ORD01140
EMAIL01388,CUST0277,Is this in stock?,"Do you still have the Orbit Insulated Bottle available? I am looking for one as a gift. Please reply today. I hope this can be resolved soon. Kind regards, Quinn Briar.",2026-07-23 19:21,Product Information,ORD00643
EMAIL02250,CUST0218,Need account help,"Dear support team, I cannot log in after resetting my password. Can you help me access my account? Please reply when you can. I checked the help page but could not find a clear answer. Kind regards, Jamie Hollow.",2026-02-28 19:37,Other,
EMAIL00513,CUST0156,Refund status,"I returned order ORD00472 and have not received my refund. Can someone check the status for me? Please reply this week. A quick reply would be appreciated. Kind regards, Riley Lark.",2026-04-13 10:53,Return/Refund,ORD00472
EMAIL01095,CUST0140,I was charged twice,"I can see two charges for order ORD00274, but I only placed one order. Please look into this. Please reply when you can. A quick reply would be appreciated. Kind regards, Casey Lark.",2026-04-23 13:50,Payment Issue,ORD00274
EMAIL01723,CUST0190,Poor experience,"I have tried to get help with ORD00835 twice. Still no answer. Really disappointed with the service. Please reply as soon as possible. A quick reply would be appreciated. Kind regards, Taylor Lark.",2026-01-27 16:25,Complaint,ORD00835
EMAIL01955,CUST0009,Need a different size,"Hello, I received the Atlas Gentle Cleanser from order ORD00113, but the size is wrong. Can I exchange it for a smaller size? Please reply today. A quick reply would be appreciated. Kind regards, Taylor Cove.",2026-03-29 18:00,Exchange,ORD00113
EMAIL00762,CUST0192,Cancel order,"I no longer need the Drift Trail Runner. Can you cancel ORD00675 and refund the payment? Please reply this week. Please let me know what you need from me. Kind regards, Riley Lark.",2026-07-11 14:01,Cancellation,ORD00675
EMAIL01835,CUST0155,Need a different size,"Hello, I received the Aster Studio Microphone from order ORD00331, but the size is wrong. Can I exchange it for a smaller size? Please reply as soon as possible. I checked the help page but could not find a clear answer. Kind regards, Quinn Ember.",2026-07-06 08:24,Exchange,ORD00331
EMAIL00117,CUST0027,Tracking update needed,"Could you check the delivery status of ORD00691? The tracking has not changed and I am starting to worry. Please reply today. Please let me know what you need from me. Kind regards, Jamie Lark.",2026-06-08 09:01,Order Status,ORD00691
EMAIL01417,CUST0148,Warranty question,"Hi, does the Willow Resistance Band Set come with a warranty? I could not find the answer on the product page. Please reply this week. Please let me know what you need from me. Kind regards, Casey Hollow.",2026-05-31 20:26,Product Information,
EMAIL02287,CUST0121,Discount code question,"Do you have a student discount or a promo code I can use for the Cedar Rain Jacket? Please reply when you can. I hope this can be resolved soon. Kind regards, Riley Grove.",2026-08-10 10:50,Other,ORD01074
EMAIL00239,CUST0232,Where is my order?,"Dear support team, I placed order ORD00194 a few days ago and it still says delivered. Can you tell me when it will arrive? Regards, Skyler Dale Please reply today. Sorry if I missed this information somewhere. Kind regards, Skyler Dale.",2026-08-16 14:31,Order Status,ORD00194
EMAIL02220,CUST0092,Change my address,"Hi, how do I update the delivery address saved in my account for future orders? Please reply this week. Sorry if I missed this information somewhere. Kind regards, Riley Grove.",2026-04-04 20:17,Other,ORD00041
EMAIL00224,CUST0280,Has my package shipped?,"Hi, I ordered a Aster Yoga Mat. Is order ORD00099 on its way yet? Please reply before the weekend. Please let me know what you need from me. Kind regards, Jordan Fern.",2026-03-29 13:07,Order Status,ORD00099
EMAIL01211,CUST0126,Is this in stock?,"Do you still have the Drift Ceramic Mug Set available? I am looking for one as a gift. Please reply this week. Sorry if I missed this information somewhere. Kind regards, Jamie Ivy.",2026-03-14 11:36,Product Information,
EMAIL00904,CUST0280,I was charged twice,"I can see two charges for order ORD00333, but I only placed one order. Please look into this. Please reply when you can. Sorry if I missed this information somewhere. Kind regards, Jordan Fern.",2026-06-30 13:32,Payment Issue,ORD00333
EMAIL01829,CUST0266,Can you replace this?,"Hi, the Nimbus Portable Speaker from ORD00118 is the wrong size. How can I swap it for the correct one? Please reply this week. Sorry if I missed this information somewhere. Kind regards, Skyler Briar.",2026-07-24 15:18,Exchange,ORD00118
EMAIL02105,CUST0033,Discount code question,"Do you have a student discount or a promo code I can use for the Solace Insulated Bottle? Please reply today. I checked the help page but could not find a clear answer. Kind regards, Rowan Lark.",2026-06-03 19:48,Other,ORD00278
EMAIL00499,CUST0207,Return request,"The Orbit Studio Microphone arrived damaged. I would like to return it and receive a refund for ORD00904. Please reply before the weekend. I checked the help page but could not find a clear answer. Kind regards, Jordan Ivy.",2026-07-14 09:25,Return/Refund,ORD00904
EMAIL00766,CUST0222,Accidental order,"Oops, I ordered the wrong item. Is it still possible to stop order ORD00626? Please reply as soon as possible. I hope this can be resolved soon. Kind regards, Quinn Fern.",2026-05-25 17:22,Cancellation,ORD00626
EMAIL01808,CUST0089,Wrong item size,"The item in order ORD00169 does not fit. I do not need a refund; I would prefer an exchange if possible. Please reply before the weekend. I checked the help page but could not find a clear answer. Kind regards, Morgan Ember.",2026-01-20 19:15,Exchange,ORD00169
EMAIL00375,CUST0287,Return request,"The Pioneer Rain Jacket arrived damaged. I would like to return it and receive a refund for ORD00741. Please reply today. A quick reply would be appreciated. Kind regards, Jordan Ivy.",2026-05-14 12:03,Return/Refund,ORD00741
EMAIL00429,CUST0300,Refund status,"I returned order ORD00728 and have not received my refund. Can someone check the status for me? Please reply this week. Please let me know what you need from me. Kind regards, Jamie Hollow.",2026-05-20 15:07,Return/Refund,ORD00728
EMAIL00895,CUST0064,Cancel order,"I no longer need the Cedar Bamboo Organizer. Can you cancel ORD01149 and refund the payment? Please reply this week. Sorry if I missed this information somewhere. Kind regards, Skyler Briar.",2026-02-12 08:12,Cancellation,ORD01149
EMAIL01143,CUST0088,I was charged twice,"I can see two charges for order ORD01179, but I only placed one order. Please look into this. Please reply as soon as possible. A quick reply would be appreciated. Kind regards, Jordan Cove.",2026-04-22 09:05,Payment Issue,ORD01179
EMAIL01688,CUST0100,Very disappointed,"Hello, I am unhappy with order ORD00387. The Ember Crossbody Bag was not as described and this has been frustrating. Please reply today. I hope this can be resolved soon. Kind regards, Taylor Cove.",2026-07-10 15:42,Complaint,ORD00387
EMAIL01265,CUST0253,Is this in stock?,"Do you still have the Atlas Insulated Bottle available? I am looking for one as a gift. Please reply this week. Sorry if I missed this information somewhere. Kind regards, Taylor Fern.",2026-02-09 20:26,Product Information,ORD00541
EMAIL01157,CUST0237,Payment problem,"My card payment for ORD00560 is still pending in my bank app. Did the order go through? Please reply this week. I checked the help page but could not find a clear answer. Kind regards, Jamie Ivy.",2026-03-10 10:24,Payment Issue,ORD00560
EMAIL02051,CUST0050,Need a different size,"Dear support team, I received the Willow Coffee Grinder from order ORD01102, but the size is wrong. Can I exchange it for a smaller size? Please reply when you can. A quick reply would be appreciated. Kind regards, Casey Briar.",2026-06-09 15:12,Exchange,ORD01102
EMAIL00678,CUST0069,Please cancel my order,"Hi, please cancel order ORD01062 before it ships. I made this purchase by mistake. Please reply today. Please let me know what you need from me. Kind regards, Rowan Ember.",2026-04-06 08:22,Cancellation,ORD01062
EMAIL02324,CUST0054,Discount code question,"Do you have a student discount or a promo code I can use for the Nova Fleece Hoodie? Please reply when you can. Sorry if I missed this information somewhere. Kind regards, Rowan Briar.",2026-07-19 13:40,Other,ORD01163
EMAIL00524,CUST0164,Return request,"The Terra Rain Jacket arrived damaged. I would like to return it and receive a refund for ORD01126. Please reply when you can. Please let me know what you need from me. Kind regards, Casey Ember.",2026-03-19 09:51,Return/Refund,ORD01126
EMAIL01888,CUST0265,Need a different size,"Dear support team, I received the Coast Gentle Cleanser from order ORD00357, but the size is wrong. Can I exchange it for a smaller size? Please reply when you can. Sorry if I missed this information somewhere. Kind regards, Casey Ivy.",2026-01-03 13:40,Exchange,ORD00357
EMAIL00729,CUST0050,Please cancel my order,"Hello, please cancel order ORD00972 before it ships. I made this purchase by mistake. Please reply this week. Please let me know what you need from me. Kind regards, Casey Briar.",2026-07-05 08:58,Cancellation,ORD00972
EMAIL01381,CUST0028,Warranty question,"Hi, does the Brook Walking Shoe come with a warranty? I could not find the answer on the product page. Please reply when you can. A quick reply would be appreciated. Kind regards, Skyler Ivy.",2026-07-21 13:14,Product Information,ORD00769
EMAIL00093,CUST0186,Tracking update needed,"Could you check the delivery status of ORD00893? The tracking has not changed and I am starting to worry. Please reply when you can. I hope this can be resolved soon. Kind regards, Avery Dale.",2026-08-04 11:46,Order Status,ORD00893
EMAIL02027,CUST0043,Need a different size,"Hello, I received the Nova Trail Runner from order ORD00866, but the size is wrong. Can I exchange it for a smaller size? Please reply when you can. Sorry if I missed this information somewhere. Kind regards, Skyler Juniper.",2026-01-15 14:21,Exchange,ORD00866
EMAIL00351,CUST0218,Return request,"The Summit Glass Storage Set arrived damaged. I would like to return it and receive a refund for ORD00374. Please reply today. I hope this can be resolved soon. Kind regards, Jamie Hollow.",2026-02-27 10:39,Return/Refund,ORD00374
EMAIL01939,CUST0180,Need a different size,"Hello, I received the Sage Ceramic Mug Set from order ORD00750, but the size is wrong. Can I exchange it for a smaller size? Please reply today. Please let me know what you need from me. Kind regards, Morgan Dale.",2026-06-24 16:13,Exchange,ORD00750
EMAIL01803,CUST0072,Exchange request,"I would like to exchange the Orbit Laptop Sleeve from order ORD00016 for a different size or color. Please tell me the next steps. Please reply before the weekend. Sorry if I missed this information somewhere. Kind regards, Riley Lark.",2026-06-21 08:10,Exchange,ORD00016
EMAIL00692,CUST0130,Accidental order,"Oops, I ordered the wrong item. Is it still possible to stop order ORD01091? Please reply this week. I hope this can be resolved soon. Kind regards, Jamie Dale.",2026-04-03 14:47,Cancellation,ORD01091
EMAIL02229,CUST0210,Need account help,"Dear support team, I cannot log in after resetting my password. Can you help me access my account? Please reply today. Sorry if I missed this information somewhere. Kind regards, Morgan Lark.",2026-03-13 11:19,Other,ORD01084
EMAIL02209,CUST0089,Need account help,"Hello, I cannot log in after resetting my password. Can you help me access my account? Please reply when you can. I checked the help page but could not find a clear answer. Kind regards, Morgan Ember.",2026-05-11 15:56,Other,ORD00821
EMAIL01699,CUST0298,Complaint about delivery,"My package for ORD00454 arrived much later than promised and nobody sent an update. This is not acceptable. Please reply before the weekend. I hope this can be resolved soon. Kind regards, Jordan Lark.",2026-06-10 18:28,Complaint,ORD00454
EMAIL01601,CUST0176,Poor experience,"I have tried to get help with ORD00082 twice. Still no answer. Really disappointed with the service. Please reply as soon as possible. I hope this can be resolved soon. Kind regards, Skyler Lark.",2026-02-22 11:46,Complaint,ORD00082
EMAIL02340,CUST0274,Need account help,"Hi, I cannot log in after resetting my password. Can you help me access my account? Please reply today. Please let me know what you need from me. Kind regards, Casey Cove.",2026-07-27 20:22,Other,ORD00304
EMAIL01889,CUST0132,Need a different size,"Dear support team, I received the Lumen Canvas Tote from order ORD00635, but the size is wrong. Can I exchange it for a smaller size? Please reply this week. Please let me know what you need from me. Kind regards, Skyler Briar.",2026-08-23 14:17,Exchange,ORD00635
EMAIL01755,CUST0008,Very disappointed,"Hi, I am unhappy with order ORD00617. The Coast Denim Jacket was not as described and this has been frustrating. Please reply today. I hope this can be resolved soon. Kind regards, Jamie Grove.",2026-06-21 14:40,Complaint,ORD00617
EMAIL00564,CUST0037,Refund status,"I returned order ORD00326 and have not received my refund. Can someone check the status for me? Please reply when you can. Please let me know what you need from me. Kind regards, Skyler Cove.",2026-08-06 20:03,Return/Refund,ORD00326
EMAIL00162,CUST0052,Tracking update needed,"Could you check the delivery status of ORD00198? The tracking has not changed and I am starting to worry. Please reply today. I hope this can be resolved soon. Kind regards, Jordan Hollow.",2026-04-24 14:03,Order Status,ORD00198
EMAIL01043,CUST0048,Payment problem,"My card payment for ORD01028 is still pending in my bank app. Did the order go through? Please reply when you can. A quick reply would be appreciated. Kind regards, Morgan Cove.",2026-08-01 16:41,Payment Issue,ORD01028
EMAIL02206,CUST0074,Change my address,"Hi, how do I update the delivery address saved in my account for future orders? Please reply this week. A quick reply would be appreciated. Kind regards, Riley Cove.",2026-04-24 19:27,Other,
EMAIL00801,CUST0240,Please cancel my order,"Hi, please cancel order ORD00883 before it ships. I made this purchase by mistake. Please reply today. I checked the help page but could not find a clear answer. Kind regards, Avery Lark.",2026-03-10 20:03,Cancellation,ORD00883
EMAIL01818,CUST0219,Can you replace this?,"Hi, the Solace Daily Runner from ORD00271 is the wrong size. How can I swap it for the correct one? Please reply today. I checked the help page but could not find a clear answer. Kind regards, Avery Dale.",2026-01-01 18:52,Exchange,ORD00271
EMAIL00611,CUST0210,Cancel order,"I no longer need the Drift Hydrating Serum. Can you cancel ORD01084 and refund the payment? Please reply before the weekend. A quick reply would be appreciated. Kind regards, Morgan Lark.",2026-03-19 14:39,Cancellation,ORD01084
EMAIL01067,CUST0073,I was charged twice,"I can see two charges for order ORD00947, but I only placed one order. Please look into this. Please reply when you can. I hope this can be resolved soon. Kind regards, Rowan Fern.",2026-05-03 13:32,Payment Issue,ORD00947
EMAIL02252,CUST0209,Change my address,"Hi, how do I update the delivery address saved in my account for future orders? Please reply as soon as possible. I hope this can be resolved soon. Kind regards, Morgan Ivy.",2026-05-15 20:30,Other,ORD00159
EMAIL00096,CUST0042,Tracking update needed,"Could you check the delivery status of ORD00690? The tracking has not changed and I am starting to worry. Please reply today. Sorry if I missed this information somewhere. Kind regards, Morgan Ember.",2026-07-23 08:26,Order Status,ORD00690
EMAIL01347,CUST0118,Question about Meadow Ceramic Mug Set,"Hey, could you tell me more about the Meadow Ceramic Mug Set? I need the size, material, and care details before ordering. Please reply this week. Sorry if I missed this information somewhere. Kind regards, Jordan Ivy.",2026-05-28 20:02,Product Information,
EMAIL01731,CUST0156,Poor experience,"I have tried to get help with ORD00870 twice. Still no answer. Really disappointed with the service. Please reply today. I hope this can be resolved soon. Kind regards, Riley Lark.",2026-03-07 16:13,Complaint,ORD00870
EMAIL00617,CUST0015,Accidental order,"Oops, I ordered the wrong item. Is it still possible to stop order ORD00924? Please reply when you can. Sorry if I missed this information somewhere. Kind regards, Riley Ivy.",2026-03-12 19:36,Cancellation,ORD00924
EMAIL01937,CUST0217,Need a different size,"Hello, I received the Nimbus Fleece Hoodie from order ORD00971, but the size is wrong. Can I exchange it for a smaller size? Please reply when you can. A quick reply would be appreciated. Kind regards, Avery Grove.",2026-06-22 18:27,Exchange,ORD00971
EMAIL00182,CUST0269,Tracking update needed,"Could you check the delivery status of ORD01095? The tracking has not changed and I am starting to worry. Please reply when you can. I checked the help page but could not find a clear answer. Kind regards, Jordan Lark.",2026-06-03 16:21,Order Status,ORD01095
EMAIL01593,CUST0280,Complaint about delivery,"My package for ORD00333 arrived much later than promised and nobody sent an update. This is not acceptable. Please reply as soon as possible. A quick reply would be appreciated. Kind regards, Jordan Fern.",2026-03-07 08:38,Complaint,ORD00333
EMAIL00704,CUST0086,Cancel order,"I no longer need the Echo Noise-Canceling Headphones. Can you cancel ORD01055 and refund the payment? Please reply this week. Please let me know what you need from me. Kind regards, Jordan Dale.",2026-03-17 18:45,Cancellation,ORD01055
EMAIL02058,CUST0175,Wrong item size,"The item in order ORD00740 does not fit. I do not need a refund; I would prefer an exchange if possible. Please reply today. Please let me know what you need from me. Kind regards, Morgan Cove.",2026-05-07 13:12,Exchange,ORD00740
EMAIL01086,CUST0142,Checkout error,"Hi, my payment keeps failing when I try to buy the Harbor Fleece Hoodie. The card works everywhere else. Please reply as soon as possible. Sorry if I missed this information somewhere. Kind regards, Riley Cove.",2026-02-19 17:35,Payment Issue,ORD01014
EMAIL00010,CUST0286,Tracking update needed,"Could you check the delivery status of ORD00543? The tracking has not changed and I am starting to worry. Please reply as soon as possible. I checked the help page but could not find a clear answer. Kind regards, Jamie Grove.",2026-08-22 14:04,Order Status,ORD00543
EMAIL02094,CUST0066,Wrong item size,"The item in order ORD00779 does not fit. I do not need a refund; I would prefer an exchange if possible. Please reply as soon as possible. Sorry if I missed this information somewhere. Kind regards, Morgan Grove.",2026-08-15 14:11,Exchange,ORD00779
EMAIL01385,CUST0010,Warranty question,"Hi, does the Nimbus Foam Roller come with a warranty? I could not find the answer on the product page. Please reply as soon as possible. Sorry if I missed this information somewhere. Kind regards, Taylor Grove.",2026-03-03 17:07,Product Information,ORD01048
EMAIL00236,CUST0143,Where is my order?,"Dear support team, I placed order ORD00931 a few days ago and it still says processing. Can you tell me when it will arrive? Thank you, Skyler Hollow Please reply before the weekend. Please let me know what you need from me. Kind regards, Skyler Hollow.",2026-06-05 20:06,Order Status,ORD00931
EMAIL01093,CUST0202,Payment problem,"My card payment for ORD00512 is still pending in my bank app. Did the order go through? Please reply before the weekend. Sorry if I missed this information somewhere. Kind regards, Morgan Fern.",2026-06-24 14:03,Payment Issue,ORD00512
EMAIL02221,CUST0075,Change my address,"Hi, how do I update the delivery address saved in my account for future orders? Please reply when you can. I hope this can be resolved soon. Kind regards, Riley Lark.",2026-07-31 12:12,Other,ORD00624
EMAIL00917,CUST0087,Checkout error,"Hi, my payment keeps failing when I try to buy the Nova Trail Runner. The card works everywhere else. Please reply as soon as possible. A quick reply would be appreciated. Kind regards, Taylor Hollow.",2026-07-21 10:57,Payment Issue,ORD01049
EMAIL02345,CUST0223,Need account help,"Hey, I cannot log in after resetting my password. Can you help me access my account? Please reply this week. I checked the help page but could not find a clear answer. Kind regards, Casey Grove.",2026-03-31 15:59,Other,ORD00796
EMAIL02179,CUST0025,Change my address,"Hi, how do I update the delivery address saved in my account for future orders? Please reply before the weekend. Sorry if I missed this information somewhere. Kind regards, Morgan Dale.",2026-04-27 11:49,Other,
EMAIL01175,CUST0116,I was charged twice,"I can see two charges for order ORD00694, but I only placed one order. Please look into this. Please reply as soon as possible. Sorry if I missed this information somewhere. Kind regards, Rowan Juniper.",2026-01-23 16:22,Payment Issue,ORD00694
EMAIL00810,CUST0151,Cancel order,"I no longer need the Cedar Walking Shoe. Can you cancel ORD00243 and refund the payment? Please reply when you can. I hope this can be resolved soon. Kind regards, Quinn Hollow.",2026-06-28 16:33,Cancellation,ORD00243
EMAIL00868,CUST0096,Accidental order,"Oops, I ordered the wrong item. Is it still possible to stop order ORD00204? Please reply as soon as possible. A quick reply would be appreciated. Kind regards, Skyler Juniper.",2026-05-27 16:21,Cancellation,ORD00204
EMAIL01944,CUST0186,Exchange request,"I would like to exchange the Willow Coffee Grinder from order ORD00424 for a different size or color. Please tell me the next steps. Please reply as soon as possible. Sorry if I missed this information somewhere. Kind regards, Avery Dale.",2026-02-14 17:10,Exchange,ORD00424
EMAIL01573,CUST0273,Poor experience,"I have tried to get help with ORD00473 twice. Still no answer. Really disappointed with the service. Please reply when you can. I checked the help page but could not find a clear answer. Kind regards, Avery Dale.",2026-03-25 11:38,Complaint,ORD00473
EMAIL01255,CUST0152,Is this in stock?,"Do you still have the Pioneer Trail Runner available? I am looking for one as a gift. Please reply today. Please let me know what you need from me. Kind regards, Morgan Cove.",2026-06-19 12:39,Product Information,
EMAIL00940,CUST0048,Payment problem,"My card payment for ORD00115 is still pending in my bank app. Did the order go through? Please reply today. A quick reply would be appreciated. Kind regards, Morgan Cove.",2026-08-22 10:02,Payment Issue,ORD00115
EMAIL00489,CUST0031,I need to return an item,"Hi, I received the Cedar Rain Jacket from order ORD00456, but it does not fit my needs. Please send the return instructions. Please reply before the weekend. I hope this can be resolved soon. Kind regards, Quinn Briar.",2026-07-11 17:34,Return/Refund,ORD00456
EMAIL02136,CUST0026,Change my address,"Hi, how do I update the delivery address saved in my account for future orders? Please reply before the weekend. I hope this can be resolved soon. Kind regards, Avery Cove.",2026-05-07 19:08,Other,ORD00469
EMAIL00191,CUST0223,Where is my order?,"Hi, I placed order ORD00384 a few days ago and it still says delivered. Can you tell me when it will arrive? Please help, Casey Grove Please reply this week. Please let me know what you need from me. Kind regards, Casey Grove.",2026-04-01 11:21,Order Status,ORD00384
EMAIL00751,CUST0100,Accidental order,"Oops, I ordered the wrong item. Is it still possible to stop order ORD00387? Please reply this week. I checked the help page but could not find a clear answer. Kind regards, Taylor Cove.",2026-06-21 11:08,Cancellation,ORD00387
EMAIL02116,CUST0247,Change my address,"Hi, how do I update the delivery address saved in my account for future orders? Please reply as soon as possible. Sorry if I missed this information somewhere. Kind regards, Morgan Dale.",2026-03-21 15:30,Other,
EMAIL01634,CUST0298,Complaint about delivery,"My package for ORD00912 arrived much later than promised and nobody sent an update. This is not acceptable. Please reply before the weekend. Sorry if I missed this information somewhere. Kind regards, Jordan Lark.",2026-05-29 11:27,Complaint,ORD00912
EMAIL00598,CUST0234,Return request,"The Sage Travel Backpack arrived damaged. I would like to return it and receive a refund for ORD00004. Please reply as soon as possible. A quick reply would be appreciated. Kind regards, Riley Juniper.",2026-07-03 19:03,Return/Refund,ORD00004
EMAIL02219,CUST0127,Change my address,"Hi, how do I update the delivery address saved in my account for future orders? Please reply when you can. Please let me know what you need from me. Kind regards, Jamie Hollow.",2026-02-13 14:50,Other,
EMAIL00433,CUST0067,Refund status,"I returned order ORD00371 and have not received my refund. Can someone check the status for me? Please reply this week. I checked the help page but could not find a clear answer. Kind regards, Jordan Fern.",2026-08-10 16:11,Return/Refund,ORD00371
EMAIL01473,CUST0233,Question about Orbit Training Shoe,"Hey, could you tell me more about the Orbit Training Shoe? I need the size, material, and care details before ordering. Please reply this week. Sorry if I missed this information somewhere. Kind regards, Riley Ivy.",2026-03-09 17:47,Product Information,
EMAIL00716,CUST0275,Accidental order,"Oops, I ordered the wrong item. Is it still possible to stop order ORD01157? Please reply today. Sorry if I missed this information somewhere. Kind regards, Rowan Lark.",2026-07-04 17:35,Cancellation,ORD01157
EMAIL00232,CUST0197,Has my package shipped?,"Hi, I ordered a Echo Noise-Canceling Headphones. Is order ORD00385 on its way yet? Please reply this week. Please let me know what you need from me. Kind regards, Jamie Juniper.",2026-07-17 09:14,Order Status,ORD00385
EMAIL00583,CUST0106,Refund status,"I returned order ORD00575 and have not received my refund. Can someone check the status for me? Please reply before the weekend. Sorry if I missed this information somewhere. Kind regards, Quinn Ivy.",2026-01-31 18:18,Return/Refund,ORD00575
EMAIL00829,CUST0048,Accidental order,"Oops, I ordered the wrong item. Is it still possible to stop order ORD00115? Please reply as soon as possible. I checked the help page but could not find a clear answer. Kind regards, Morgan Cove.",2026-03-24 19:13,Cancellation,ORD00115
EMAIL01607,CUST0027,Very disappointed,"Hello, I am unhappy with order ORD00691. The Sage Wireless Earbuds was not as described and this has been frustrating. Please reply when you can. I checked the help page but could not find a clear answer. Kind regards, Jamie Lark.",2026-01-29 17:41,Complaint,ORD00691
EMAIL00577,CUST0048,I need to return an item,"Dear support team, I received the Solace Night Cream from order ORD00273, but it does not fit my needs. Please send the return instructions. Please reply before the weekend. A quick reply would be appreciated. Kind regards, Morgan Cove.",2026-03-03 08:41,Return/Refund,ORD00273
EMAIL00116,CUST0157,Tracking update needed,"Could you check the delivery status of ORD01171? The tracking has not changed and I am starting to worry. Please reply today. I hope this can be resolved soon. Kind regards, Avery Juniper.",2026-07-18 13:31,Order Status,ORD01171
EMAIL00340,CUST0035,Return request,"The Pioneer Trail Runner arrived damaged. I would like to return it and receive a refund for ORD00629. Please reply this week. Please let me know what you need from me. Kind regards, Skyler Grove.",2026-05-19 14:30,Return/Refund,ORD00629
EMAIL01631,CUST0297,Very disappointed,"Hey, I am unhappy with order ORD00671. The Lumen Denim Jacket was not as described and this has been frustrating. Please reply before the weekend. Please let me know what you need from me. Kind regards, Riley Grove.",2026-01-20 11:15,Complaint,ORD00671
EMAIL01371,CUST0155,Is this in stock?,"Do you still have the Drift Coffee Grinder available? I am looking for one as a gift. Please reply when you can. I checked the help page but could not find a clear answer. Kind regards, Quinn Ember.",2026-06-15 14:00,Product Information,
EMAIL00529,CUST0192,Return request,"The Willow Denim Jacket arrived damaged. I would like to return it and receive a refund for ORD00184. Please reply before the weekend. Sorry if I missed this information somewhere. Kind regards, Riley Lark.",2026-08-23 10:07,Return/Refund,ORD00184
EMAIL01968,CUST0131,Wrong item size,"The item in order ORD01009 does not fit. I do not need a refund; I would prefer an exchange if possible. Please reply this week. I checked the help page but could not find a clear answer. Kind regards, Skyler Juniper.",2026-04-02 08:48,Exchange,ORD01009
EMAIL01261,CUST0262,Question about Coast Foam Roller,"Dear support team, could you tell me more about the Coast Foam Roller? I need the size, material, and care details before ordering. Please reply before the weekend. I hope this can be resolved soon. Kind regards, Avery Grove.",2026-03-25 20:47,Product Information,ORD00907
EMAIL01394,CUST0129,Is this in stock?,"Do you still have the Ember Coffee Grinder available? I am looking for one as a gift. Please reply as soon as possible. A quick reply would be appreciated. Kind regards, Quinn Briar.",2026-07-03 08:06,Product Information,
EMAIL01931,CUST0176,Can you replace this?,"Hi, the Meadow Electric Kettle from ORD00953 is the wrong size. How can I swap it for the correct one? Please reply today. Sorry if I missed this information somewhere. Kind regards, Skyler Lark.",2026-06-16 11:46,Exchange,ORD00953
EMAIL01359,CUST0074,Warranty question,"Hi, does the Summit Air Fryer come with a warranty? I could not find the answer on the product page. Please reply this week. Sorry if I missed this information somewhere. Kind regards, Riley Cove.",2026-02-08 19:24,Product Information,
EMAIL00786,CUST0280,Please cancel my order,"Hello, please cancel order ORD00099 before it ships. I made this purchase by mistake. Please reply this week. I hope this can be resolved soon. Kind regards, Jordan Fern.",2026-05-20 09:15,Cancellation,ORD00099
EMAIL00310,CUST0194,Refund status,"I returned order ORD00778 and have not received my refund. Can someone check the status for me? Please reply today. A quick reply would be appreciated. Kind regards, Jamie Ivy.",2026-07-15 16:06,Return/Refund,ORD00778
EMAIL00710,CUST0203,Accidental order,"Oops, I ordered the wrong item. Is it still possible to stop order ORD00162? Please reply as soon as possible. Please let me know what you need from me. Kind regards, Quinn Ivy.",2026-04-26 10:52,Cancellation,ORD00162
EMAIL02141,CUST0045,Change my address,"Hi, how do I update the delivery address saved in my account for future orders? Please reply before the weekend. A quick reply would be appreciated. Kind regards, Taylor Cove.",2026-01-10 09:57,Other,ORD00632
EMAIL00522,CUST0020,I need to return an item,"Hi, I received the Atlas Gentle Cleanser from order ORD01045, but it does not fit my needs. Please send the return instructions. Please reply today. I checked the help page but could not find a clear answer. Kind regards, Morgan Briar.",2026-08-24 08:21,Return/Refund,ORD01045
EMAIL01913,CUST0034,Exchange request,"I would like to exchange the Solace Studio Microphone from order ORD00562 for a different size or color. Please tell me the next steps. Please reply today. I checked the help page but could not find a clear answer. Kind regards, Jordan Juniper.",2026-07-31 10:45,Exchange,ORD00562
EMAIL01543,CUST0160,Poor experience,"I have tried to get help with ORD00450 twice. Still no answer. Really disappointed with the service. Please reply before the weekend. A quick reply would be appreciated. Kind regards, Riley Ember.",2026-01-08 11:45,Complaint,ORD00450
EMAIL00925,CUST0300,Payment problem,"My card payment for ORD00330 is still pending in my bank app. Did the order go through? Please reply as soon as possible. I checked the help page but could not find a clear answer. Kind regards, Jamie Hollow.",2026-05-06 19:41,Payment Issue,ORD00330
EMAIL01533,CUST0111,Poor experience,"I have tried to get help with ORD00293 twice. Still no answer. Really disappointed with the service. Please reply today. I hope this can be resolved soon. Kind regards, Casey Ivy.",2026-02-04 10:47,Complaint,ORD00293
EMAIL01219,CUST0246,Warranty question,"Hi, does the Aster Studio Microphone come with a warranty? I could not find the answer on the product page. Please reply this week. A quick reply would be appreciated. Kind regards, Riley Grove.",2026-01-18 12:45,Product Information,ORD00026
EMAIL00659,CUST0151,Please cancel my order,"Dear support team, please cancel order ORD00312 before it ships. I made this purchase by mistake. Please reply this week. A quick reply would be appreciated. Kind regards, Quinn Hollow.",2026-06-15 19:04,Cancellation,ORD00312
EMAIL00865,CUST0051,Please cancel my order,"Hey, please cancel order ORD01165 before it ships. I made this purchase by mistake. Please reply when you can. Sorry if I missed this information somewhere. Kind regards, Morgan Ember.",2026-02-22 18:16,Cancellation,ORD01165
EMAIL02138,CUST0023,Change my address,"Hi, how do I update the delivery address saved in my account for future orders? Please reply this week. Sorry if I missed this information somewhere. Kind regards, Riley Dale.",2026-01-05 20:24,Other,
EMAIL00472,CUST0161,Return request,"The Atlas Laptop Sleeve arrived damaged. I would like to return it and receive a refund for ORD00903. Please reply this week. Sorry if I missed this information somewhere. Kind regards, Skyler Grove.",2026-02-06 20:34,Return/Refund,ORD00903
EMAIL01311,CUST0293,Is this in stock?,"Do you still have the Terra Canvas Tote available? I am looking for one as a gift. Please reply this week. A quick reply would be appreciated. Kind regards, Quinn Ember.",2026-01-10 13:14,Product Information,
EMAIL00684,CUST0285,Cancel order,"I no longer need the Sage Wireless Earbuds. Can you cancel ORD00561 and refund the payment? Please reply as soon as possible. Please let me know what you need from me. Kind regards, Jamie Hollow.",2026-02-06 10:48,Cancellation,ORD00561
EMAIL01360,CUST0295,Question about Solace Travel Backpack,"Hello, could you tell me more about the Solace Travel Backpack? I need the size, material, and care details before ordering. Please reply before the weekend. I checked the help page but could not find a clear answer. Kind regards, Morgan Hollow.",2026-05-07 12:50,Product Information,
EMAIL01340,CUST0062,Question about Echo Cast Iron Pan,"Dear support team, could you tell me more about the Echo Cast Iron Pan? I need the size, material, and care details before ordering. Please reply as soon as possible. I hope this can be resolved soon. Kind regards, Jordan Cove.",2026-01-11 18:08,Product Information,ORD00137
EMAIL01790,CUST0200,Poor experience,"I have tried to get help with ORD00906 twice. Still no answer. Really disappointed with the service. Please reply as soon as possible. Sorry if I missed this information somewhere. Kind regards, Jamie Briar.",2026-06-22 08:26,Complaint,ORD00906
EMAIL01565,CUST0142,Complaint about delivery,"My package for ORD01014 arrived much later than promised and nobody sent an update. This is not acceptable. Please reply this week. Sorry if I missed this information somewhere. Kind regards, Riley Cove.",2026-05-08 11:33,Complaint,ORD01014
EMAIL00944,CUST0147,Payment problem,"My card payment for ORD00306 is still pending in my bank app. Did the order go through? Please reply today. I hope this can be resolved soon. Kind regards, Rowan Grove.",2026-06-24 14:40,Payment Issue,ORD00306
EMAIL01610,CUST0250,Poor experience,"I have tried to get help with ORD01129 twice. Still no answer. Really disappointed with the service. Please reply when you can. I checked the help page but could not find a clear answer. Kind regards, Quinn Cove.",2026-04-24 20:04,Complaint,ORD01129
EMAIL00551,CUST0210,I need to return an item,"Dear support team, I received the Drift Hydrating Serum from order ORD01084, but it does not fit my needs. Please send the return instructions. Please reply when you can. Sorry if I missed this information somewhere. Kind regards, Morgan Lark.",2026-04-18 08:55,Return/Refund,ORD01084
EMAIL01578,CUST0281,Complaint about delivery,"My package for ORD00492 arrived much later than promised and nobody sent an update. This is not acceptable. Please reply when you can. A quick reply would be appreciated. Kind regards, Taylor Hollow.",2026-03-17 08:21,Complaint,ORD00492
EMAIL01236,CUST0215,Is this in stock?,"Do you still have the Nova Fleece Hoodie available? I am looking for one as a gift. Please reply as soon as possible. Please let me know what you need from me. Kind regards, Rowan Hollow.",2026-07-31 12:26,Product Information,ORD00264
EMAIL01279,CUST0127,Warranty question,"Hi, does the Aster Yoga Mat come with a warranty? I could not find the answer on the product page. Please reply as soon as possible. A quick reply would be appreciated. Kind regards, Jamie Hollow.",2026-07-08 18:01,Product Information,
EMAIL02030,CUST0270,Need a different size,"Hi, I received the Nimbus Glass Storage Set from order ORD00317, but the size is wrong. Can I exchange it for a smaller size? Please reply as soon as possible. I hope this can be resolved soon. Kind regards, Jordan Juniper.",2026-07-17 14:41,Exchange,ORD00317
EMAIL00964,CUST0013,Payment problem,"My card payment for ORD00322 is still pending in my bank app. Did the order go through? Please reply this week. I hope this can be resolved soon. Kind regards, Morgan Cove.",2026-06-23 13:28,Payment Issue,ORD00322
EMAIL01270,CUST0294,Is this in stock?,"Do you still have the Meadow Canvas Tote available? I am looking for one as a gift. Please reply as soon as possible. I hope this can be resolved soon. Kind regards, Rowan Grove.",2026-06-28 14:10,Product Information,ORD00682
EMAIL00353,CUST0246,I need to return an item,"Hi, I received the Brook Wireless Earbuds from order ORD00743, but it does not fit my needs. Please send the return instructions. Please reply this week. Sorry if I missed this information somewhere. Kind regards, Riley Grove.",2026-05-22 16:55,Return/Refund,ORD00743
EMAIL01382,CUST0140,Question about Atlas Gentle Cleanser,"Hey, could you tell me more about the Atlas Gentle Cleanser? I need the size, material, and care details before ordering. Please reply this week. A quick reply would be appreciated. Kind regards, Casey Lark.",2026-01-31 11:36,Product Information,ORD00274
EMAIL01586,CUST0040,Very disappointed,"Hey, I am unhappy with order ORD00917. The Willow Canvas Tote was not as described and this has been frustrating. Please reply as soon as possible. I checked the help page but could not find a clear answer. Kind regards, Rowan Ember.",2026-07-13 17:48,Complaint,ORD00917
EMAIL02073,CUST0286,Need a different size,"Hello, I received the Coast Cast Iron Pan from order ORD00543, but the size is wrong. Can I exchange it for a smaller size? Please reply this week. I hope this can be resolved soon. Kind regards, Jamie Grove.",2026-03-29 12:08,Exchange,ORD00543
EMAIL02224,CUST0048,Need account help,"Hello, I cannot log in after resetting my password. Can you help me access my account? Please reply this week. Please let me know what you need from me. Kind regards, Morgan Cove.",2026-04-05 16:40,Other,ORD00273
EMAIL02389,CUST0083,Need account help,"Hello, I cannot log in after resetting my password. Can you help me access my account? Please reply this week. I checked the help page but could not find a clear answer. Kind regards, Riley Grove.",2026-04-03 14:15,Other,
EMAIL01266,CUST0145,Question about Ember Resistance Band Set,"Hello, could you tell me more about the Ember Resistance Band Set? I need the size, material, and care details before ordering. Please reply this week. I checked the help page but could not find a clear answer. Kind regards, Skyler Cove.",2026-01-15 11:56,Product Information,ORD00147
EMAIL01399,CUST0051,Warranty question,"Hi, does the Lumen Walking Shoe come with a warranty? I could not find the answer on the product page. Please reply today. Sorry if I missed this information somewhere. Kind regards, Morgan Ember.",2026-01-18 18:11,Product Information,ORD00754
EMAIL01441,CUST0161,Is this in stock?,"Do you still have the Cedar Air Fryer available? I am looking for one as a gift. Please reply today. I checked the help page but could not find a clear answer. Kind regards, Skyler Grove.",2026-08-14 20:17,Product Information,ORD00526
EMAIL00471,CUST0132,Return request,"The Aster Quilted Vest arrived damaged. I would like to return it and receive a refund for ORD00269. Please reply when you can. Sorry if I missed this information somewhere. Kind regards, Skyler Briar.",2026-02-25 18:28,Return/Refund,ORD00269
EMAIL01284,CUST0158,Is this in stock?,"Do you still have the Terra Resistance Band Set available? I am looking for one as a gift. Please reply today. I hope this can be resolved soon. Kind regards, Jamie Ivy.",2026-01-01 16:50,Product Information,ORD00160
EMAIL01562,CUST0236,Poor experience,"I have tried to get help with ORD00449 twice. Still no answer. Really disappointed with the service. Please reply as soon as possible. Sorry if I missed this information somewhere. Kind regards, Riley Ivy.",2026-01-01 10:58,Complaint,ORD00449
EMAIL01892,CUST0204,Need a different size,"Dear support team, I received the Orbit Insulated Bottle from order ORD00028, but the size is wrong. Can I exchange it for a smaller size? Please reply this week. I checked the help page but could not find a clear answer. Kind regards, Skyler Ember.",2026-02-25 16:46,Exchange,ORD00028
EMAIL00335,CUST0134,I need to return an item,"Dear support team, I received the Ember Gentle Cleanser from order ORD00378, but it does not fit my needs. Please send the return instructions. Please reply this week. Please let me know what you need from me. Kind regards, Taylor Ember.",2026-03-19 17:32,Return/Refund,ORD00378
EMAIL00970,CUST0132,Checkout error,"Hi, my payment keeps failing when I try to buy the Aster Quilted Vest. The card works everywhere else. Please reply when you can. I hope this can be resolved soon. Kind regards, Skyler Briar.",2026-07-16 16:04,Payment Issue,ORD00269
EMAIL02121,CUST0057,Change my address,"Hi, how do I update the delivery address saved in my account for future orders? Please reply when you can. A quick reply would be appreciated. Kind regards, Riley Ivy.",2026-05-18 11:54,Other,
EMAIL00592,CUST0146,I need to return an item,"Hi, I received the Ember Noise-Canceling Headphones from order ORD00546, but it does not fit my needs. Please send the return instructions. Please reply today. Please let me know what you need from me. Kind regards, Rowan Hollow.",2026-02-06 12:29,Return/Refund,ORD00546
EMAIL01363,CUST0007,Warranty question,"Hi, does the Coast Denim Jacket come with a warranty? I could not find the answer on the product page. Please reply when you can. I checked the help page but could not find a clear answer. Kind regards, Riley Briar.",2026-02-08 20:02,Product Information,ORD00540
EMAIL00713,CUST0267,Please cancel my order,"Dear support team, please cancel order ORD01123 before it ships. I made this purchase by mistake. Please reply when you can. Sorry if I missed this information somewhere. Kind regards, Jordan Lark.",2026-01-10 20:00,Cancellation,ORD01123
EMAIL00305,CUST0140,I need to return an item,"Hello, I received the Atlas Gentle Cleanser from order ORD00274, but it does not fit my needs. Please send the return instructions. Please reply as soon as possible. Please let me know what you need from me. Kind regards, Casey Lark.",2026-01-09 09:33,Return/Refund,ORD00274
EMAIL00099,CUST0017,Tracking update needed,"Could you check the delivery status of ORD00044? The tracking has not changed and I am starting to worry. Please reply this week. I hope this can be resolved soon. Kind regards, Casey Lark.",2026-05-20 08:10,Order Status,ORD00044
EMAIL00763,CUST0035,Cancel order,"I no longer need the Summit Glass Storage Set. Can you cancel ORD00396 and refund the payment? Please reply when you can. I hope this can be resolved soon. Kind regards, Skyler Grove.",2026-08-08 17:36,Cancellation,ORD00396
EMAIL02370,CUST0288,Need account help,"Dear support team, I cannot log in after resetting my password. Can you help me access my account? Please reply when you can. I checked the help page but could not find a clear answer. Kind regards, Casey Hollow.",2026-01-16 12:42,Other,
EMAIL02279,CUST0256,Need account help,"Dear support team, I cannot log in after resetting my password. Can you help me access my account? Please reply today. I hope this can be resolved soon. Kind regards, Morgan Cove.",2026-03-10 10:58,Other,ORD00664
EMAIL01488,CUST0073,Is this in stock?,"Do you still have the Pioneer Portable Speaker available? I am looking for one as a gift. Please reply when you can. I checked the help page but could not find a clear answer. Kind regards, Rowan Fern.",2026-01-02 17:37,Product Information,
EMAIL00058,CUST0177,Tracking update needed,"Could you check the delivery status of ORD00435? The tracking has not changed and I am starting to worry. Please reply before the weekend. I hope this can be resolved soon. Kind regards, Quinn Ivy.",2026-08-08 14:02,Order Status,ORD00435
EMAIL02288,CUST0178,Discount code question,"Do you have a student discount or a promo code I can use for the Solace Daily Runner? Please reply as soon as possible. A quick reply would be appreciated. Kind regards, Skyler Lark.",2026-03-05 20:52,Other,
EMAIL01510,CUST0169,Very disappointed,"Dear support team, I am unhappy with order ORD00549. The Echo Noise-Canceling Headphones was not as described and this has been frustrating. Please reply before the weekend. Sorry if I missed this information somewhere. Kind regards, Riley Briar.",2026-01-24 15:52,Complaint,ORD00549
EMAIL01138,CUST0204,I was charged twice,"I can see two charges for order ORD00131, but I only placed one order. Please look into this. Please reply today. Sorry if I missed this information somewhere. Kind regards, Skyler Ember.",2026-05-05 08:32,Payment Issue,ORD00131
EMAIL01017,CUST0069,Payment problem,"My card payment for ORD01178 is still pending in my bank app. Did the order go through? Please reply before the weekend. I checked the help page but could not find a clear answer. Kind regards, Rowan Ember.",2026-01-28 14:40,Payment Issue,ORD01178
EMAIL00218,CUST0179,Has my package shipped?,"Hi, I ordered a Atlas Cast Iron Pan. Is order ORD00487 on its way yet? Please reply when you can. Sorry if I missed this information somewhere. Kind regards, Morgan Fern.",2026-07-15 18:05,Order Status,ORD00487
EMAIL01598,CUST0130,Poor experience,"I have tried to get help with ORD00451 twice. Still no answer. Really disappointed with the service. Please reply today. A quick reply would be appreciated. Kind regards, Jamie Dale.",2026-05-31 14:25,Complaint,ORD00451
EMAIL00961,CUST0178,I was charged twice,"I can see two charges for order ORD00391, but I only placed one order. Please look into this. Please reply this week. I checked the help page but could not find a clear answer. Kind regards, Skyler Lark.",2026-04-15 15:06,Payment Issue,ORD00391
EMAIL01941,CUST0074,Exchange request,"I would like to exchange the Sage Gentle Cleanser from order ORD00121 for a different size or color. Please tell me the next steps. Please reply as soon as possible. I hope this can be resolved soon. Kind regards, Riley Cove.",2026-03-01 15:26,Exchange,ORD00121
EMAIL02009,CUST0042,Exchange request,"I would like to exchange the Lumen Compact Blender from order ORD00690 for a different size or color. Please tell me the next steps. Please reply as soon as possible. I checked the help page but could not find a clear answer. Kind regards, Morgan Ember.",2026-03-02 16:36,Exchange,ORD00690
EMAIL00002,CUST0121,Tracking update needed,"Could you check the delivery status of ORD00340? The tracking has not changed and I am starting to worry. Please reply today. I hope this can be resolved soon. Kind regards, Riley Grove.",2026-04-20 18:03,Order Status,ORD00340
EMAIL01169,CUST0242,I was charged twice,"I can see two charges for order ORD00833, but I only placed one order. Please look into this. Please reply this week. Please let me know what you need from me. Kind regards, Taylor Ember.",2026-02-28 17:44,Payment Issue,ORD00833
EMAIL00072,CUST0211,Tracking update needed,"Could you check the delivery status of ORD00217? The tracking has not changed and I am starting to worry. Please reply this week. A quick reply would be appreciated. Kind regards, Riley Hollow.",2026-06-21 12:11,Order Status,ORD00217
EMAIL00188,CUST0044,Has my package shipped?,"Hi, I ordered a Harbor Electric Kettle. Is order ORD01173 on its way yet? Please reply today. I checked the help page but could not find a clear answer. Kind regards, Casey Briar.",2026-01-10 15:32,Order Status,ORD01173
EMAIL02013,CUST0140,Need a different size,"Hi, I received the Atlas Gentle Cleanser from order ORD00274, but the size is wrong. Can I exchange it for a smaller size? Please reply when you can. A quick reply would be appreciated. Kind regards, Casey Lark.",2026-04-28 08:33,Exchange,ORD00274
EMAIL00671,CUST0130,Cancel order,"I no longer need the Nimbus Training Shoe. Can you cancel ORD00451 and refund the payment? Please reply when you can. I checked the help page but could not find a clear answer. Kind regards, Jamie Dale.",2026-03-15 15:33,Cancellation,ORD00451
EMAIL00110,CUST0167,Tracking update needed,"Could you check the delivery status of ORD00657? The tracking has not changed and I am starting to worry. Please reply this week. A quick reply would be appreciated. Kind regards, Morgan Fern.",2026-05-15 11:06,Order Status,ORD00657
EMAIL01372,CUST0095,Question about Lumen Canvas Tote,"Hey, could you tell me more about the Lumen Canvas Tote? I need the size, material, and care details before ordering. Please reply today. I hope this can be resolved soon. Kind regards, Skyler Hollow.",2026-03-11 12:47,Product Information,ORD00084
EMAIL01665,CUST0068,Very disappointed,"Dear support team, I am unhappy with order ORD00856. The Echo Coffee Grinder was not as described and this has been frustrating. Please reply before the weekend. I hope this can be resolved soon. Kind regards, Avery Ivy.",2026-08-06 12:04,Complaint,ORD00856
EMAIL00845,CUST0075,Accidental order,"Oops, I ordered the wrong item. Is it still possible to stop order ORD01200? Please reply when you can. Sorry if I missed this information somewhere. Kind regards, Riley Lark.",2026-06-01 20:22,Cancellation,ORD01200
EMAIL00602,CUST0047,Cancel order,"I no longer need the Solace Night Cream. Can you cancel ORD01037 and refund the payment? Please reply before the weekend. Sorry if I missed this information somewhere. Kind regards, Skyler Ivy.",2026-04-26 20:34,Cancellation,ORD01037
EMAIL01328,CUST0114,Is this in stock?,"Do you still have the Atlas Noise-Canceling Headphones available? I am looking for one as a gift. Please reply this week. I checked the help page but could not find a clear answer. Kind regards, Jordan Juniper.",2026-07-18 09:36,Product Information,ORD00231
EMAIL00311,CUST0219,Return request,"The Drift Insulated Bottle arrived damaged. I would like to return it and receive a refund for ORD00551. Please reply today. A quick reply would be appreciated. Kind regards, Avery Dale.",2026-05-12 10:59,Return/Refund,ORD00551
EMAIL02343,CUST0273,Need account help,"Hi, I cannot log in after resetting my password. Can you help me access my account? Please reply this week. I checked the help page but could not find a clear answer. Kind regards, Avery Dale.",2026-07-01 11:25,Other,ORD00623
EMAIL01772,CUST0050,Complaint about delivery,"My package for ORD00972 arrived much later than promised and nobody sent an update. This is not acceptable. Please reply before the weekend. Please let me know what you need from me. Kind regards, Casey Briar.",2026-05-25 09:17,Complaint,ORD00972
EMAIL00777,CUST0094,Please cancel my order,"Hello, please cancel order ORD00188 before it ships. I made this purchase by mistake. Please reply before the weekend. Sorry if I missed this information somewhere. Kind regards, Jordan Lark.",2026-01-16 18:28,Cancellation,ORD00188
EMAIL01223,CUST0058,Warranty question,"Hi, does the Cedar Wireless Earbuds come with a warranty? I could not find the answer on the product page. Please reply as soon as possible. I hope this can be resolved soon. Kind regards, Rowan Ivy.",2026-04-17 16:47,Product Information,ORD00215
EMAIL00907,CUST0004,Payment problem,"My card payment for ORD00403 is still pending in my bank app. Did the order go through? Please reply before the weekend. A quick reply would be appreciated. Kind regards, Avery Cove.",2026-05-31 18:56,Payment Issue,ORD00403
EMAIL01500,CUST0208,Question about Cedar Walking Shoe,"Hey, could you tell me more about the Cedar Walking Shoe? I need the size, material, and care details before ordering. Please reply this week. Sorry if I missed this information somewhere. Kind regards, Riley Hollow.",2026-02-18 17:48,Product Information,
EMAIL00764,CUST0276,Please cancel my order,"Dear support team, please cancel order ORD00335 before it ships. I made this purchase by mistake. Please reply today. Please let me know what you need from me. Kind regards, Morgan Lark.",2026-07-16 19:49,Cancellation,ORD00335
EMAIL01186,CUST0292,Checkout error,"Hi, my payment keeps failing when I try to buy the Atlas Denim Jacket. The card works everywhere else. Please reply today. A quick reply would be appreciated. Kind regards, Skyler Juniper.",2026-07-18 14:11,Payment Issue,ORD00864
EMAIL02350,CUST0234,Discount code question,"Do you have a student discount or a promo code I can use for the Brook Crossbody Bag? Please reply as soon as possible. A quick reply would be appreciated. Kind regards, Riley Juniper.",2026-06-17 15:20,Other,
EMAIL00870,CUST0268,Please cancel my order,"Hey, please cancel order ORD00369 before it ships. I made this purchase by mistake. Please reply before the weekend. A quick reply would be appreciated. Kind regards, Morgan Lark.",2026-05-27 20:28,Cancellation,ORD00369
EMAIL00461,CUST0153,I need to return an item,"Hi, I received the Meadow Ceramic Mug Set from order ORD01143, but it does not fit my needs. Please send the return instructions. Please reply as soon as possible. I checked the help page but could not find a clear answer. Kind regards, Quinn Lark.",2026-03-04 16:09,Return/Refund,ORD01143
EMAIL00464,CUST0289,Return request,"The Sage Wireless Earbuds arrived damaged. I would like to return it and receive a refund for ORD00365. Please reply this week. Sorry if I missed this information somewhere. Kind regards, Rowan Briar.",2026-06-10 17:56,Return/Refund,ORD00365
EMAIL00584,CUST0236,I need to return an item,"Dear support team, I received the Pioneer Vitamin C Set from order ORD00035, but it does not fit my needs. Please send the return instructions. Please reply when you can. I checked the help page but could not find a clear answer. Kind regards, Riley Ivy.",2026-01-11 14:51,Return/Refund,ORD00035
EMAIL00120,CUST0138,Has my package shipped?,"Hi, I ordered a Atlas Training Shoe. Is order ORD00794 on its way yet? Please reply when you can. A quick reply would be appreciated. Kind regards, Avery Briar.",2026-05-30 15:07,Order Status,ORD00794
EMAIL02268,CUST0193,Discount code question,"Do you have a student discount or a promo code I can use for the Summit Air Fryer? Please reply when you can. I hope this can be resolved soon. Kind regards, Rowan Ivy.",2026-06-15 15:05,Other,ORD00356
EMAIL01646,CUST0178,Complaint about delivery,"My package for ORD00391 arrived much later than promised and nobody sent an update. This is not acceptable. Please reply before the weekend. Sorry if I missed this information somewhere. Kind regards, Skyler Lark.",2026-05-26 19:38,Complaint,ORD00391
EMAIL02388,CUST0184,Need account help,"Dear support team, I cannot log in after resetting my password. Can you help me access my account? Please reply today. A quick reply would be appreciated. Kind regards, Skyler Ember.",2026-04-04 16:18,Other,ORD00887
EMAIL01484,CUST0251,Is this in stock?,"Do you still have the Willow Glass Storage Set available? I am looking for one as a gift. Please reply when you can. I checked the help page but could not find a clear answer. Kind regards, Jamie Juniper.",2026-08-21 08:24,Product Information,ORD00653
EMAIL02045,CUST0037,Can you replace this?,"Hi, the Echo Laptop Sleeve from ORD01081 is the wrong size. How can I swap it for the correct one? Please reply when you can. I checked the help page but could not find a clear answer. Kind regards, Skyler Cove.",2026-07-29 19:11,Exchange,ORD01081
EMAIL01877,CUST0030,Can you replace this?,"Hi, the Lumen Gentle Cleanser from ORD01086 is the wrong size. How can I swap it for the correct one? Please reply as soon as possible. A quick reply would be appreciated. Kind regards, Taylor Cove.",2026-06-02 11:47,Exchange,ORD01086
EMAIL00958,CUST0268,I was charged twice,"I can see two charges for order ORD00138, but I only placed one order. Please look into this. Please reply as soon as possible. I hope this can be resolved soon. Kind regards, Morgan Lark.",2026-02-28 09:28,Payment Issue,ORD00138
EMAIL00983,CUST0006,I was charged twice,"I can see two charges for order ORD00993, but I only placed one order. Please look into this. Please reply before the weekend. I hope this can be resolved soon. Kind regards, Rowan Hollow.",2026-01-12 14:30,Payment Issue,ORD00993
EMAIL00081,CUST0224,Has my package shipped?,"Hi, I ordered a Meadow Quilted Vest. Is order ORD01085 on its way yet? Please reply as soon as possible. Sorry if I missed this information somewhere. Kind regards, Taylor Ivy.",2026-03-14 18:44,Order Status,ORD01085
EMAIL00350,CUST0150,Return request,"The Harbor Fleece Hoodie arrived damaged. I would like to return it and receive a refund for ORD00096. Please reply when you can. I checked the help page but could not find a clear answer. Kind regards, Riley Lark.",2026-04-09 17:41,Return/Refund,ORD00096
EMAIL00752,CUST0023,Accidental order,"Oops, I ordered the wrong item. Is it still possible to stop order ORD00323? Please reply today. Sorry if I missed this information somewhere. Kind regards, Riley Dale.",2026-02-04 11:17,Cancellation,ORD00323
EMAIL00211,CUST0119,Where is my order?,"Hello, I placed order ORD00506 a few days ago and it still says processing. Can you tell me when it will arrive? Thanks, Riley Juniper Please reply today. I checked the help page but could not find a clear answer. Kind regards, Riley Juniper.",2026-02-17 18:32,Order Status,ORD00506
EMAIL02082,CUST0300,Wrong item size,"The item in order ORD00330 does not fit. I do not need a refund; I would prefer an exchange if possible. Please reply today. A quick reply would be appreciated. Kind regards, Jamie Hollow.",2026-07-31 19:47,Exchange,ORD00330
EMAIL01827,CUST0242,Need a different size,"Hi, I received the Orbit Bamboo Organizer from order ORD00833, but the size is wrong. Can I exchange it for a smaller size? Please reply today. I checked the help page but could not find a clear answer. Kind regards, Taylor Ember.",2026-08-18 12:06,Exchange,ORD00833
EMAIL01404,CUST0224,Warranty question,"Hi, does the Meadow Quilted Vest come with a warranty? I could not find the answer on the product page. Please reply before the weekend. Please let me know what you need from me. Kind regards, Taylor Ivy.",2026-04-08 19:02,Product Information,ORD01085
EMAIL01483,CUST0173,Question about Cedar Rain Jacket,"Hey, could you tell me more about the Cedar Rain Jacket? I need the size, material, and care details before ordering. Please reply today. A quick reply would be appreciated. Kind regards, Casey Hollow.",2026-03-04 15:25,Product Information,ORD01054
EMAIL02210,CUST0150,Change my address,"Hi, how do I update the delivery address saved in my account for future orders? Please reply this week. I checked the help page but could not find a clear answer. Kind regards, Riley Lark.",2026-04-18 18:42,Other,
EMAIL01054,CUST0229,I was charged twice,"I can see two charges for order ORD00975, but I only placed one order. Please look into this. Please reply today. Sorry if I missed this information somewhere. Kind regards, Jordan Ember.",2026-04-21 18:24,Payment Issue,ORD00975
EMAIL01418,CUST0211,Is this in stock?,"Do you still have the Echo Noise-Canceling Headphones available? I am looking for one as a gift. Please reply today. I checked the help page but could not find a clear answer. Kind regards, Riley Hollow.",2026-01-12 10:05,Product Information,ORD00702
EMAIL01714,CUST0165,Very disappointed,"Hi, I am unhappy with order ORD00464. The Aster Cast Iron Pan was not as described and this has been frustrating. Please reply today. I hope this can be resolved soon. Kind regards, Jordan Ember.",2026-05-03 17:38,Complaint,ORD00464
EMAIL00966,CUST0104,Payment problem,"My card payment for ORD00212 is still pending in my bank app. Did the order go through? Please reply before the weekend. Sorry if I missed this information somewhere. Kind regards, Rowan Briar.",2026-08-16 14:27,Payment Issue,ORD00212
EMAIL00243,CUST0290,Where is my order?,"Hi, I placed order ORD00043 a few days ago and it still says processing. Can you tell me when it will arrive? Thank you, Casey Hollow Please reply this week. Sorry if I missed this information somewhere. Kind regards, Casey Hollow.",2026-08-12 11:43,Order Status,ORD00043
EMAIL01439,CUST0162,Question about Aster Daily Runner,"Hi, could you tell me more about the Aster Daily Runner? I need the size, material, and care details before ordering. Please reply before the weekend. I checked the help page but could not find a clear answer. Kind regards, Jamie Juniper.",2026-04-07 15:46,Product Information,
EMAIL01873,CUST0130,Wrong item size,"The item in order ORD01091 does not fit. I do not need a refund; I would prefer an exchange if possible. Please reply as soon as possible. I hope this can be resolved soon. Kind regards, Jamie Dale.",2026-05-01 14:16,Exchange,ORD01091
EMAIL01783,CUST0268,Very disappointed,"Dear support team, I am unhappy with order ORD00369. The Echo Gentle Cleanser was not as described and this has been frustrating. Please reply when you can. I checked the help page but could not find a clear answer. Kind regards, Morgan Lark.",2026-05-08 20:13,Complaint,ORD00369
EMAIL01734,CUST0080,Poor experience,"I have tried to get help with ORD01078 twice. Still no answer. Really disappointed with the service. Please reply this week. Sorry if I missed this information somewhere. Kind regards, Jamie Juniper.",2026-07-01 10:07,Complaint,ORD01078
EMAIL00041,CUST0073,Has my package shipped?,"Hi, I ordered a Echo Cast Iron Pan. Is order ORD00189 on its way yet? Please reply today. Sorry if I missed this information somewhere. Kind regards, Rowan Fern.",2026-04-06 08:44,Order Status,ORD00189
EMAIL01656,CUST0185,Poor experience,"I have tried to get help with ORD00897 twice. Still no answer. Really disappointed with the service. Please reply today. Please let me know what you need from me. Kind regards, Morgan Dale.",2026-05-27 15:17,Complaint,ORD00897
EMAIL00536,CUST0180,Refund status,"I returned order ORD00750 and have not received my refund. Can someone check the status for me? Please reply before the weekend. Please let me know what you need from me. Kind regards, Morgan Dale.",2026-01-22 15:58,Return/Refund,ORD00750
EMAIL01395,CUST0073,Warranty question,"Hi, does the Terra Electric Kettle come with a warranty? I could not find the answer on the product page. Please reply this week. I checked the help page but could not find a clear answer. Kind regards, Rowan Fern.",2026-06-26 16:09,Product Information,ORD00947
EMAIL01140,CUST0122,Checkout error,"Hi, my payment keeps failing when I try to buy the Coast Trail Runner. The card works everywhere else. Please reply this week. Sorry if I missed this information somewhere. Kind regards, Jordan Dale.",2026-04-03 13:03,Payment Issue,ORD01153
EMAIL01264,CUST0035,Warranty question,"Hi, does the Summit Glass Storage Set come with a warranty? I could not find the answer on the product page. Please reply before the weekend. I hope this can be resolved soon. Kind regards, Skyler Grove.",2026-02-25 20:07,Product Information,ORD00396
EMAIL00176,CUST0231,Tracking update needed,"Could you check the delivery status of ORD00535? The tracking has not changed and I am starting to worry. Please reply today. Sorry if I missed this information somewhere. Kind regards, Jamie Lark.",2026-04-07 10:40,Order Status,ORD00535
EMAIL01237,CUST0096,Is this in stock?,"Do you still have the Orbit Gentle Cleanser available? I am looking for one as a gift. Please reply this week. A quick reply would be appreciated. Kind regards, Skyler Juniper.",2026-05-18 15:09,Product Information,ORD00443
EMAIL02039,CUST0090,Exchange request,"I would like to exchange the Meadow Vitamin C Set from order ORD00346 for a different size or color. Please tell me the next steps. Please reply as soon as possible. I checked the help page but could not find a clear answer. Kind regards, Riley Ember.",2026-07-25 11:04,Exchange,ORD00346
EMAIL00174,CUST0260,Where is my order?,"Dear support team, I placed order ORD00910 a few days ago and it still says delivered. Can you tell me when it will arrive? Regards, Taylor Juniper Please reply when you can. I checked the help page but could not find a clear answer. Kind regards, Taylor Juniper.",2026-08-19 10:46,Order Status,ORD00910
EMAIL00037,CUST0280,Where is my order?,"Hello, I placed order ORD00333 a few days ago and it still says delivered. Can you tell me when it will arrive? Please help, Jordan Fern Please reply this week. Sorry if I missed this information somewhere. Kind regards, Jordan Fern.",2026-05-15 17:49,Order Status,ORD00333
EMAIL02203,CUST0078,Discount code question,"Do you have a student discount or a promo code I can use for the Coast Travel Backpack? Please reply as soon as possible. Please let me know what you need from me. Kind regards, Avery Grove.",2026-06-11 18:17,Other,ORD00519
EMAIL01735,CUST0290,Complaint about delivery,"My package for ORD00112 arrived much later than promised and nobody sent an update. This is not acceptable. Please reply as soon as possible. I checked the help page but could not find a clear answer. Kind regards, Casey Hollow.",2026-06-03 19:24,Complaint,ORD00112
EMAIL00171,CUST0158,Tracking update needed,"Could you check the delivery status of ORD00810? The tracking has not changed and I am starting to worry. Please reply as soon as possible. I hope this can be resolved soon. Kind regards, Jamie Ivy.",2026-06-18 10:36,Order Status,ORD00810
EMAIL00554,CUST0175,Refund status,"I returned order ORD00290 and have not received my refund. Can someone check the status for me? Please reply when you can. Please let me know what you need from me. Kind regards, Morgan Cove.",2026-08-01 16:17,Return/Refund,ORD00290
EMAIL02191,CUST0020,Change my address,"Hi, how do I update the delivery address saved in my account for future orders? Please reply today. Sorry if I missed this information somewhere. Kind regards, Morgan Briar.",2026-05-20 14:44,Other,ORD00608
EMAIL01993,CUST0149,Exchange request,"I would like to exchange the Willow Denim Jacket from order ORD01180 for a different size or color. Please tell me the next steps. Please reply before the weekend. A quick reply would be appreciated. Kind regards, Jordan Hollow.",2026-04-22 17:23,Exchange,ORD01180
EMAIL00765,CUST0288,Cancel order,"I no longer need the Ember Coffee Grinder. Can you cancel ORD00721 and refund the payment? Please reply when you can. A quick reply would be appreciated. Kind regards, Casey Hollow.",2026-01-28 19:19,Cancellation,ORD00721
EMAIL02372,CUST0073,Need account help,"Hi, I cannot log in after resetting my password. Can you help me access my account? Please reply today. Sorry if I missed this information somewhere. Kind regards, Rowan Fern.",2026-02-24 20:05,Other,ORD00189
EMAIL00740,CUST0156,Cancel order,"I no longer need the Solace Denim Jacket. Can you cancel ORD01133 and refund the payment? Please reply before the weekend. A quick reply would be appreciated. Kind regards, Riley Lark.",2026-07-02 09:55,Cancellation,ORD01133
EMAIL01403,CUST0219,Question about Terra Studio Microphone,"Hey, could you tell me more about the Terra Studio Microphone? I need the size, material, and care details before ordering. Please reply today. Please let me know what you need from me. Kind regards, Avery Dale.",2026-05-17 19:23,Product Information,
EMAIL01141,CUST0158,Payment problem,"My card payment for ORD01092 is still pending in my bank app. Did the order go through? Please reply today. Sorry if I missed this information somewhere. Kind regards, Jamie Ivy.",2026-04-21 14:12,Payment Issue,ORD01092
EMAIL00274,CUST0141,Where is my order?,"Hey, I placed order ORD01142 a few days ago and it still says delivered. Can you tell me when it will arrive? Thank you, Riley Grove Please reply before the weekend. I hope this can be resolved soon. Kind regards, Riley Grove.",2026-06-25 11:51,Order Status,ORD01142
EMAIL02295,CUST0083,Need account help,"Hey, I cannot log in after resetting my password. Can you help me access my account? Please reply before the weekend. A quick reply would be appreciated. Kind regards, Riley Grove.",2026-05-11 20:52,Other,ORD00951
EMAIL01561,CUST0082,Very disappointed,"Dear support team, I am unhappy with order ORD01034. The Coast Denim Jacket was not as described and this has been frustrating. Please reply today. A quick reply would be appreciated. Kind regards, Rowan Dale.",2026-05-22 12:36,Complaint,ORD01034
EMAIL01559,CUST0132,Very disappointed,"Dear support team, I am unhappy with order ORD00635. The Lumen Canvas Tote was not as described and this has been frustrating. Please reply when you can. I checked the help page but could not find a clear answer. Kind regards, Skyler Briar.",2026-07-08 19:18,Complaint,ORD00635
EMAIL02110,CUST0192,Change my address,"Hi, how do I update the delivery address saved in my account for future orders? Please reply when you can. A quick reply would be appreciated. Kind regards, Riley Lark.",2026-06-27 11:00,Other,
EMAIL00253,CUST0253,Has my package shipped?,"Hi, I ordered a Atlas Insulated Bottle. Is order ORD00541 on its way yet? Please reply today. Please let me know what you need from me. Kind regards, Taylor Fern.",2026-04-25 14:14,Order Status,ORD00541
EMAIL00391,CUST0105,I need to return an item,"Dear support team, I received the Willow Canvas Tote from order ORD00379, but it does not fit my needs. Please send the return instructions. Please reply today. A quick reply would be appreciated. Kind regards, Jamie Lark.",2026-02-11 13:46,Return/Refund,ORD00379
EMAIL01073,CUST0170,I was charged twice,"I can see two charges for order ORD01025, but I only placed one order. Please look into this. Please reply today. Sorry if I missed this information somewhere. Kind regards, Jordan Ivy.",2026-05-14 18:58,Payment Issue,ORD01025
EMAIL01194,CUST0297,Payment problem,"My card payment for ORD00671 is still pending in my bank app. Did the order go through? Please reply this week. I hope this can be resolved soon. Kind regards, Riley Grove.",2026-06-15 15:25,Payment Issue,ORD00671
EMAIL00955,CUST0211,Payment problem,"My card payment for ORD00702 is still pending in my bank app. Did the order go through? Please reply before the weekend. I hope this can be resolved soon. Kind regards, Riley Hollow.",2026-01-17 13:28,Payment Issue,ORD00702
EMAIL02151,CUST0098,Need account help,"Hello, I cannot log in after resetting my password. Can you help me access my account? Please reply this week. A quick reply would be appreciated. Kind regards, Rowan Juniper.",2026-02-09 11:23,Other,ORD00027
EMAIL00132,CUST0276,Where is my order?,"Dear support team, I placed order ORD01152 a few days ago and it still says delivered. Can you tell me when it will arrive? Please help, Morgan Lark Please reply today. A quick reply would be appreciated. Kind regards, Morgan Lark.",2026-01-29 11:07,Order Status,ORD01152
EMAIL01303,CUST0004,Is this in stock?,"Do you still have the Coast Trail Runner available? I am looking for one as a gift. Please reply before the weekend. Please let me know what you need from me. Kind regards, Avery Cove.",2026-02-25 09:10,Product Information,ORD01094
EMAIL00754,CUST0233,Cancel order,"I no longer need the Solace Air Fryer. Can you cancel ORD00634 and refund the payment? Please reply before the weekend. Sorry if I missed this information somewhere. Kind regards, Riley Ivy.",2026-04-07 18:33,Cancellation,ORD00634
EMAIL01183,CUST0175,Payment problem,"My card payment for ORD00290 is still pending in my bank app. Did the order go through? Please reply when you can. Sorry if I missed this information somewhere. Kind regards, Morgan Cove.",2026-08-10 20:15,Payment Issue,ORD00290
EMAIL00967,CUST0079,Checkout error,"Hi, my payment keeps failing when I try to buy the Nimbus Electric Kettle. The card works everywhere else. Please reply when you can. A quick reply would be appreciated. Kind regards, Riley Dale.",2026-06-29 15:01,Payment Issue,ORD00200
EMAIL00626,CUST0233,Please cancel my order,"Hey, please cancel order ORD00850 before it ships. I made this purchase by mistake. Please reply when you can. I hope this can be resolved soon. Kind regards, Riley Ivy.",2026-04-16 09:35,Cancellation,ORD00850
EMAIL02118,CUST0103,Change my address,"Hi, how do I update the delivery address saved in my account for future orders? Please reply today. Please let me know what you need from me. Kind regards, Jamie Dale.",2026-02-23 17:59,Other,ORD00301
EMAIL00823,CUST0118,Cancel order,"I no longer need the Atlas Laptop Sleeve. Can you cancel ORD00672 and refund the payment? Please reply today. I hope this can be resolved soon. Kind regards, Jordan Ivy.",2026-02-05 20:26,Cancellation,ORD00672
EMAIL01314,CUST0290,Is this in stock?,"Do you still have the Harbor Fleece Hoodie available? I am looking for one as a gift. Please reply this week. Sorry if I missed this information somewhere. Kind regards, Casey Hollow.",2026-02-20 08:18,Product Information,ORD00046
EMAIL01414,CUST0183,Warranty question,"Hi, does the Harbor Training Shoe come with a warranty? I could not find the answer on the product page. Please reply when you can. I checked the help page but could not find a clear answer. Kind regards, Quinn Cove.",2026-04-13 18:44,Product Information,
EMAIL01710,CUST0288,Complaint about delivery,"My package for ORD01056 arrived much later than promised and nobody sent an update. This is not acceptable. Please reply this week. Sorry if I missed this information somewhere. Kind regards, Casey Hollow.",2026-06-19 12:38,Complaint,ORD01056
EMAIL00413,CUST0004,I need to return an item,"Dear support team, I received the Coast Trail Runner from order ORD01094, but it does not fit my needs. Please send the return instructions. Please reply before the weekend. Please let me know what you need from me. Kind regards, Avery Cove.",2026-03-21 09:27,Return/Refund,ORD01094
EMAIL01628,CUST0081,Very disappointed,"Dear support team, I am unhappy with order ORD00455. The Ember Bamboo Organizer was not as described and this has been frustrating. Please reply when you can. Please let me know what you need from me. Kind regards, Jordan Juniper.",2026-07-24 09:23,Complaint,ORD00455
EMAIL00022,CUST0296,Where is my order?,"Hello, I placed order ORD00679 a few days ago and it still says processing. Can you tell me when it will arrive? Regards, Riley Briar Please reply before the weekend. A quick reply would be appreciated. Kind regards, Riley Briar.",2026-08-15 10:52,Order Status,ORD00679
EMAIL01056,CUST0049,Payment problem,"My card payment for ORD00847 is still pending in my bank app. Did the order go through? Please reply this week. Please let me know what you need from me. Kind regards, Jamie Hollow.",2026-01-26 14:39,Payment Issue,ORD00847
EMAIL01112,CUST0115,I was charged twice,"I can see two charges for order ORD00186, but I only placed one order. Please look into this. Please reply today. I checked the help page but could not find a clear answer. Kind regards, Morgan Cove.",2026-07-08 20:02,Payment Issue,ORD00186
EMAIL00815,CUST0066,Please cancel my order,"Hi, please cancel order ORD00976 before it ships. I made this purchase by mistake. Please reply this week. I checked the help page but could not find a clear answer. Kind regards, Morgan Grove.",2026-06-11 18:12,Cancellation,ORD00976
EMAIL01469,CUST0017,Question about Harbor Travel Backpack,"Hey, could you tell me more about the Harbor Travel Backpack? I need the size, material, and care details before ordering. Please reply when you can. Please let me know what you need from me. Kind regards, Casey Lark.",2026-06-07 19:39,Product Information,
EMAIL02289,CUST0116,Need account help,"Hi, I cannot log in after resetting my password. Can you help me access my account? Please reply before the weekend. Please let me know what you need from me. Kind regards, Rowan Juniper.",2026-03-05 18:57,Other,ORD00311
EMAIL00793,CUST0163,Cancel order,"I no longer need the Brook Crossbody Bag. Can you cancel ORD01012 and refund the payment? Please reply before the weekend. A quick reply would be appreciated. Kind regards, Quinn Fern.",2026-01-22 16:52,Cancellation,ORD01012
EMAIL00686,CUST0071,Cancel order,"I no longer need the Solace Denim Jacket. Can you cancel ORD00272 and refund the payment? Please reply when you can. Sorry if I missed this information somewhere. Kind regards, Jordan Ivy.",2026-05-21 17:16,Cancellation,ORD00272
EMAIL00069,CUST0248,Where is my order?,"Hey, I placed order ORD00352 a few days ago and it still says processing. Can you tell me when it will arrive? Please help, Rowan Juniper Please reply this week. A quick reply would be appreciated. Kind regards, Rowan Juniper.",2026-05-01 10:40,Order Status,ORD00352
EMAIL01956,CUST0035,Wrong item size,"The item in order ORD00629 does not fit. I do not need a refund; I would prefer an exchange if possible. Please reply when you can. I hope this can be resolved soon. Kind regards, Skyler Grove.",2026-07-13 08:25,Exchange,ORD00629
EMAIL01057,CUST0140,Payment problem,"My card payment for ORD00274 is still pending in my bank app. Did the order go through? Please reply this week. A quick reply would be appreciated. Kind regards, Casey Lark.",2026-04-21 14:35,Payment Issue,ORD00274
EMAIL01322,CUST0149,Is this in stock?,"Do you still have the Coast Compact Blender available? I am looking for one as a gift. Please reply before the weekend. I hope this can be resolved soon. Kind regards, Jordan Hollow.",2026-07-18 16:19,Product Information,
EMAIL00153,CUST0105,Has my package shipped?,"Hi, I ordered a Cedar Wireless Earbuds. Is order ORD00524 on its way yet? Please reply when you can. Please let me know what you need from me. Kind regards, Jamie Lark.",2026-03-20 09:19,Order Status,ORD00524
EMAIL02299,CUST0225,Need account help,"Dear support team, I cannot log in after resetting my password. Can you help me access my account? Please reply this week. Please let me know what you need from me. Kind regards, Skyler Cove.",2026-08-17 19:27,Other,ORD00101
EMAIL00402,CUST0040,Refund status,"I returned order ORD00917 and have not received my refund. Can someone check the status for me? Please reply when you can. Please let me know what you need from me. Kind regards, Rowan Ember.",2026-01-19 10:41,Return/Refund,ORD00917
EMAIL00700,CUST0161,Accidental order,"Oops, I ordered the wrong item. Is it still possible to stop order ORD00903? Please reply today. I checked the help page but could not find a clear answer. Kind regards, Skyler Grove.",2026-06-07 08:52,Cancellation,ORD00903
EMAIL02261,CUST0097,Change my address,"Hi, how do I update the delivery address saved in my account for future orders? Please reply as soon as possible. A quick reply would be appreciated. Kind regards, Morgan Fern.",2026-08-19 11:44,Other,
EMAIL02232,CUST0278,Change my address,"Hi, how do I update the delivery address saved in my account for future orders? Please reply when you can. I checked the help page but could not find a clear answer. Kind regards, Jamie Cove.",2026-05-19 09:22,Other,ORD00462
EMAIL00897,CUST0205,Cancel order,"I no longer need the Aster Studio Microphone. Can you cancel ORD00853 and refund the payment? Please reply as soon as possible. I checked the help page but could not find a clear answer. Kind regards, Rowan Briar.",2026-03-25 13:12,Cancellation,ORD00853
EMAIL00245,CUST0048,Where is my order?,"Hi, I placed order ORD00273 a few days ago and it still says shipped. Can you tell me when it will arrive? Please help, Morgan Cove Please reply as soon as possible. I hope this can be resolved soon. Kind regards, Morgan Cove.",2026-06-06 11:45,Order Status,ORD00273
EMAIL01779,CUST0218,Complaint about delivery,"My package for ORD00325 arrived much later than promised and nobody sent an update. This is not acceptable. Please reply when you can. Please let me know what you need from me. Kind regards, Jamie Hollow.",2026-04-16 16:21,Complaint,ORD00325
EMAIL02104,CUST0211,Need account help,"Hi, I cannot log in after resetting my password. Can you help me access my account? Please reply before the weekend. Sorry if I missed this information somewhere. Kind regards, Riley Hollow.",2026-01-08 17:47,Other,
EMAIL01549,CUST0061,Complaint about delivery,"My package for ORD00923 arrived much later than promised and nobody sent an update. This is not acceptable. Please reply before the weekend. I hope this can be resolved soon. Kind regards, Rowan Dale.",2026-08-24 19:42,Complaint,ORD00923
EMAIL01319,CUST0299,Is this in stock?,"Do you still have the Cedar Rain Jacket available? I am looking for one as a gift. Please reply before the weekend. I checked the help page but could not find a clear answer. Kind regards, Jordan Briar.",2026-06-06 17:36,Product Information,ORD00716
EMAIL01449,CUST0098,Is this in stock?,"Do you still have the Willow Denim Jacket available? I am looking for one as a gift. Please reply this week. Please let me know what you need from me. Kind regards, Rowan Juniper.",2026-06-30 15:42,Product Information,ORD00496
EMAIL00146,CUST0226,Where is my order?,"Hey, I placed order ORD00755 a few days ago and it still says delivered. Can you tell me when it will arrive? Regards, Casey Hollow Please reply today. Sorry if I missed this information somewhere. Kind regards, Casey Hollow.",2026-08-26 18:09,Order Status,ORD00755
EMAIL01474,CUST0194,Warranty question,"Hi, does the Terra Resistance Band Set come with a warranty? I could not find the answer on the product page. Please reply this week. Sorry if I missed this information somewhere. Kind regards, Jamie Ivy.",2026-03-19 08:26,Product Information,ORD00025
EMAIL01408,CUST0067,Is this in stock?,"Do you still have the Nimbus Foam Roller available? I am looking for one as a gift. Please reply today. I hope this can be resolved soon. Kind regards, Jordan Fern.",2026-04-11 14:45,Product Information,ORD00654
EMAIL00822,CUST0162,Accidental order,"Oops, I ordered the wrong item. Is it still possible to stop order ORD01159? Please reply this week. Please let me know what you need from me. Kind regards, Jamie Juniper.",2026-01-28 16:18,Cancellation,ORD01159
EMAIL01875,CUST0150,Wrong item size,"The item in order ORD00615 does not fit. I do not need a refund; I would prefer an exchange if possible. Please reply as soon as possible. A quick reply would be appreciated. Kind regards, Riley Lark.",2026-03-22 08:26,Exchange,ORD00615
EMAIL01632,CUST0170,Very disappointed,"Dear support team, I am unhappy with order ORD00319. The Terra Resistance Band Set was not as described and this has been frustrating. Please reply as soon as possible. Please let me know what you need from me. Kind regards, Jordan Ivy.",2026-07-07 19:23,Complaint,ORD00319
EMAIL01050,CUST0050,Checkout error,"Hi, my payment keeps failing when I try to buy the Cedar Air Fryer. The card works everywhere else. Please reply before the weekend. Please let me know what you need from me. Kind regards, Casey Briar.",2026-06-16 11:41,Payment Issue,ORD00972
EMAIL00280,CUST0210,Has my package shipped?,"Hi, I ordered a Drift Hydrating Serum. Is order ORD01084 on its way yet? Please reply when you can. I checked the help page but could not find a clear answer. Kind regards, Morgan Lark.",2026-07-07 11:17,Order Status,ORD01084
EMAIL02382,CUST0029,Change my address,"Hi, how do I update the delivery address saved in my account for future orders? Please reply as soon as possible. I hope this can be resolved soon. Kind regards, Avery Cove.",2026-01-14 10:59,Other,
EMAIL01630,CUST0049,Complaint about delivery,"My package for ORD01164 arrived much later than promised and nobody sent an update. This is not acceptable. Please reply as soon as possible. I checked the help page but could not find a clear answer. Kind regards, Jamie Hollow.",2026-03-30 16:28,Complaint,ORD01164
EMAIL02394,CUST0085,Change my address,"Hi, how do I update the delivery address saved in my account for future orders? Please reply as soon as possible. Please let me know what you need from me. Kind regards, Rowan Hollow.",2026-01-17 10:39,Other,ORD00775
EMAIL01070,CUST0067,Payment problem,"My card payment for ORD00165 is still pending in my bank app. Did the order go through? Please reply as soon as possible. I checked the help page but could not find a clear answer. Kind regards, Jordan Fern.",2026-07-01 17:01,Payment Issue,ORD00165
EMAIL00817,CUST0019,Cancel order,"I no longer need the Coast Cast Iron Pan. Can you cancel ORD00388 and refund the payment? Please reply as soon as possible. I checked the help page but could not find a clear answer. Kind regards, Rowan Ember.",2026-04-29 16:54,Cancellation,ORD00388
EMAIL00318,CUST0222,Refund status,"I returned order ORD00626 and have not received my refund. Can someone check the status for me? Please reply this week. I checked the help page but could not find a clear answer. Kind regards, Quinn Fern.",2026-02-26 17:11,Return/Refund,ORD00626
EMAIL00628,CUST0266,Accidental order,"Oops, I ordered the wrong item. Is it still possible to stop order ORD00118? Please reply this week. I checked the help page but could not find a clear answer. Kind regards, Skyler Briar.",2026-03-19 20:08,Cancellation,ORD00118
EMAIL01118,CUST0094,Payment problem,"My card payment for ORD00090 is still pending in my bank app. Did the order go through? Please reply before the weekend. I hope this can be resolved soon. Kind regards, Jordan Lark.",2026-02-17 09:16,Payment Issue,ORD00090
EMAIL00314,CUST0091,I need to return an item,"Hey, I received the Echo Gentle Cleanser from order ORD00187, but it does not fit my needs. Please send the return instructions. Please reply when you can. A quick reply would be appreciated. Kind regards, Morgan Hollow.",2026-04-22 09:46,Return/Refund,ORD00187
EMAIL01847,CUST0074,Exchange request,"I would like to exchange the Orbit Studio Microphone from order ORD01168 for a different size or color. Please tell me the next steps. Please reply this week. I hope this can be resolved soon. Kind regards, Riley Cove.",2026-01-24 15:10,Exchange,ORD01168
EMAIL01243,CUST0080,Warranty question,"Hi, does the Sage Resistance Band Set come with a warranty? I could not find the answer on the product page. Please reply before the weekend. A quick reply would be appreciated. Kind regards, Jamie Juniper.",2026-06-03 13:47,Product Information,ORD00428
EMAIL02266,CUST0080,Need account help,"Hey, I cannot log in after resetting my password. Can you help me access my account? Please reply when you can. A quick reply would be appreciated. Kind regards, Jamie Juniper.",2026-05-25 15:53,Other,
EMAIL01053,CUST0239,Payment problem,"My card payment for ORD00554 is still pending in my bank app. Did the order go through? Please reply before the weekend. Please let me know what you need from me. Kind regards, Riley Briar.",2026-07-10 17:24,Payment Issue,ORD00554
EMAIL01260,CUST0137,Is this in stock?,"Do you still have the Lumen Cast Iron Pan available? I am looking for one as a gift. Please reply when you can. I checked the help page but could not find a clear answer. Kind regards, Taylor Ember.",2026-01-11 20:24,Product Information,ORD00177
EMAIL01958,CUST0063,Exchange request,"I would like to exchange the Harbor Cast Iron Pan from order ORD00812 for a different size or color. Please tell me the next steps. Please reply today. I checked the help page but could not find a clear answer. Kind regards, Morgan Hollow.",2026-07-20 15:40,Exchange,ORD00812
EMAIL00177,CUST0298,Tracking update needed,"Could you check the delivery status of ORD00912? The tracking has not changed and I am starting to worry. Please reply as soon as possible. Sorry if I missed this information somewhere. Kind regards, Jordan Lark.",2026-06-23 12:14,Order Status,ORD00912
EMAIL00889,CUST0299,Please cancel my order,"Dear support team, please cancel order ORD00716 before it ships. I made this purchase by mistake. Please reply this week. I hope this can be resolved soon. Kind regards, Jordan Briar.",2026-01-27 13:25,Cancellation,ORD00716
EMAIL01810,CUST0097,Wrong item size,"The item in order ORD01108 does not fit. I do not need a refund; I would prefer an exchange if possible. Please reply before the weekend. Please let me know what you need from me. Kind regards, Morgan Fern.",2026-02-12 13:11,Exchange,ORD01108
EMAIL02128,CUST0212,Discount code question,"Do you have a student discount or a promo code I can use for the Harbor Vitamin C Set? Please reply before the weekend. I checked the help page but could not find a clear answer. Kind regards, Avery Fern.",2026-07-20 16:47,Other,ORD00797
EMAIL00939,CUST0109,Payment problem,"My card payment for ORD00259 is still pending in my bank app. Did the order go through? Please reply as soon as possible. A quick reply would be appreciated. Kind regards, Riley Ember.",2026-01-14 09:38,Payment Issue,ORD00259
EMAIL00959,CUST0208,I was charged twice,"I can see two charges for order ORD01144, but I only placed one order. Please look into this. Please reply as soon as possible. I hope this can be resolved soon. Kind regards, Riley Hollow.",2026-01-11 16:00,Payment Issue,ORD01144
EMAIL00981,CUST0151,Payment problem,"My card payment for ORD00243 is still pending in my bank app. Did the order go through? Please reply before the weekend. I hope this can be resolved soon. Kind regards, Quinn Hollow.",2026-02-05 10:48,Payment Issue,ORD00243
EMAIL02328,CUST0059,Discount code question,"Do you have a student discount or a promo code I can use for the Pioneer Trail Runner? Please reply this week. I hope this can be resolved soon. Kind regards, Morgan Briar.",2026-03-17 20:17,Other,
EMAIL01792,CUST0058,Very disappointed,"Hey, I am unhappy with order ORD00275. The Orbit Insulated Bottle was not as described and this has been frustrating. Please reply as soon as possible. A quick reply would be appreciated. Kind regards, Rowan Ivy.",2026-05-26 17:17,Complaint,ORD00275
EMAIL00559,CUST0194,I need to return an item,"Hey, I received the Harbor Fleece Hoodie from order ORD00536, but it does not fit my needs. Please send the return instructions. Please reply today. Sorry if I missed this information somewhere. Kind regards, Jamie Ivy.",2026-04-05 14:15,Return/Refund,ORD00536
EMAIL01242,CUST0026,Is this in stock?,"Do you still have the Aster Studio Microphone available? I am looking for one as a gift. Please reply before the weekend. I checked the help page but could not find a clear answer. Kind regards, Avery Cove.",2026-07-24 18:59,Product Information,
EMAIL01432,CUST0153,Is this in stock?,"Do you still have the Lumen Gentle Cleanser available? I am looking for one as a gift. Please reply when you can. A quick reply would be appreciated. Kind regards, Quinn Lark.",2026-07-31 09:25,Product Information,ORD00089
EMAIL02254,CUST0300,Discount code question,"Do you have a student discount or a promo code I can use for the Lumen Compact Blender? Please reply before the weekend. I checked the help page but could not find a clear answer. Kind regards, Jamie Hollow.",2026-04-20 08:15,Other,ORD00158
EMAIL01660,CUST0228,Very disappointed,"Hello, I am unhappy with order ORD01068. The Aster Quilted Vest was not as described and this has been frustrating. Please reply when you can. I hope this can be resolved soon. Kind regards, Avery Fern.",2026-03-07 14:06,Complaint,ORD01068
EMAIL00008,CUST0064,Has my package shipped?,"Hi, I ordered a Summit Training Shoe. Is order ORD00228 on its way yet? Please reply as soon as possible. I checked the help page but could not find a clear answer. Kind regards, Skyler Briar.",2026-01-20 16:39,Order Status,ORD00228
EMAIL00905,CUST0175,Payment problem,"My card payment for ORD00589 is still pending in my bank app. Did the order go through? Please reply before the weekend. I hope this can be resolved soon. Kind regards, Morgan Cove.",2026-03-15 10:32,Payment Issue,ORD00589
EMAIL02233,CUST0177,Discount code question,"Do you have a student discount or a promo code I can use for the Cedar Walking Shoe? Please reply today. Sorry if I missed this information somewhere. Kind regards, Quinn Ivy.",2026-06-02 20:54,Other,ORD01166
EMAIL00535,CUST0141,Return request,"The Ember Gentle Cleanser arrived damaged. I would like to return it and receive a refund for ORD01162. Please reply as soon as possible. Sorry if I missed this information somewhere. Kind regards, Riley Grove.",2026-07-01 13:08,Return/Refund,ORD01162
EMAIL01099,CUST0100,Payment problem,"My card payment for ORD00337 is still pending in my bank app. Did the order go through? Please reply this week. Please let me know what you need from me. Kind regards, Taylor Cove.",2026-06-14 08:58,Payment Issue,ORD00337
EMAIL01830,CUST0068,Exchange request,"I would like to exchange the Echo Coffee Grinder from order ORD00856 for a different size or color. Please tell me the next steps. Please reply today. Sorry if I missed this information somewhere. Kind regards, Avery Ivy.",2026-02-26 20:22,Exchange,ORD00856
EMAIL01014,CUST0228,Payment problem,"My card payment for ORD01068 is still pending in my bank app. Did the order go through? Please reply before the weekend. Sorry if I missed this information somewhere. Kind regards, Avery Fern.",2026-08-10 13:31,Payment Issue,ORD01068
EMAIL02318,CUST0032,Discount code question,"Do you have a student discount or a promo code I can use for the Nimbus Night Cream? Please reply before the weekend. I checked the help page but could not find a clear answer. Kind regards, Jordan Juniper.",2026-06-18 08:21,Other,ORD00901
EMAIL00514,CUST0183,Refund status,"I returned order ORD00579 and have not received my refund. Can someone check the status for me? Please reply as soon as possible. Sorry if I missed this information somewhere. Kind regards, Quinn Cove.",2026-04-24 14:29,Return/Refund,ORD00579
EMAIL02024,CUST0109,Need a different size,"Hey, I received the Brook Wireless Earbuds from order ORD00348, but the size is wrong. Can I exchange it for a smaller size? Please reply before the weekend. Sorry if I missed this information somewhere. Kind regards, Riley Ember.",2026-03-22 14:34,Exchange,ORD00348
EMAIL00954,CUST0004,I was charged twice,"I can see two charges for order ORD00437, but I only placed one order. Please look into this. Please reply today. I checked the help page but could not find a clear answer. Kind regards, Avery Cove.",2026-01-05 17:23,Payment Issue,ORD00437
EMAIL01127,CUST0249,I was charged twice,"I can see two charges for order ORD00459, but I only placed one order. Please look into this. Please reply this week. A quick reply would be appreciated. Kind regards, Quinn Fern.",2026-06-07 12:34,Payment Issue,ORD00459
EMAIL00928,CUST0002,I was charged twice,"I can see two charges for order ORD00011, but I only placed one order. Please look into this. Please reply when you can. I checked the help page but could not find a clear answer. Kind regards, Morgan Dale.",2026-03-26 11:42,Payment Issue,ORD00011
EMAIL00446,CUST0258,Return request,"The Terra Canvas Tote arrived damaged. I would like to return it and receive a refund for ORD01170. Please reply today. Please let me know what you need from me. Kind regards, Avery Fern.",2026-08-04 19:46,Return/Refund,ORD01170
EMAIL00945,CUST0273,Checkout error,"Hi, my payment keeps failing when I try to buy the Drift Trail Runner. The card works everywhere else. Please reply before the weekend. A quick reply would be appreciated. Kind regards, Avery Dale.",2026-02-08 17:18,Payment Issue,ORD00473
EMAIL00741,CUST0073,Please cancel my order,"Hey, please cancel order ORD00189 before it ships. I made this purchase by mistake. Please reply before the weekend. Please let me know what you need from me. Kind regards, Rowan Fern.",2026-03-23 09:11,Cancellation,ORD00189
EMAIL00363,CUST0128,Return request,"The Ember Resistance Band Set arrived damaged. I would like to return it and receive a refund for ORD00398. Please reply as soon as possible. Please let me know what you need from me. Kind regards, Morgan Ivy.",2026-07-21 15:44,Return/Refund,ORD00398
EMAIL00702,CUST0274,Please cancel my order,"Hey, please cancel order ORD00029 before it ships. I made this purchase by mistake. Please reply as soon as possible. I hope this can be resolved soon. Kind regards, Casey Cove.",2026-08-07 12:10,Cancellation,ORD00029
EMAIL01673,CUST0133,Very disappointed,"Dear support team, I am unhappy with order ORD00328. The Nova Trail Runner was not as described and this has been frustrating. Please reply today. I checked the help page but could not find a clear answer. Kind regards, Quinn Dale.",2026-04-09 16:28,Complaint,ORD00328
EMAIL00527,CUST0072,Refund status,"I returned order ORD00952 and have not received my refund. Can someone check the status for me? Please reply when you can. I checked the help page but could not find a clear answer. Kind regards, Riley Lark.",2026-05-31 19:52,Return/Refund,ORD00952
EMAIL02236,CUST0241,Need account help,"Dear support team, I cannot log in after resetting my password. Can you help me access my account? Please reply as soon as possible. I hope this can be resolved soon. Kind regards, Quinn Fern.",2026-02-23 12:32,Other,ORD00582
EMAIL01423,CUST0244,Warranty question,"Hi, does the Lumen Denim Jacket come with a warranty? I could not find the answer on the product page. Please reply as soon as possible. I checked the help page but could not find a clear answer. Kind regards, Avery Fern.",2026-05-31 15:48,Product Information,
EMAIL00319,CUST0123,Return request,"The Drift Ceramic Mug Set arrived damaged. I would like to return it and receive a refund for ORD00811. Please reply today. I hope this can be resolved soon. Kind regards, Jordan Ember.",2026-06-03 20:25,Return/Refund,ORD00811
EMAIL02293,CUST0048,Change my address,"Hi, how do I update the delivery address saved in my account for future orders? Please reply as soon as possible. I checked the help page but could not find a clear answer. Kind regards, Morgan Cove.",2026-07-25 17:17,Other,ORD00916
EMAIL00544,CUST0066,I need to return an item,"Hi, I received the Echo Fleece Hoodie from order ORD01112, but it does not fit my needs. Please send the return instructions. Please reply before the weekend. A quick reply would be appreciated. Kind regards, Morgan Grove.",2026-02-11 14:40,Return/Refund,ORD01112
EMAIL01701,CUST0232,Complaint about delivery,"My package for ORD00851 arrived much later than promised and nobody sent an update. This is not acceptable. Please reply when you can. I hope this can be resolved soon. Kind regards, Skyler Dale.",2026-05-15 09:52,Complaint,ORD00851
EMAIL00874,CUST0047,Cancel order,"I no longer need the Lumen Gentle Cleanser. Can you cancel ORD00230 and refund the payment? Please reply this week. Sorry if I missed this information somewhere. Kind regards, Skyler Ivy.",2026-01-27 18:16,Cancellation,ORD00230
EMAIL01325,CUST0237,Is this in stock?,"Do you still have the Terra Resistance Band Set available? I am looking for one as a gift. Please reply this week. I hope this can be resolved soon. Kind regards, Jamie Ivy.",2026-02-18 18:38,Product Information,
EMAIL00040,CUST0074,Has my package shipped?,"Hi, I ordered a Ember Crossbody Bag. Is order ORD00763 on its way yet? Please reply as soon as possible. A quick reply would be appreciated. Kind regards, Riley Cove.",2026-02-23 11:03,Order Status,ORD00763
EMAIL02072,CUST0168,Wrong item size,"The item in order ORD00489 does not fit. I do not need a refund; I would prefer an exchange if possible. Please reply today. Please let me know what you need from me. Kind regards, Riley Briar.",2026-04-28 09:51,Exchange,ORD00489
EMAIL01419,CUST0192,Question about Terra Electric Kettle,"Hello, could you tell me more about the Terra Electric Kettle? I need the size, material, and care details before ordering. Please reply when you can. A quick reply would be appreciated. Kind regards, Riley Lark.",2026-08-09 08:07,Product Information,ORD00566
EMAIL01677,CUST0278,Complaint about delivery,"My package for ORD00938 arrived much later than promised and nobody sent an update. This is not acceptable. Please reply as soon as possible. I checked the help page but could not find a clear answer. Kind regards, Jamie Cove.",2026-07-06 09:28,Complaint,ORD00938
EMAIL00854,CUST0093,Accidental order,"Oops, I ordered the wrong item. Is it still possible to stop order ORD00940? Please reply as soon as possible. A quick reply would be appreciated. Kind regards, Rowan Grove.",2026-01-13 19:23,Cancellation,ORD00940
EMAIL01163,CUST0093,Payment problem,"My card payment for ORD00553 is still pending in my bank app. Did the order go through? Please reply as soon as possible. I checked the help page but could not find a clear answer. Kind regards, Rowan Grove.",2026-01-29 15:12,Payment Issue,ORD00553
EMAIL01730,CUST0267,Poor experience,"I have tried to get help with ORD00080 twice. Still no answer. Really disappointed with the service. Please reply before the weekend. I checked the help page but could not find a clear answer. Kind regards, Jordan Lark.",2026-02-28 20:48,Complaint,ORD00080
EMAIL00027,CUST0232,Tracking update needed,"Could you check the delivery status of ORD00194? The tracking has not changed and I am starting to worry. Please reply when you can. A quick reply would be appreciated. Kind regards, Skyler Dale.",2026-01-15 16:44,Order Status,ORD00194
EMAIL00837,CUST0133,Accidental order,"Oops, I ordered the wrong item. Is it still possible to stop order ORD00328? Please reply this week. Sorry if I missed this information somewhere. Kind regards, Quinn Dale.",2026-08-11 20:42,Cancellation,ORD00328
EMAIL01860,CUST0093,Need a different size,"Dear support team, I received the Solace Travel Backpack from order ORD00940, but the size is wrong. Can I exchange it for a smaller size? Please reply when you can. I checked the help page but could not find a clear answer. Kind regards, Rowan Grove.",2026-07-20 17:10,Exchange,ORD00940
EMAIL02181,CUST0240,Discount code question,"Do you have a student discount or a promo code I can use for the Willow Resistance Band Set? Please reply today. A quick reply would be appreciated. Kind regards, Avery Lark.",2026-03-29 12:41,Other,
EMAIL01883,CUST0232,Wrong item size,"The item in order ORD00194 does not fit. I do not need a refund; I would prefer an exchange if possible. Please reply today. Sorry if I missed this information somewhere. Kind regards, Skyler Dale.",2026-05-05 14:49,Exchange,ORD00194
EMAIL00282,CUST0144,Where is my order?,"Hello, I placed order ORD00221 a few days ago and it still says shipped. Can you tell me when it will arrive? Thank you, Skyler Ember Please reply when you can. A quick reply would be appreciated. Kind regards, Skyler Ember.",2026-01-24 20:39,Order Status,ORD00221
EMAIL02276,CUST0088,Need account help,"Dear support team, I cannot log in after resetting my password. Can you help me access my account? Please reply before the weekend. Please let me know what you need from me. Kind regards, Jordan Cove.",2026-06-02 10:59,Other,ORD01179
EMAIL01188,CUST0035,I was charged twice,"I can see two charges for order ORD00629, but I only placed one order. Please look into this. Please reply before the weekend. Please let me know what you need from me. Kind regards, Skyler Grove.",2026-03-06 17:04,Payment Issue,ORD00629
EMAIL02069,CUST0292,Wrong item size,"The item in order ORD00276 does not fit. I do not need a refund; I would prefer an exchange if possible. Please reply before the weekend. I checked the help page but could not find a clear answer. Kind regards, Skyler Juniper.",2026-04-26 12:13,Exchange,ORD00276
EMAIL00749,CUST0202,Please cancel my order,"Hey, please cancel order ORD00512 before it ships. I made this purchase by mistake. Please reply as soon as possible. I hope this can be resolved soon. Kind regards, Morgan Fern.",2026-04-16 17:18,Cancellation,ORD00512
EMAIL02026,CUST0002,Can you replace this?,"Hi, the Nimbus Canvas Tote from ORD00011 is the wrong size. How can I swap it for the correct one? Please reply this week. A quick reply would be appreciated. Kind regards, Morgan Dale.",2026-04-13 19:14,Exchange,ORD00011
EMAIL01442,CUST0216,Warranty question,"Hi, does the Pioneer Compact Blender come with a warranty? I could not find the answer on the product page. Please reply this week. Sorry if I missed this information somewhere. Kind regards, Morgan Lark.",2026-08-08 09:20,Product Information,
EMAIL00852,CUST0101,Please cancel my order,"Hi, please cancel order ORD00595 before it ships. I made this purchase by mistake. Please reply as soon as possible. I hope this can be resolved soon. Kind regards, Riley Hollow.",2026-01-15 17:41,Cancellation,ORD00595
EMAIL00530,CUST0103,Refund status,"I returned order ORD00301 and have not received my refund. Can someone check the status for me? Please reply this week. Sorry if I missed this information somewhere. Kind regards, Jamie Dale.",2026-01-05 17:57,Return/Refund,ORD00301
EMAIL02213,CUST0203,Need account help,"Hi, I cannot log in after resetting my password. Can you help me access my account? Please reply this week. Sorry if I missed this information somewhere. Kind regards, Quinn Ivy.",2026-07-28 17:14,Other,
EMAIL00109,CUST0065,Has my package shipped?,"Hi, I ordered a Drift Travel Backpack. Is order ORD00425 on its way yet? Please reply before the weekend. A quick reply would be appreciated. Kind regards, Skyler Lark.",2026-04-30 17:50,Order Status,ORD00425
EMAIL02193,CUST0124,Change my address,"Hi, how do I update the delivery address saved in my account for future orders? Please reply when you can. Please let me know what you need from me. Kind regards, Taylor Juniper.",2026-02-20 20:27,Other,ORD00014
EMAIL01182,CUST0180,I was charged twice,"I can see two charges for order ORD00750, but I only placed one order. Please look into this. Please reply before the weekend. Sorry if I missed this information somewhere. Kind regards, Morgan Dale.",2026-01-15 14:11,Payment Issue,ORD00750
EMAIL00864,CUST0028,Please cancel my order,"Hey, please cancel order ORD00093 before it ships. I made this purchase by mistake. Please reply as soon as possible. Please let me know what you need from me. Kind regards, Skyler Ivy.",2026-05-11 08:52,Cancellation,ORD00093
EMAIL00343,CUST0254,I need to return an item,"Hey, I received the Solace Travel Backpack from order ORD00968, but it does not fit my needs. Please send the return instructions. Please reply this week. Please let me know what you need from me. Kind regards, Taylor Cove.",2026-03-19 12:48,Return/Refund,ORD00968
EMAIL00163,CUST0065,Where is my order?,"Dear support team, I placed order ORD00425 a few days ago and it still says shipped. Can you tell me when it will arrive? Please help, Skyler Lark Please reply when you can. I hope this can be resolved soon. Kind regards, Skyler Lark.",2026-03-08 17:43,Order Status,ORD00425
EMAIL00053,CUST0294,Where is my order?,"Dear support team, I placed order ORD00208 a few days ago and it still says delivered. Can you tell me when it will arrive? Thanks, Rowan Grove Please reply before the weekend. I checked the help page but could not find a clear answer. Kind regards, Rowan Grove.",2026-03-21 08:22,Order Status,ORD00208
EMAIL01521,CUST0196,Complaint about delivery,"My package for ORD00373 arrived much later than promised and nobody sent an update. This is not acceptable. Please reply as soon as possible. A quick reply would be appreciated. Kind regards, Taylor Hollow.",2026-02-20 16:27,Complaint,ORD00373
EMAIL01531,CUST0123,Very disappointed,"Dear support team, I am unhappy with order ORD00811. The Drift Ceramic Mug Set was not as described and this has been frustrating. Please reply before the weekend. I checked the help page but could not find a clear answer. Kind regards, Jordan Ember.",2026-02-28 19:15,Complaint,ORD00811
EMAIL01421,CUST0263,Question about Terra Resistance Band Set,"Hi, could you tell me more about the Terra Resistance Band Set? I need the size, material, and care details before ordering. Please reply when you can. I checked the help page but could not find a clear answer. Kind regards, Morgan Grove.",2026-06-28 11:06,Product Information,ORD00718
EMAIL01702,CUST0283,Complaint about delivery,"My package for ORD00310 arrived much later than promised and nobody sent an update. This is not acceptable. Please reply this week. I checked the help page but could not find a clear answer. Kind regards, Casey Juniper.",2026-04-01 17:04,Complaint,ORD00310
EMAIL02170,CUST0190,Discount code question,"Do you have a student discount or a promo code I can use for the Harbor Travel Backpack? Please reply as soon as possible. I checked the help page but could not find a clear answer. Kind regards, Taylor Lark.",2026-04-25 16:39,Other,
EMAIL01353,CUST0114,Is this in stock?,"Do you still have the Brook Walking Shoe available? I am looking for one as a gift. Please reply as soon as possible. Sorry if I missed this information somewhere. Kind regards, Jordan Juniper.",2026-01-04 12:06,Product Information,
EMAIL01420,CUST0027,Question about Brook Air Fryer,"Dear support team, could you tell me more about the Brook Air Fryer? I need the size, material, and care details before ordering. Please reply as soon as possible. A quick reply would be appreciated. Kind regards, Jamie Lark.",2026-01-26 19:46,Product Information,
EMAIL00326,CUST0235,Return request,"The Pioneer Canvas Tote arrived damaged. I would like to return it and receive a refund for ORD01039. Please reply before the weekend. I hope this can be resolved soon. Kind regards, Taylor Lark.",2026-04-04 09:50,Return/Refund,ORD01039
EMAIL00309,CUST0229,Return request,"The Nimbus Electric Kettle arrived damaged. I would like to return it and receive a refund for ORD00975. Please reply as soon as possible. Sorry if I missed this information somewhere. Kind regards, Jordan Ember.",2026-08-02 11:16,Return/Refund,ORD00975
EMAIL01896,CUST0263,Need a different size,"Hello, I received the Drift Coffee Grinder from order ORD00300, but the size is wrong. Can I exchange it for a smaller size? Please reply today. Sorry if I missed this information somewhere. Kind regards, Morgan Grove.",2026-05-13 13:24,Exchange,ORD00300
EMAIL01965,CUST0292,Exchange request,"I would like to exchange the Drift Noise-Canceling Headphones from order ORD00276 for a different size or color. Please tell me the next steps. Please reply as soon as possible. Sorry if I missed this information somewhere. Kind regards, Skyler Juniper.",2026-02-25 14:25,Exchange,ORD00276
EMAIL01946,CUST0102,Can you replace this?,"Hi, the Nimbus Fleece Hoodie from ORD01075 is the wrong size. How can I swap it for the correct one? Please reply before the weekend. A quick reply would be appreciated. Kind regards, Riley Juniper.",2026-02-17 16:58,Exchange,ORD01075
EMAIL02044,CUST0178,Need a different size,"Dear support team, I received the Terra Studio Microphone from order ORD00391, but the size is wrong. Can I exchange it for a smaller size? Please reply this week. A quick reply would be appreciated. Kind regards, Skyler Lark.",2026-03-24 16:56,Exchange,ORD00391
EMAIL01122,CUST0190,I was charged twice,"I can see two charges for order ORD00024, but I only placed one order. Please look into this. Please reply this week. Sorry if I missed this information somewhere. Kind regards, Taylor Lark.",2026-02-24 16:23,Payment Issue,ORD00024
EMAIL02321,CUST0145,Need account help,"Hello, I cannot log in after resetting my password. Can you help me access my account? Please reply today. I hope this can be resolved soon. Kind regards, Skyler Cove.",2026-01-21 12:14,Other,
EMAIL00342,CUST0260,Refund status,"I returned order ORD00225 and have not received my refund. Can someone check the status for me? Please reply as soon as possible. I checked the help page but could not find a clear answer. Kind regards, Taylor Juniper.",2026-06-19 17:05,Return/Refund,ORD00225
EMAIL01617,CUST0047,Very disappointed,"Dear support team, I am unhappy with order ORD01117. The Sage Denim Jacket was not as described and this has been frustrating. Please reply this week. I hope this can be resolved soon. Kind regards, Skyler Ivy.",2026-05-31 09:00,Complaint,ORD01117
EMAIL00912,CUST0230,Checkout error,"Hi, my payment keeps failing when I try to buy the Harbor Insulated Bottle. The card works everywhere else. Please reply today. A quick reply would be appreciated. Kind regards, Jordan Dale.",2026-04-04 16:47,Payment Issue,ORD00881
EMAIL01821,CUST0085,Exchange request,"I would like to exchange the Atlas Gentle Cleanser from order ORD00258 for a different size or color. Please tell me the next steps. Please reply when you can. A quick reply would be appreciated. Kind regards, Rowan Hollow.",2026-05-23 10:18,Exchange,ORD00258
EMAIL01097,CUST0175,Checkout error,"Hi, my payment keeps failing when I try to buy the Lumen Denim Jacket. The card works everywhere else. Please reply this week. Please let me know what you need from me. Kind regards, Morgan Cove.",2026-04-23 18:56,Payment Issue,ORD00290
EMAIL02037,CUST0039,Can you replace this?,"Hi, the Willow Glass Storage Set from ORD00155 is the wrong size. How can I swap it for the correct one? Please reply this week. A quick reply would be appreciated. Kind regards, Jordan Fern.",2026-06-28 08:07,Exchange,ORD00155
EMAIL02047,CUST0135,Wrong item size,"The item in order ORD00140 does not fit. I do not need a refund; I would prefer an exchange if possible. Please reply when you can. I checked the help page but could not find a clear answer. Kind regards, Jamie Fern.",2026-03-22 14:13,Exchange,ORD00140
EMAIL01006,CUST0230,Checkout error,"Hi, my payment keeps failing when I try to buy the Harbor Insulated Bottle. The card works everywhere else. Please reply today. Please let me know what you need from me. Kind regards, Jordan Dale.",2026-03-29 17:16,Payment Issue,ORD00881
EMAIL02131,CUST0274,Change my address,"Hi, how do I update the delivery address saved in my account for future orders? Please reply before the weekend. A quick reply would be appreciated. Kind regards, Casey Cove.",2026-07-24 19:07,Other,ORD01151
EMAIL01147,CUST0297,I was charged twice,"I can see two charges for order ORD00751, but I only placed one order. Please look into this. Please reply this week. Please let me know what you need from me. Kind regards, Riley Grove.",2026-07-26 11:56,Payment Issue,ORD00751
EMAIL01271,CUST0224,Warranty question,"Hi, does the Orbit Air Fryer come with a warranty? I could not find the answer on the product page. Please reply when you can. I hope this can be resolved soon. Kind regards, Taylor Ivy.",2026-06-06 14:43,Product Information,
EMAIL00586,CUST0158,Return request,"The Cedar Night Cream arrived damaged. I would like to return it and receive a refund for ORD00592. Please reply when you can. I hope this can be resolved soon. Kind regards, Jamie Ivy.",2026-08-16 12:13,Return/Refund,ORD00592
EMAIL00647,CUST0030,Please cancel my order,"Hi, please cancel order ORD00631 before it ships. I made this purchase by mistake. Please reply this week. I hope this can be resolved soon. Kind regards, Taylor Cove.",2026-03-10 10:50,Cancellation,ORD00631
EMAIL00111,CUST0292,Has my package shipped?,"Hi, I ordered a Atlas Denim Jacket. Is order ORD00864 on its way yet? Please reply as soon as possible. Please let me know what you need from me. Kind regards, Skyler Juniper.",2026-07-28 13:12,Order Status,ORD00864
EMAIL01597,CUST0128,Complaint about delivery,"My package for ORD00106 arrived much later than promised and nobody sent an update. This is not acceptable. Please reply today. I hope this can be resolved soon. Kind regards, Morgan Ivy.",2026-03-12 08:48,Complaint,ORD00106
EMAIL00930,CUST0270,I was charged twice,"I can see two charges for order ORD00317, but I only placed one order. Please look into this. Please reply today. A quick reply would be appreciated. Kind regards, Jordan Juniper.",2026-07-23 13:25,Payment Issue,ORD00317
EMAIL00373,CUST0264,I need to return an item,"Hey, I received the Nova Trail Runner from order ORD00313, but it does not fit my needs. Please send the return instructions. Please reply as soon as possible. I hope this can be resolved soon. Kind regards, Taylor Briar.",2026-05-14 11:15,Return/Refund,ORD00313
EMAIL02093,CUST0116,Need a different size,"Dear support team, I received the Harbor Electric Kettle from order ORD00694, but the size is wrong. Can I exchange it for a smaller size? Please reply as soon as possible. I checked the help page but could not find a clear answer. Kind regards, Rowan Juniper.",2026-04-25 11:53,Exchange,ORD00694
EMAIL01534,CUST0096,Poor experience,"I have tried to get help with ORD00606 twice. Still no answer. Really disappointed with the service. Please reply before the weekend. I checked the help page but could not find a clear answer. Kind regards, Skyler Juniper.",2026-06-07 08:49,Complaint,ORD00606
EMAIL00911,CUST0201,Checkout error,"Hi, my payment keeps failing when I try to buy the Nimbus Canvas Tote. The card works everywhere else. Please reply when you can. Sorry if I missed this information somewhere. Kind regards, Skyler Ivy.",2026-04-25 18:50,Payment Issue,ORD01131
EMAIL00949,CUST0186,Payment problem,"My card payment for ORD01087 is still pending in my bank app. Did the order go through? Please reply when you can. A quick reply would be appreciated. Kind regards, Avery Dale.",2026-08-05 08:16,Payment Issue,ORD01087
EMAIL01337,CUST0230,Warranty question,"Hi, does the Lumen Compact Blender come with a warranty? I could not find the answer on the product page. Please reply this week. Sorry if I missed this information somewhere. Kind regards, Jordan Dale.",2026-05-26 11:13,Product Information,ORD00058
EMAIL00478,CUST0044,Return request,"The Terra Rain Jacket arrived damaged. I would like to return it and receive a refund for ORD00900. Please reply before the weekend. I checked the help page but could not find a clear answer. Kind regards, Casey Briar.",2026-08-14 17:03,Return/Refund,ORD00900
EMAIL01047,CUST0097,I was charged twice,"I can see two charges for order ORD00223, but I only placed one order. Please look into this. Please reply today. I hope this can be resolved soon. Kind regards, Morgan Fern.",2026-04-09 15:27,Payment Issue,ORD00223
EMAIL00298,CUST0063,Has my package shipped?,"Hi, I ordered a Summit Training Shoe. Is order ORD00765 on its way yet? Please reply as soon as possible. I checked the help page but could not find a clear answer. Kind regards, Morgan Hollow.",2026-01-30 09:11,Order Status,ORD00765
EMAIL02267,CUST0140,Change my address,"Hi, how do I update the delivery address saved in my account for future orders? Please reply when you can. I hope this can be resolved soon. Kind regards, Casey Lark.",2026-08-21 09:21,Other,ORD00274
EMAIL00258,CUST0007,Has my package shipped?,"Hi, I ordered a Cedar Rain Jacket. Is order ORD00060 on its way yet? Please reply as soon as possible. Sorry if I missed this information somewhere. Kind regards, Riley Briar.",2026-01-11 10:18,Order Status,ORD00060
EMAIL01146,CUST0257,Checkout error,"Hi, my payment keeps failing when I try to buy the Aster Night Cream. The card works everywhere else. Please reply when you can. Please let me know what you need from me. Kind regards, Riley Hollow.",2026-08-21 19:05,Payment Issue,ORD00051
EMAIL01839,CUST0146,Exchange request,"I would like to exchange the Nimbus Fleece Hoodie from order ORD00440 for a different size or color. Please tell me the next steps. Please reply this week. Sorry if I missed this information somewhere. Kind regards, Rowan Hollow.",2026-03-17 12:19,Exchange,ORD00440
EMAIL00114,CUST0299,Where is my order?,"Dear support team, I placed order ORD00073 a few days ago and it still says processing. Can you tell me when it will arrive? Regards, Jordan Briar Please reply as soon as possible. I checked the help page but could not find a clear answer. Kind regards, Jordan Briar.",2026-08-18 16:58,Order Status,ORD00073
EMAIL01774,CUST0156,Complaint about delivery,"My package for ORD00287 arrived much later than promised and nobody sent an update. This is not acceptable. Please reply when you can. A quick reply would be appreciated. Kind regards, Riley Lark.",2026-04-14 17:44,Complaint,ORD00287
EMAIL00087,CUST0008,Has my package shipped?,"Hi, I ordered a Orbit Air Fryer. Is order ORD00500 on its way yet? Please reply this week. Please let me know what you need from me. Kind regards, Jamie Grove.",2026-03-27 10:36,Order Status,ORD00500
EMAIL00856,CUST0204,Please cancel my order,"Hi, please cancel order ORD00131 before it ships. I made this purchase by mistake. Please reply as soon as possible. Sorry if I missed this information somewhere. Kind regards, Skyler Ember.",2026-06-21 10:38,Cancellation,ORD00131
EMAIL00355,CUST0105,I need to return an item,"Hello, I received the Cedar Wireless Earbuds from order ORD00524, but it does not fit my needs. Please send the return instructions. Please reply today. A quick reply would be appreciated. Kind regards, Jamie Lark.",2026-05-28 15:29,Return/Refund,ORD00524
EMAIL00327,CUST0094,I need to return an item,"Dear support team, I received the Sage Air Fryer from order ORD00737, but it does not fit my needs. Please send the return instructions. Please reply today. Please let me know what you need from me. Kind regards, Jordan Lark.",2026-07-01 17:16,Return/Refund,ORD00737
EMAIL00175,CUST0200,Has my package shipped?,"Hi, I ordered a Willow Denim Jacket. Is order ORD01033 on its way yet? Please reply before the weekend. I checked the help page but could not find a clear answer. Kind regards, Jamie Briar.",2026-01-10 19:04,Order Status,ORD01033
EMAIL00984,CUST0166,I was charged twice,"I can see two charges for order ORD00785, but I only placed one order. Please look into this. Please reply as soon as possible. I hope this can be resolved soon. Kind regards, Skyler Juniper.",2026-01-22 12:38,Payment Issue,ORD00785
EMAIL00051,CUST0174,Where is my order?,"Hello, I placed order ORD00279 a few days ago and it still says processing. Can you tell me when it will arrive? Regards, Avery Dale Please reply this week. I checked the help page but could not find a clear answer. Kind regards, Avery Dale.",2026-01-17 11:38,Order Status,ORD00279
EMAIL00460,CUST0211,Return request,"The Ember Denim Jacket arrived damaged. I would like to return it and receive a refund for ORD00663. Please reply before the weekend. Sorry if I missed this information somewhere. Kind regards, Riley Hollow.",2026-02-04 14:06,Return/Refund,ORD00663
EMAIL02123,CUST0083,Change my address,"Hi, how do I update the delivery address saved in my account for future orders? Please reply when you can. I checked the help page but could not find a clear answer. Kind regards, Riley Grove.",2026-08-04 17:47,Other,ORD00383
EMAIL01742,CUST0160,Very disappointed,"Dear support team, I am unhappy with order ORD00445. The Aster Quilted Vest was not as described and this has been frustrating. Please reply this week. Sorry if I missed this information somewhere. Kind regards, Riley Ember.",2026-03-05 15:48,Complaint,ORD00445
EMAIL00006,CUST0007,Has my package shipped?,"Hi, I ordered a Coast Denim Jacket. Is order ORD00540 on its way yet? Please reply before the weekend. I hope this can be resolved soon. Kind regards, Riley Briar.",2026-05-16 17:23,Order Status,ORD00540
EMAIL00231,CUST0265,Has my package shipped?,"Hi, I ordered a Sage Training Shoe. Is order ORD00224 on its way yet? Please reply this week. Please let me know what you need from me. Kind regards, Casey Ivy.",2026-06-22 18:29,Order Status,ORD00224
EMAIL00301,CUST0149,Return request,"The Atlas Laptop Sleeve arrived damaged. I would like to return it and receive a refund for ORD00829. Please reply before the weekend. Sorry if I missed this information somewhere. Kind regards, Jordan Hollow.",2026-02-27 11:17,Return/Refund,ORD00829
EMAIL01249,CUST0260,Question about Lumen Gentle Cleanser,"Hi, could you tell me more about the Lumen Gentle Cleanser? I need the size, material, and care details before ordering. Please reply as soon as possible. Sorry if I missed this information somewhere. Kind regards, Taylor Juniper.",2026-03-07 17:44,Product Information,
EMAIL02351,CUST0161,Discount code question,"Do you have a student discount or a promo code I can use for the Cedar Air Fryer? Please reply this week. I checked the help page but could not find a clear answer. Kind regards, Skyler Grove.",2026-01-29 09:28,Other,ORD00526
EMAIL01604,CUST0252,Poor experience,"I have tried to get help with ORD00053 twice. Still no answer. Really disappointed with the service. Please reply today. I hope this can be resolved soon. Kind regards, Avery Fern.",2026-06-29 17:05,Complaint,ORD00053
EMAIL00774,CUST0113,Please cancel my order,"Hey, please cancel order ORD00678 before it ships. I made this purchase by mistake. Please reply this week. I hope this can be resolved soon. Kind regards, Avery Cove.",2026-02-28 17:17,Cancellation,ORD00678
EMAIL01184,CUST0037,Payment problem,"My card payment for ORD01081 is still pending in my bank app. Did the order go through? Please reply as soon as possible. Sorry if I missed this information somewhere. Kind regards, Skyler Cove.",2026-03-12 09:52,Payment Issue,ORD01081
EMAIL00323,CUST0057,Return request,"The Orbit Laptop Sleeve arrived damaged. I would like to return it and receive a refund for ORD00819. Please reply today. Sorry if I missed this information somewhere. Kind regards, Riley Ivy.",2026-07-25 20:00,Return/Refund,ORD00819
EMAIL01222,CUST0070,Is this in stock?,"Do you still have the Willow Portable Speaker available? I am looking for one as a gift. Please reply as soon as possible. Please let me know what you need from me. Kind regards, Taylor Cove.",2026-02-16 12:26,Product Information,
EMAIL01517,CUST0258,Complaint about delivery,"My package for ORD01198 arrived much later than promised and nobody sent an update. This is not acceptable. Please reply when you can. I checked the help page but could not find a clear answer. Kind regards, Avery Fern.",2026-08-14 10:18,Complaint,ORD01198
EMAIL00149,CUST0003,Where is my order?,"Hey, I placed order ORD00834 a few days ago and it still says returned. Can you tell me when it will arrive? Thanks, Rowan Cove Please reply before the weekend. A quick reply would be appreciated. Kind regards, Rowan Cove.",2026-03-31 12:50,Order Status,ORD00834
EMAIL01719,CUST0235,Very disappointed,"Hi, I am unhappy with order ORD00891. The Sage Ceramic Mug Set was not as described and this has been frustrating. Please reply before the weekend. Please let me know what you need from me. Kind regards, Taylor Lark.",2026-04-02 14:32,Complaint,ORD00891
EMAIL01752,CUST0051,Poor experience,"I have tried to get help with ORD00754 twice. Still no answer. Really disappointed with the service. Please reply today. I checked the help page but could not find a clear answer. Kind regards, Morgan Ember.",2026-01-26 19:44,Complaint,ORD00754
EMAIL01301,CUST0113,Is this in stock?,"Do you still have the Brook Crossbody Bag available? I am looking for one as a gift. Please reply as soon as possible. Please let me know what you need from me. Kind regards, Avery Cove.",2026-05-03 14:19,Product Information,ORD00678
EMAIL01505,CUST0023,Very disappointed,"Hello, I am unhappy with order ORD00323. The Drift Hydrating Serum was not as described and this has been frustrating. Please reply today. I hope this can be resolved soon. Kind regards, Riley Dale.",2026-02-26 11:23,Complaint,ORD00323
EMAIL01205,CUST0290,Is this in stock?,"Do you still have the Lumen Canvas Tote available? I am looking for one as a gift. Please reply today. I checked the help page but could not find a clear answer. Kind regards, Casey Hollow.",2026-08-14 18:36,Product Information,
EMAIL00474,CUST0215,Return request,"The Pioneer Portable Speaker arrived damaged. I would like to return it and receive a refund for ORD00240. Please reply when you can. A quick reply would be appreciated. Kind regards, Rowan Hollow.",2026-01-08 18:59,Return/Refund,ORD00240
EMAIL01676,CUST0038,Very disappointed,"Hey, I am unhappy with order ORD00832. The Aster Night Cream was not as described and this has been frustrating. Please reply when you can. A quick reply would be appreciated. Kind regards, Rowan Dale.",2026-05-16 14:58,Complaint,ORD00832
EMAIL01406,CUST0173,Is this in stock?,"Do you still have the Nova Fleece Hoodie available? I am looking for one as a gift. Please reply when you can. Please let me know what you need from me. Kind regards, Casey Hollow.",2026-05-06 10:16,Product Information,ORD00786
EMAIL01547,CUST0142,Very disappointed,"Hey, I am unhappy with order ORD00344. The Cedar Air Fryer was not as described and this has been frustrating. Please reply when you can. I checked the help page but could not find a clear answer. Kind regards, Riley Cove.",2026-04-30 19:34,Complaint,ORD00344
EMAIL02208,CUST0272,Discount code question,"Do you have a student discount or a promo code I can use for the Harbor Wireless Earbuds? Please reply before the weekend. I checked the help page but could not find a clear answer. Kind regards, Skyler Grove.",2026-08-19 09:07,Other,ORD00040
EMAIL01949,CUST0258,Exchange request,"I would like to exchange the Terra Canvas Tote from order ORD01170 for a different size or color. Please tell me the next steps. Please reply this week. Please let me know what you need from me. Kind regards, Avery Fern.",2026-07-09 16:01,Exchange,ORD01170
EMAIL00397,CUST0233,Refund status,"I returned order ORD00687 and have not received my refund. Can someone check the status for me? Please reply when you can. Sorry if I missed this information somewhere. Kind regards, Riley Ivy.",2026-04-03 13:12,Return/Refund,ORD00687
EMAIL02154,CUST0299,Need account help,"Hey, I cannot log in after resetting my password. Can you help me access my account? Please reply when you can. Please let me know what you need from me. Kind regards, Jordan Briar.",2026-06-12 11:05,Other,ORD00830
EMAIL01129,CUST0145,I was charged twice,"I can see two charges for order ORD00199, but I only placed one order. Please look into this. Please reply as soon as possible. Please let me know what you need from me. Kind regards, Skyler Cove.",2026-05-28 17:45,Payment Issue,ORD00199
EMAIL00152,CUST0136,Has my package shipped?,"Hi, I ordered a Ember Gentle Cleanser. Is order ORD00839 on its way yet? Please reply as soon as possible. Please let me know what you need from me. Kind regards, Casey Ivy.",2026-07-25 17:08,Order Status,ORD00839
EMAIL02334,CUST0046,Need account help,"Hey, I cannot log in after resetting my password. Can you help me access my account? Please reply this week. I hope this can be resolved soon. Kind regards, Quinn Ember.",2026-08-02 19:07,Other,ORD00190
EMAIL00374,CUST0134,Return request,"The Ember Gentle Cleanser arrived damaged. I would like to return it and receive a refund for ORD00378. Please reply as soon as possible. A quick reply would be appreciated. Kind regards, Taylor Ember.",2026-01-11 17:17,Return/Refund,ORD00378
EMAIL00784,CUST0279,Accidental order,"Oops, I ordered the wrong item. Is it still possible to stop order ORD00590? Please reply when you can. I checked the help page but could not find a clear answer. Kind regards, Casey Grove.",2026-02-28 19:44,Cancellation,ORD00590
EMAIL02341,CUST0200,Need account help,"Hey, I cannot log in after resetting my password. Can you help me access my account? Please reply when you can. Sorry if I missed this information somewhere. Kind regards, Jamie Briar.",2026-03-25 18:30,Other,
EMAIL01869,CUST0256,Can you replace this?,"Hi, the Meadow Studio Microphone from ORD01060 is the wrong size. How can I swap it for the correct one? Please reply before the weekend. I hope this can be resolved soon. Kind regards, Morgan Cove.",2026-01-19 13:57,Exchange,ORD01060
EMAIL00336,CUST0281,Refund status,"I returned order ORD01132 and have not received my refund. Can someone check the status for me? Please reply this week. Sorry if I missed this information somewhere. Kind regards, Taylor Hollow.",2026-02-25 20:59,Return/Refund,ORD01132
EMAIL01832,CUST0077,Wrong item size,"The item in order ORD00170 does not fit. I do not need a refund; I would prefer an exchange if possible. Please reply when you can. Sorry if I missed this information somewhere. Kind regards, Casey Hollow.",2026-06-02 17:00,Exchange,ORD00170
EMAIL02212,CUST0034,Discount code question,"Do you have a student discount or a promo code I can use for the Pioneer Canvas Tote? Please reply when you can. I checked the help page but could not find a clear answer. Kind regards, Jordan Juniper.",2026-03-14 16:33,Other,
EMAIL01228,CUST0084,Warranty question,"Hi, does the Meadow Foam Roller come with a warranty? I could not find the answer on the product page. Please reply when you can. I hope this can be resolved soon. Kind regards, Morgan Ember.",2026-07-23 11:00,Product Information,ORD00734
EMAIL02147,CUST0065,Discount code question,"Do you have a student discount or a promo code I can use for the Drift Travel Backpack? Please reply when you can. Please let me know what you need from me. Kind regards, Skyler Lark.",2026-04-23 10:35,Other,ORD00425
EMAIL00937,CUST0101,Checkout error,"Hi, my payment keeps failing when I try to buy the Drift Travel Backpack. The card works everywhere else. Please reply as soon as possible. Sorry if I missed this information somewhere. Kind regards, Riley Hollow.",2026-01-22 11:43,Payment Issue,ORD00595
EMAIL00068,CUST0209,Tracking update needed,"Could you check the delivery status of ORD00159? The tracking has not changed and I am starting to worry. Please reply this week. Sorry if I missed this information somewhere. Kind regards, Morgan Ivy.",2026-02-24 19:47,Order Status,ORD00159
EMAIL01253,CUST0081,Question about Aster Quilted Vest,"Hey, could you tell me more about the Aster Quilted Vest? I need the size, material, and care details before ordering. Please reply before the weekend. Sorry if I missed this information somewhere. Kind regards, Jordan Juniper.",2026-02-25 08:09,Product Information,
EMAIL00634,CUST0212,Cancel order,"I no longer need the Summit Rain Jacket. Can you cancel ORD00248 and refund the payment? Please reply today. Sorry if I missed this information somewhere. Kind regards, Avery Fern.",2026-06-03 08:26,Cancellation,ORD00248
EMAIL00518,CUST0215,Refund status,"I returned order ORD00192 and have not received my refund. Can someone check the status for me? Please reply this week. A quick reply would be appreciated. Kind regards, Rowan Hollow.",2026-06-18 14:59,Return/Refund,ORD00192
EMAIL00428,CUST0085,Return request,"The Lumen Wireless Earbuds arrived damaged. I would like to return it and receive a refund for ORD00775. Please reply as soon as possible. Sorry if I missed this information somewhere. Kind regards, Rowan Hollow.",2026-08-08 13:12,Return/Refund,ORD00775
EMAIL01738,CUST0140,Poor experience,"I have tried to get help with ORD00274 twice. Still no answer. Really disappointed with the service. Please reply as soon as possible. Sorry if I missed this information somewhere. Kind regards, Casey Lark.",2026-05-22 11:57,Complaint,ORD00274
EMAIL02086,CUST0039,Exchange request,"I would like to exchange the Drift Trail Runner from order ORD01155 for a different size or color. Please tell me the next steps. Please reply as soon as possible. I hope this can be resolved soon. Kind regards, Jordan Fern.",2026-08-11 08:42,Exchange,ORD01155
EMAIL00425,CUST0097,Return request,"The Summit Air Fryer arrived damaged. I would like to return it and receive a refund for ORD00238. Please reply this week. I hope this can be resolved soon. Kind regards, Morgan Fern.",2026-05-13 17:56,Return/Refund,ORD00238
EMAIL00115,CUST0275,Where is my order?,"Hey, I placed order ORD00134 a few days ago and it still says processing. Can you tell me when it will arrive? Thanks, Rowan Lark Please reply as soon as possible. I checked the help page but could not find a clear answer. Kind regards, Rowan Lark.",2026-08-01 20:26,Order Status,ORD00134
EMAIL00080,CUST0214,Has my package shipped?,"Hi, I ordered a Ember Trail Runner. Is order ORD00700 on its way yet? Please reply before the weekend. I checked the help page but could not find a clear answer. Kind regards, Rowan Ivy.",2026-08-26 10:29,Order Status,ORD00700
EMAIL00354,CUST0101,Return request,"The Drift Travel Backpack arrived damaged. I would like to return it and receive a refund for ORD00595. Please reply when you can. A quick reply would be appreciated. Kind regards, Riley Hollow.",2026-05-01 19:58,Return/Refund,ORD00595
EMAIL00221,CUST0127,Tracking update needed,"Could you check the delivery status of ORD01036? The tracking has not changed and I am starting to worry. Please reply today. A quick reply would be appreciated. Kind regards, Jamie Hollow.",2026-04-24 19:56,Order Status,ORD01036
EMAIL01389,CUST0045,Is this in stock?,"Do you still have the Coast Cast Iron Pan available? I am looking for one as a gift. Please reply when you can. I checked the help page but could not find a clear answer. Kind regards, Taylor Cove.",2026-01-13 08:58,Product Information,ORD00632
EMAIL02183,CUST0078,Discount code question,"Do you have a student discount or a promo code I can use for the Nimbus Electric Kettle? Please reply before the weekend. I hope this can be resolved soon. Kind regards, Avery Grove.",2026-01-05 20:43,Other,
EMAIL00138,CUST0042,Tracking update needed,"Could you check the delivery status of ORD00646? The tracking has not changed and I am starting to worry. Please reply this week. I checked the help page but could not find a clear answer. Kind regards, Morgan Ember.",2026-05-06 11:30,Order Status,ORD00646
EMAIL01478,CUST0088,Question about Echo Foam Roller,"Hey, could you tell me more about the Echo Foam Roller? I need the size, material, and care details before ordering. Please reply when you can. Please let me know what you need from me. Kind regards, Jordan Cove.",2026-08-20 18:51,Product Information,ORD00869
EMAIL01880,CUST0103,Need a different size,"Dear support team, I received the Nimbus Glass Storage Set from order ORD00301, but the size is wrong. Can I exchange it for a smaller size? Please reply before the weekend. Please let me know what you need from me. Kind regards, Jamie Dale.",2026-05-07 19:36,Exchange,ORD00301
EMAIL00049,CUST0244,Tracking update needed,"Could you check the delivery status of ORD00809? The tracking has not changed and I am starting to worry. Please reply when you can. I checked the help page but could not find a clear answer. Kind regards, Avery Fern.",2026-07-25 13:41,Order Status,ORD00809
EMAIL00947,CUST0036,Checkout error,"Hi, my payment keeps failing when I try to buy the Summit Training Shoe. The card works everywhere else. Please reply this week. I hope this can be resolved soon. Kind regards, Taylor Fern.",2026-03-30 10:49,Payment Issue,ORD00988
EMAIL01876,CUST0069,Can you replace this?,"Hi, the Willow Walking Shoe from ORD01154 is the wrong size. How can I swap it for the correct one? Please reply this week. Please let me know what you need from me. Kind regards, Rowan Ember.",2026-08-08 09:09,Exchange,ORD01154
EMAIL01923,CUST0071,Wrong item size,"The item in order ORD00693 does not fit. I do not need a refund; I would prefer an exchange if possible. Please reply as soon as possible. Please let me know what you need from me. Kind regards, Jordan Ivy.",2026-06-03 15:55,Exchange,ORD00693
EMAIL02122,CUST0115,Change my address,"Hi, how do I update the delivery address saved in my account for future orders? Please reply today. A quick reply would be appreciated. Kind regards, Morgan Cove.",2026-05-17 09:52,Other,ORD00233
EMAIL00885,CUST0140,Cancel order,"I no longer need the Atlas Gentle Cleanser. Can you cancel ORD00274 and refund the payment? Please reply this week. Please let me know what you need from me. Kind regards, Casey Lark.",2026-06-25 15:36,Cancellation,ORD00274
EMAIL02309,CUST0015,Discount code question,"Do you have a student discount or a promo code I can use for the Aster Coffee Grinder? Please reply this week. Sorry if I missed this information somewhere. Kind regards, Riley Ivy.",2026-08-15 16:48,Other,ORD00924
EMAIL01995,CUST0167,Need a different size,"Dear support team, I received the Nova Trail Runner from order ORD00525, but the size is wrong. Can I exchange it for a smaller size? Please reply as soon as possible. I hope this can be resolved soon. Kind regards, Morgan Fern.",2026-02-02 14:57,Exchange,ORD00525
EMAIL01584,CUST0086,Poor experience,"I have tried to get help with ORD00621 twice. Still no answer. Really disappointed with the service. Please reply when you can. Sorry if I missed this information somewhere. Kind regards, Jordan Dale.",2026-06-19 17:20,Complaint,ORD00621
EMAIL00938,CUST0260,Payment problem,"My card payment for ORD00225 is still pending in my bank app. Did the order go through? Please reply today. A quick reply would be appreciated. Kind regards, Taylor Juniper.",2026-07-07 10:07,Payment Issue,ORD00225
EMAIL00214,CUST0266,Tracking update needed,"Could you check the delivery status of ORD00118? The tracking has not changed and I am starting to worry. Please reply this week. Please let me know what you need from me. Kind regards, Skyler Briar.",2026-08-01 18:26,Order Status,ORD00118
EMAIL00821,CUST0216,Cancel order,"I no longer need the Willow Portable Speaker. Can you cancel ORD00008 and refund the payment? Please reply this week. Please let me know what you need from me. Kind regards, Morgan Lark.",2026-02-04 08:04,Cancellation,ORD00008
EMAIL00048,CUST0111,Tracking update needed,"Could you check the delivery status of ORD00680? The tracking has not changed and I am starting to worry. Please reply when you can. I hope this can be resolved soon. Kind regards, Casey Ivy.",2026-06-04 09:52,Order Status,ORD00680
EMAIL01386,CUST0002,Is this in stock?,"Do you still have the Terra Canvas Tote available? I am looking for one as a gift. Please reply today. Sorry if I missed this information somewhere. Kind regards, Morgan Dale.",2026-07-24 08:01,Product Information,ORD00955
EMAIL00691,CUST0211,Please cancel my order,"Hey, please cancel order ORD00217 before it ships. I made this purchase by mistake. Please reply when you can. I hope this can be resolved soon. Kind regards, Riley Hollow.",2026-02-27 20:14,Cancellation,ORD00217
EMAIL02167,CUST0108,Need account help,"Hey, I cannot log in after resetting my password. Can you help me access my account? Please reply this week. A quick reply would be appreciated. Kind regards, Rowan Lark.",2026-07-01 16:52,Other,ORD01021
EMAIL00910,CUST0222,Payment problem,"My card payment for ORD00626 is still pending in my bank app. Did the order go through? Please reply before the weekend. I hope this can be resolved soon. Kind regards, Quinn Fern.",2026-05-15 17:24,Payment Issue,ORD00626
EMAIL01156,CUST0193,Payment problem,"My card payment for ORD00992 is still pending in my bank app. Did the order go through? Please reply as soon as possible. A quick reply would be appreciated. Kind regards, Rowan Ivy.",2026-01-29 11:00,Payment Issue,ORD00992
EMAIL00128,CUST0241,Where is my order?,"Hi, I placed order ORD00246 a few days ago and it still says shipped. Can you tell me when it will arrive? Thank you, Quinn Fern Please reply as soon as possible. A quick reply would be appreciated. Kind regards, Quinn Fern.",2026-03-10 08:30,Order Status,ORD00246
EMAIL02040,CUST0245,Need a different size,"Hey, I received the Sage Resistance Band Set from order ORD00861, but the size is wrong. Can I exchange it for a smaller size? Please reply today. Please let me know what you need from me. Kind regards, Skyler Grove.",2026-06-26 17:53,Exchange,ORD00861
EMAIL01951,CUST0171,Exchange request,"I would like to exchange the Atlas Denim Jacket from order ORD00974 for a different size or color. Please tell me the next steps. Please reply this week. Please let me know what you need from me. Kind regards, Riley Ivy.",2026-08-11 14:22,Exchange,ORD00974
EMAIL01405,CUST0157,Is this in stock?,"Do you still have the Nova Trail Runner available? I am looking for one as a gift. Please reply when you can. Please let me know what you need from me. Kind regards, Avery Juniper.",2026-04-09 08:06,Product Information,
EMAIL01940,CUST0128,Exchange request,"I would like to exchange the Drift Noise-Canceling Headphones from order ORD00106 for a different size or color. Please tell me the next steps. Please reply this week. Sorry if I missed this information somewhere. Kind regards, Morgan Ivy.",2026-06-08 16:18,Exchange,ORD00106
EMAIL00377,CUST0166,Refund status,"I returned order ORD00967 and have not received my refund. Can someone check the status for me? Please reply today. Sorry if I missed this information somewhere. Kind regards, Skyler Juniper.",2026-01-22 15:12,Return/Refund,ORD00967
EMAIL02200,CUST0213,Change my address,"Hi, how do I update the delivery address saved in my account for future orders? Please reply today. A quick reply would be appreciated. Kind regards, Skyler Ivy.",2026-08-15 16:55,Other,
EMAIL01153,CUST0141,I was charged twice,"I can see two charges for order ORD01162, but I only placed one order. Please look into this. Please reply as soon as possible. A quick reply would be appreciated. Kind regards, Riley Grove.",2026-08-20 12:08,Payment Issue,ORD01162
EMAIL01903,CUST0037,Wrong item size,"The item in order ORD01081 does not fit. I do not need a refund; I would prefer an exchange if possible. Please reply as soon as possible. A quick reply would be appreciated. Kind regards, Skyler Cove.",2026-05-20 13:15,Exchange,ORD01081
EMAIL02281,CUST0168,Discount code question,"Do you have a student discount or a promo code I can use for the Atlas Insulated Bottle? Please reply today. Please let me know what you need from me. Kind regards, Riley Briar.",2026-03-05 17:01,Other,ORD00770
EMAIL00869,CUST0256,Please cancel my order,"Hello, please cancel order ORD01005 before it ships. I made this purchase by mistake. Please reply this week. A quick reply would be appreciated. Kind regards, Morgan Cove.",2026-08-13 09:54,Cancellation,ORD01005
EMAIL01942,CUST0185,Can you replace this?,"Hi, the Solace Glass Storage Set from ORD00479 is the wrong size. How can I swap it for the correct one? Please reply as soon as possible. Sorry if I missed this information somewhere. Kind regards, Morgan Dale.",2026-06-26 09:32,Exchange,ORD00479
EMAIL00292,CUST0016,Where is my order?,"Dear support team, I placed order ORD00899 a few days ago and it still says cancelled. Can you tell me when it will arrive? Please help, Taylor Grove Please reply as soon as possible. I hope this can be resolved soon. Kind regards, Taylor Grove.",2026-07-26 09:02,Order Status,ORD00899
EMAIL01711,CUST0237,Very disappointed,"Hello, I am unhappy with order ORD00164. The Drift Travel Backpack was not as described and this has been frustrating. Please reply as soon as possible. Sorry if I missed this information somewhere. Kind regards, Jamie Ivy.",2026-03-25 15:32,Complaint,ORD00164
EMAIL01679,CUST0111,Very disappointed,"Dear support team, I am unhappy with order ORD01127. The Willow Resistance Band Set was not as described and this has been frustrating. Please reply today. Please let me know what you need from me. Kind regards, Casey Ivy.",2026-07-07 08:34,Complaint,ORD01127
EMAIL01354,CUST0005,Question about Cedar Laptop Sleeve,"Hi, could you tell me more about the Cedar Laptop Sleeve? I need the size, material, and care details before ordering. Please reply this week. Sorry if I missed this information somewhere. Kind regards, Skyler Briar.",2026-01-06 10:34,Product Information,ORD00045
EMAIL02063,CUST0220,Wrong item size,"The item in order ORD01066 does not fit. I do not need a refund; I would prefer an exchange if possible. Please reply when you can. A quick reply would be appreciated. Kind regards, Quinn Cove.",2026-05-18 14:05,Exchange,ORD01066
EMAIL00773,CUST0126,Accidental order,"Oops, I ordered the wrong item. Is it still possible to stop order ORD00015? Please reply when you can. I checked the help page but could not find a clear answer. Kind regards, Jamie Ivy.",2026-08-26 15:52,Cancellation,ORD00015
EMAIL01159,CUST0083,Payment problem,"My card payment for ORD01115 is still pending in my bank app. Did the order go through? Please reply before the weekend. A quick reply would be appreciated. Kind regards, Riley Grove.",2026-07-03 20:03,Payment Issue,ORD01115
EMAIL00820,CUST0196,Cancel order,"I no longer need the Meadow Canvas Tote. Can you cancel ORD00625 and refund the payment? Please reply before the weekend. I hope this can be resolved soon. Kind regards, Taylor Hollow.",2026-01-31 19:58,Cancellation,ORD00625
EMAIL02362,CUST0065,Need account help,"Hello, I cannot log in after resetting my password. Can you help me access my account? Please reply as soon as possible. I hope this can be resolved soon. Kind regards, Skyler Lark.",2026-05-23 17:12,Other,ORD00425
EMAIL01690,CUST0161,Poor experience,"I have tried to get help with ORD00526 twice. Still no answer. Really disappointed with the service. Please reply this week. A quick reply would be appreciated. Kind regards, Skyler Grove.",2026-02-21 08:32,Complaint,ORD00526
EMAIL01520,CUST0133,Complaint about delivery,"My package for ORD00328 arrived much later than promised and nobody sent an update. This is not acceptable. Please reply before the weekend. I hope this can be resolved soon. Kind regards, Quinn Dale.",2026-04-05 19:14,Complaint,ORD00328
EMAIL01422,CUST0286,Question about Coast Cast Iron Pan,"Hi, could you tell me more about the Coast Cast Iron Pan? I need the size, material, and care details before ordering. Please reply before the weekend. I checked the help page but could not find a clear answer. Kind regards, Jamie Grove.",2026-01-04 11:19,Product Information,ORD00543
EMAIL00365,CUST0192,Refund status,"I returned order ORD00675 and have not received my refund. Can someone check the status for me? Please reply when you can. I hope this can be resolved soon. Kind regards, Riley Lark.",2026-06-12 12:30,Return/Refund,ORD00675
EMAIL01065,CUST0240,Checkout error,"Hi, my payment keeps failing when I try to buy the Brook Walking Shoe. The card works everywhere else. Please reply today. A quick reply would be appreciated. Kind regards, Avery Lark.",2026-05-05 12:24,Payment Issue,ORD00883
EMAIL00060,CUST0076,Where is my order?,"Hi, I placed order ORD00594 a few days ago and it still says processing. Can you tell me when it will arrive? Please help, Riley Juniper Please reply as soon as possible. Please let me know what you need from me. Kind regards, Riley Juniper.",2026-02-13 12:10,Order Status,ORD00594
EMAIL00073,CUST0030,Tracking update needed,"Could you check the delivery status of ORD00631? The tracking has not changed and I am starting to worry. Please reply when you can. A quick reply would be appreciated. Kind regards, Taylor Cove.",2026-03-31 14:30,Order Status,ORD00631
EMAIL00842,CUST0063,Accidental order,"Oops, I ordered the wrong item. Is it still possible to stop order ORD00765? Please reply as soon as possible. A quick reply would be appreciated. Kind regards, Morgan Hollow.",2026-07-11 11:19,Cancellation,ORD00765
EMAIL02269,CUST0087,Discount code question,"Do you have a student discount or a promo code I can use for the Solace Night Cream? Please reply before the weekend. I checked the help page but could not find a clear answer. Kind regards, Taylor Hollow.",2026-07-22 12:58,Other,ORD00168
EMAIL01390,CUST0268,Is this in stock?,"Do you still have the Brook Air Fryer available? I am looking for one as a gift. Please reply today. I checked the help page but could not find a clear answer. Kind regards, Morgan Lark.",2026-07-05 11:28,Product Information,ORD00744
EMAIL00539,CUST0039,Return request,"The Cedar Rain Jacket arrived damaged. I would like to return it and receive a refund for ORD00399. Please reply today. I hope this can be resolved soon. Kind regards, Jordan Fern.",2026-02-01 08:45,Return/Refund,ORD00399
EMAIL02171,CUST0012,Change my address,"Hi, how do I update the delivery address saved in my account for future orders? Please reply this week. I hope this can be resolved soon. Kind regards, Rowan Fern.",2026-01-26 17:32,Other,
EMAIL01231,CUST0006,Is this in stock?,"Do you still have the Ember Crossbody Bag available? I am looking for one as a gift. Please reply this week. I hope this can be resolved soon. Kind regards, Rowan Hollow.",2026-03-30 20:52,Product Information,
EMAIL01482,CUST0119,Is this in stock?,"Do you still have the Meadow Quilted Vest available? I am looking for one as a gift. Please reply today. A quick reply would be appreciated. Kind regards, Riley Juniper.",2026-08-14 17:03,Product Information,
EMAIL01181,CUST0081,Checkout error,"Hi, my payment keeps failing when I try to buy the Summit Glass Storage Set. The card works everywhere else. Please reply today. I hope this can be resolved soon. Kind regards, Jordan Juniper.",2026-03-16 12:09,Payment Issue,ORD00185
EMAIL02373,CUST0207,Discount code question,"Do you have a student discount or a promo code I can use for the Orbit Studio Microphone? Please reply today. A quick reply would be appreciated. Kind regards, Jordan Ivy.",2026-08-01 08:09,Other,ORD00904
EMAIL01757,CUST0285,Poor experience,"I have tried to get help with ORD00092 twice. Still no answer. Really disappointed with the service. Please reply when you can. A quick reply would be appreciated. Kind regards, Jamie Hollow.",2026-08-25 20:46,Complaint,ORD00092
EMAIL00840,CUST0161,Please cancel my order,"Hello, please cancel order ORD00526 before it ships. I made this purchase by mistake. Please reply when you can. A quick reply would be appreciated. Kind regards, Skyler Grove.",2026-03-17 20:09,Cancellation,ORD00526
EMAIL01000,CUST0145,Payment problem,"My card payment for ORD00828 is still pending in my bank app. Did the order go through? Please reply today. I hope this can be resolved soon. Kind regards, Skyler Cove.",2026-01-25 14:20,Payment Issue,ORD00828
EMAIL00281,CUST0094,Has my package shipped?,"Hi, I ordered a Nova Trail Runner. Is order ORD00400 on its way yet? Please reply this week. Sorry if I missed this information somewhere. Kind regards, Jordan Lark.",2026-03-26 17:49,Order Status,ORD00400
EMAIL01324,CUST0297,Warranty question,"Hi, does the Cedar Rain Jacket come with a warranty? I could not find the answer on the product page. Please reply today. A quick reply would be appreciated. Kind regards, Riley Grove.",2026-02-06 09:28,Product Information,ORD00751
EMAIL00476,CUST0212,Refund status,"I returned order ORD00797 and have not received my refund. Can someone check the status for me? Please reply when you can. I checked the help page but could not find a clear answer. Kind regards, Avery Fern.",2026-03-21 13:11,Return/Refund,ORD00797
EMAIL00444,CUST0177,Refund status,"I returned order ORD00418 and have not received my refund. Can someone check the status for me? Please reply today. Sorry if I missed this information somewhere. Kind regards, Quinn Ivy.",2026-04-20 17:10,Return/Refund,ORD00418
EMAIL01626,CUST0258,Complaint about delivery,"My package for ORD00209 arrived much later than promised and nobody sent an update. This is not acceptable. Please reply today. A quick reply would be appreciated. Kind regards, Avery Fern.",2026-07-27 14:06,Complaint,ORD00209
EMAIL01891,CUST0050,Need a different size,"Hey, I received the Solace Air Fryer from order ORD00749, but the size is wrong. Can I exchange it for a smaller size? Please reply today. I checked the help page but could not find a clear answer. Kind regards, Casey Briar.",2026-08-19 13:18,Exchange,ORD00749
EMAIL02097,CUST0149,Exchange request,"I would like to exchange the Atlas Laptop Sleeve from order ORD00829 for a different size or color. Please tell me the next steps. Please reply this week. Please let me know what you need from me. Kind regards, Jordan Hollow.",2026-08-06 11:28,Exchange,ORD00829
EMAIL01377,CUST0211,Is this in stock?,"Do you still have the Nova Fleece Hoodie available? I am looking for one as a gift. Please reply as soon as possible. I hope this can be resolved soon. Kind regards, Riley Hollow.",2026-04-20 20:56,Product Information,ORD01185
EMAIL01643,CUST0131,Complaint about delivery,"My package for ORD01088 arrived much later than promised and nobody sent an update. This is not acceptable. Please reply this week. A quick reply would be appreciated. Kind regards, Skyler Juniper.",2026-02-28 20:51,Complaint,ORD01088
EMAIL01241,CUST0027,Question about Solace Air Fryer,"Dear support team, could you tell me more about the Solace Air Fryer? I need the size, material, and care details before ordering. Please reply before the weekend. I hope this can be resolved soon. Kind regards, Jamie Lark.",2026-04-17 20:58,Product Information,ORD00116
EMAIL01104,CUST0194,Payment problem,"My card payment for ORD00778 is still pending in my bank app. Did the order go through? Please reply as soon as possible. I checked the help page but could not find a clear answer. Kind regards, Jamie Ivy.",2026-01-09 08:26,Payment Issue,ORD00778
EMAIL01574,CUST0275,Very disappointed,"Hello, I am unhappy with order ORD01187. The Harbor Travel Backpack was not as described and this has been frustrating. Please reply when you can. Sorry if I missed this information somewhere. Kind regards, Rowan Lark.",2026-01-03 08:00,Complaint,ORD01187
EMAIL00998,CUST0212,Payment problem,"My card payment for ORD00018 is still pending in my bank app. Did the order go through? Please reply as soon as possible. I checked the help page but could not find a clear answer. Kind regards, Avery Fern.",2026-03-29 10:15,Payment Issue,ORD00018
EMAIL01021,CUST0093,Payment problem,"My card payment for ORD00539 is still pending in my bank app. Did the order go through? Please reply this week. Please let me know what you need from me. Kind regards, Rowan Grove.",2026-05-17 20:33,Payment Issue,ORD00539
EMAIL01024,CUST0007,Checkout error,"Hi, my payment keeps failing when I try to buy the Ember Gentle Cleanser. The card works everywhere else. Please reply as soon as possible. Please let me know what you need from me. Kind regards, Riley Briar.",2026-08-07 10:40,Payment Issue,ORD00739
EMAIL00014,CUST0297,Has my package shipped?,"Hi, I ordered a Lumen Denim Jacket. Is order ORD00671 on its way yet? Please reply this week. Please let me know what you need from me. Kind regards, Riley Grove.",2026-03-19 11:18,Order Status,ORD00671
EMAIL00878,CUST0019,Accidental order,"Oops, I ordered the wrong item. Is it still possible to stop order ORD00544? Please reply before the weekend. A quick reply would be appreciated. Kind regards, Rowan Ember.",2026-03-18 17:21,Cancellation,ORD00544
EMAIL02010,CUST0047,Can you replace this?,"Hi, the Sage Denim Jacket from ORD01117 is the wrong size. How can I swap it for the correct one? Please reply this week. I checked the help page but could not find a clear answer. Kind regards, Skyler Ivy.",2026-04-30 19:32,Exchange,ORD01117
EMAIL01446,CUST0192,Is this in stock?,"Do you still have the Terra Electric Kettle available? I am looking for one as a gift. Please reply when you can. I checked the help page but could not find a clear answer. Kind regards, Riley Lark.",2026-04-02 09:28,Product Information,ORD00566
EMAIL00435,CUST0080,Return request,"The Lumen Cast Iron Pan arrived damaged. I would like to return it and receive a refund for ORD00315. Please reply this week. A quick reply would be appreciated. Kind regards, Jamie Juniper.",2026-04-06 10:06,Return/Refund,ORD00315
EMAIL00836,CUST0191,Cancel order,"I no longer need the Aster Studio Microphone. Can you cancel ORD01158 and refund the payment? Please reply this week. A quick reply would be appreciated. Kind regards, Morgan Lark.",2026-01-05 19:28,Cancellation,ORD01158
EMAIL01986,CUST0225,Wrong item size,"The item in order ORD00814 does not fit. I do not need a refund; I would prefer an exchange if possible. Please reply today. Sorry if I missed this information somewhere. Kind regards, Skyler Cove.",2026-07-10 15:03,Exchange,ORD00814
EMAIL00259,CUST0157,Where is my order?,"Hello, I placed order ORD01008 a few days ago and it still says out for delivery. Can you tell me when it will arrive? Thank you, Avery Juniper Please reply before the weekend. I checked the help page but could not find a clear answer. Kind regards, Avery Juniper.",2026-07-28 20:24,Order Status,ORD01008
EMAIL02133,CUST0199,Need account help,"Dear support team, I cannot log in after resetting my password. Can you help me access my account? Please reply this week. A quick reply would be appreciated. Kind regards, Rowan Briar.",2026-06-11 12:31,Other,ORD00511
EMAIL00682,CUST0193,Cancel order,"I no longer need the Terra Hydrating Serum. Can you cancel ORD00009 and refund the payment? Please reply this week. Sorry if I missed this information somewhere. Kind regards, Rowan Ivy.",2026-03-30 17:20,Cancellation,ORD00009
EMAIL01190,CUST0178,I was charged twice,"I can see two charges for order ORD00433, but I only placed one order. Please look into this. Please reply this week. I checked the help page but could not find a clear answer. Kind regards, Skyler Lark.",2026-05-28 19:24,Payment Issue,ORD00433
EMAIL02378,CUST0291,Discount code question,"Do you have a student discount or a promo code I can use for the Orbit Gentle Cleanser? Please reply when you can. I hope this can be resolved soon. Kind regards, Riley Lark.",2026-04-17 20:16,Other,
EMAIL01925,CUST0256,Wrong item size,"The item in order ORD00171 does not fit. I do not need a refund; I would prefer an exchange if possible. Please reply this week. Sorry if I missed this information somewhere. Kind regards, Morgan Cove.",2026-05-01 17:05,Exchange,ORD00171
EMAIL01662,CUST0176,Very disappointed,"Hey, I am unhappy with order ORD00241. The Brook Vitamin C Set was not as described and this has been frustrating. Please reply today. A quick reply would be appreciated. Kind regards, Skyler Lark.",2026-06-25 15:27,Complaint,ORD00241
EMAIL00664,CUST0288,Accidental order,"Oops, I ordered the wrong item. Is it still possible to stop order ORD00094? Please reply before the weekend. Sorry if I missed this information somewhere. Kind regards, Casey Hollow.",2026-02-08 12:09,Cancellation,ORD00094
EMAIL00758,CUST0150,Please cancel my order,"Hey, please cancel order ORD00156 before it ships. I made this purchase by mistake. Please reply as soon as possible. I checked the help page but could not find a clear answer. Kind regards, Riley Lark.",2026-05-02 20:48,Cancellation,ORD00156
EMAIL00760,CUST0144,Please cancel my order,"Dear support team, please cancel order ORD00221 before it ships. I made this purchase by mistake. Please reply as soon as possible. A quick reply would be appreciated. Kind regards, Skyler Ember.",2026-04-23 10:01,Cancellation,ORD00221
EMAIL00526,CUST0084,I need to return an item,"Hey, I received the Meadow Foam Roller from order ORD00734, but it does not fit my needs. Please send the return instructions. Please reply when you can. Sorry if I missed this information somewhere. Kind regards, Morgan Ember.",2026-01-25 20:02,Return/Refund,ORD00734
EMAIL01919,CUST0189,Exchange request,"I would like to exchange the Brook Crossbody Bag from order ORD00471 for a different size or color. Please tell me the next steps. Please reply when you can. I checked the help page but could not find a clear answer. Kind regards, Quinn Ivy.",2026-05-29 09:48,Exchange,ORD00471
EMAIL00009,CUST0178,Has my package shipped?,"Hi, I ordered a Meadow Canvas Tote. Is order ORD00433 on its way yet? Please reply when you can. I checked the help page but could not find a clear answer. Kind regards, Skyler Lark.",2026-02-02 11:26,Order Status,ORD00433
EMAIL01375,CUST0071,Warranty question,"Hi, does the Coast Denim Jacket come with a warranty? I could not find the answer on the product page. Please reply this week. Please let me know what you need from me. Kind regards, Jordan Ivy.",2026-01-29 14:02,Product Information,ORD00515
EMAIL00509,CUST0295,Return request,"The Harbor Vitamin C Set arrived damaged. I would like to return it and receive a refund for ORD00068. Please reply this week. I checked the help page but could not find a clear answer. Kind regards, Morgan Hollow.",2026-01-06 18:52,Return/Refund,ORD00068
EMAIL00723,CUST0123,Accidental order,"Oops, I ordered the wrong item. Is it still possible to stop order ORD01040? Please reply when you can. I checked the help page but could not find a clear answer. Kind regards, Jordan Ember.",2026-06-25 14:05,Cancellation,ORD01040
EMAIL01424,CUST0213,Question about Meadow Studio Microphone,"Hi, could you tell me more about the Meadow Studio Microphone? I need the size, material, and care details before ordering. Please reply before the weekend. I hope this can be resolved soon. Kind regards, Skyler Ivy.",2026-07-12 08:46,Product Information,
EMAIL01142,CUST0159,Payment problem,"My card payment for ORD00135 is still pending in my bank app. Did the order go through? Please reply today. Please let me know what you need from me. Kind regards, Quinn Ivy.",2026-06-15 17:24,Payment Issue,ORD00135
EMAIL00859,CUST0037,Cancel order,"I no longer need the Harbor Electric Kettle. Can you cancel ORD00128 and refund the payment? Please reply when you can. I checked the help page but could not find a clear answer. Kind regards, Skyler Cove.",2026-02-03 13:22,Cancellation,ORD00128
EMAIL00581,CUST0256,Return request,"The Summit Training Shoe arrived damaged. I would like to return it and receive a refund for ORD00034. Please reply before the weekend. I hope this can be resolved soon. Kind regards, Morgan Cove.",2026-08-19 10:25,Return/Refund,ORD00034
EMAIL00607,CUST0205,Accidental order,"Oops, I ordered the wrong item. Is it still possible to stop order ORD00766? Please reply today. A quick reply would be appreciated. Kind regards, Rowan Briar.",2026-06-13 18:29,Cancellation,ORD00766
EMAIL02366,CUST0031,Discount code question,"Do you have a student discount or a promo code I can use for the Nova Cast Iron Pan? Please reply today. I checked the help page but could not find a clear answer. Kind regards, Quinn Briar.",2026-01-13 18:05,Other,ORD00416
EMAIL00747,CUST0009,Please cancel my order,"Hello, please cancel order ORD00329 before it ships. I made this purchase by mistake. Please reply this week. A quick reply would be appreciated. Kind regards, Taylor Cove.",2026-04-15 08:43,Cancellation,ORD00329
EMAIL00055,CUST0172,Where is my order?,"Hi, I placed order ORD00244 a few days ago and it still says processing. Can you tell me when it will arrive? Thank you, Jordan Briar Please reply this week. Sorry if I missed this information somewhere. Kind regards, Jordan Briar.",2026-05-03 17:55,Order Status,ORD00244
EMAIL01295,CUST0229,Is this in stock?,"Do you still have the Lumen Denim Jacket available? I am looking for one as a gift. Please reply this week. I checked the help page but could not find a clear answer. Kind regards, Jordan Ember.",2026-05-09 20:30,Product Information,ORD00715
EMAIL01455,CUST0122,Is this in stock?,"Do you still have the Coast Trail Runner available? I am looking for one as a gift. Please reply when you can. Please let me know what you need from me. Kind regards, Jordan Dale.",2026-01-02 13:50,Product Information,ORD01153
EMAIL01344,CUST0107,Is this in stock?,"Do you still have the Lumen Cast Iron Pan available? I am looking for one as a gift. Please reply today. Please let me know what you need from me. Kind regards, Quinn Dale.",2026-02-01 08:12,Product Information,ORD01146
EMAIL00486,CUST0053,Return request,"The Orbit Insulated Bottle arrived damaged. I would like to return it and receive a refund for ORD00120. Please reply when you can. Please let me know what you need from me. Kind regards, Morgan Cove.",2026-03-24 10:28,Return/Refund,ORD00120
EMAIL02327,CUST0137,Discount code question,"Do you have a student discount or a promo code I can use for the Lumen Cast Iron Pan? Please reply today. Sorry if I missed this information somewhere. Kind regards, Taylor Ember.",2026-04-14 14:02,Other,ORD00177
EMAIL01109,CUST0083,I was charged twice,"I can see two charges for order ORD00951, but I only placed one order. Please look into this. Please reply when you can. Please let me know what you need from me. Kind regards, Riley Grove.",2026-08-01 08:04,Payment Issue,ORD00951
EMAIL02004,CUST0108,Wrong item size,"The item in order ORD00962 does not fit. I do not need a refund; I would prefer an exchange if possible. Please reply before the weekend. I checked the help page but could not find a clear answer. Kind regards, Rowan Lark.",2026-05-18 19:46,Exchange,ORD00962
EMAIL01857,CUST0045,Need a different size,"Dear support team, I received the Coast Cast Iron Pan from order ORD00632, but the size is wrong. Can I exchange it for a smaller size? Please reply before the weekend. Please let me know what you need from me. Kind regards, Taylor Cove.",2026-04-07 12:28,Exchange,ORD00632
EMAIL02087,CUST0201,Exchange request,"I would like to exchange the Orbit Studio Microphone from order ORD01032 for a different size or color. Please tell me the next steps. Please reply today. I checked the help page but could not find a clear answer. Kind regards, Skyler Ivy.",2026-01-06 20:05,Exchange,ORD01032
EMAIL01781,CUST0205,Poor experience,"I have tried to get help with ORD01156 twice. Still no answer. Really disappointed with the service. Please reply as soon as possible. I hope this can be resolved soon. Kind regards, Rowan Briar.",2026-06-13 11:39,Complaint,ORD01156
EMAIL00346,CUST0280,I need to return an item,"Dear support team, I received the Aster Yoga Mat from order ORD00099, but it does not fit my needs. Please send the return instructions. Please reply as soon as possible. A quick reply would be appreciated. Kind regards, Jordan Fern.",2026-02-24 09:36,Return/Refund,ORD00099
EMAIL00316,CUST0205,Return request,"The Nova Coffee Grinder arrived damaged. I would like to return it and receive a refund for ORD01156. Please reply as soon as possible. Sorry if I missed this information somewhere. Kind regards, Rowan Briar.",2026-06-30 11:48,Return/Refund,ORD01156
EMAIL01856,CUST0235,Wrong item size,"The item in order ORD00395 does not fit. I do not need a refund; I would prefer an exchange if possible. Please reply before the weekend. A quick reply would be appreciated. Kind regards, Taylor Lark.",2026-02-04 19:14,Exchange,ORD00395
EMAIL00212,CUST0230,Has my package shipped?,"Hi, I ordered a Willow Vitamin C Set. Is order ORD01177 on its way yet? Please reply when you can. I checked the help page but could not find a clear answer. Kind regards, Jordan Dale.",2026-07-02 12:16,Order Status,ORD01177
EMAIL00830,CUST0054,Cancel order,"I no longer need the Drift Rain Jacket. Can you cancel ORD00914 and refund the payment? Please reply before the weekend. I checked the help page but could not find a clear answer. Kind regards, Rowan Briar.",2026-07-29 14:32,Cancellation,ORD00914
EMAIL01506,CUST0105,Complaint about delivery,"My package for ORD00379 arrived much later than promised and nobody sent an update. This is not acceptable. Please reply as soon as possible. I checked the help page but could not find a clear answer. Kind regards, Jamie Lark.",2026-01-23 17:14,Complaint,ORD00379
EMAIL01793,CUST0019,Very disappointed,"Hello, I am unhappy with order ORD00388. The Coast Cast Iron Pan was not as described and this has been frustrating. Please reply before the weekend. Please let me know what you need from me. Kind regards, Rowan Ember.",2026-02-25 15:58,Complaint,ORD00388
EMAIL00122,CUST0300,Tracking update needed,"Could you check the delivery status of ORD00984? The tracking has not changed and I am starting to worry. Please reply as soon as possible. A quick reply would be appreciated. Kind regards, Jamie Hollow.",2026-01-24 12:49,Order Status,ORD00984
EMAIL01331,CUST0222,Is this in stock?,"Do you still have the Drift Insulated Bottle available? I am looking for one as a gift. Please reply today. Please let me know what you need from me. Kind regards, Quinn Fern.",2026-07-10 16:34,Product Information,ORD00626
EMAIL01715,CUST0116,Complaint about delivery,"My package for ORD00789 arrived much later than promised and nobody sent an update. This is not acceptable. Please reply today. Please let me know what you need from me. Kind regards, Rowan Juniper.",2026-04-05 16:34,Complaint,ORD00789
EMAIL00059,CUST0202,Where is my order?,"Hello, I placed order ORD00512 a few days ago and it still says returned. Can you tell me when it will arrive? Thanks, Morgan Fern Please reply this week. Sorry if I missed this information somewhere. Kind regards, Morgan Fern.",2026-01-25 20:00,Order Status,ORD00512
EMAIL01957,CUST0179,Exchange request,"I would like to exchange the Atlas Cast Iron Pan from order ORD00487 for a different size or color. Please tell me the next steps. Please reply when you can. Sorry if I missed this information somewhere. Kind regards, Morgan Fern.",2026-06-04 11:52,Exchange,ORD00487
EMAIL00605,CUST0271,Accidental order,"Oops, I ordered the wrong item. Is it still possible to stop order ORD00753? Please reply when you can. A quick reply would be appreciated. Kind regards, Avery Dale.",2026-06-25 19:50,Cancellation,ORD00753
EMAIL00382,CUST0265,I need to return an item,"Dear support team, I received the Orbit Training Shoe from order ORD00531, but it does not fit my needs. Please send the return instructions. Please reply today. Sorry if I missed this information somewhere. Kind regards, Casey Ivy.",2026-06-22 12:06,Return/Refund,ORD00531
EMAIL02169,CUST0166,Need account help,"Hello, I cannot log in after resetting my password. Can you help me access my account? Please reply as soon as possible. A quick reply would be appreciated. Kind regards, Skyler Juniper.",2026-04-17 12:13,Other,ORD00852
EMAIL00442,CUST0144,Return request,"The Nova Wireless Earbuds arrived damaged. I would like to return it and receive a refund for ORD00221. Please reply before the weekend. I hope this can be resolved soon. Kind regards, Skyler Ember.",2026-01-27 20:40,Return/Refund,ORD00221
EMAIL00656,CUST0228,Please cancel my order,"Hey, please cancel order ORD01140 before it ships. I made this purchase by mistake. Please reply as soon as possible. I hope this can be resolved soon. Kind regards, Avery Fern.",2026-06-07 14:53,Cancellation,ORD01140
EMAIL00456,CUST0280,I need to return an item,"Hey, I received the Aster Yoga Mat from order ORD00099, but it does not fit my needs. Please send the return instructions. Please reply today. Sorry if I missed this information somewhere. Kind regards, Jordan Fern.",2026-03-22 17:31,Return/Refund,ORD00099
EMAIL01605,CUST0281,Very disappointed,"Hey, I am unhappy with order ORD01132. The Aster Studio Microphone was not as described and this has been frustrating. Please reply today. A quick reply would be appreciated. Kind regards, Taylor Hollow.",2026-06-24 10:51,Complaint,ORD01132
EMAIL01926,CUST0132,Can you replace this?,"Hi, the Lumen Canvas Tote from ORD00635 is the wrong size. How can I swap it for the correct one? Please reply before the weekend. A quick reply would be appreciated. Kind regards, Skyler Briar.",2026-07-27 10:01,Exchange,ORD00635
EMAIL01123,CUST0173,Checkout error,"Hi, my payment keeps failing when I try to buy the Nova Fleece Hoodie. The card works everywhere else. Please reply as soon as possible. A quick reply would be appreciated. Kind regards, Casey Hollow.",2026-06-30 19:06,Payment Issue,ORD00786
EMAIL01477,CUST0135,Question about Summit Foam Roller,"Hi, could you tell me more about the Summit Foam Roller? I need the size, material, and care details before ordering. Please reply when you can. Please let me know what you need from me. Kind regards, Jamie Fern.",2026-02-19 11:13,Product Information,ORD01197
EMAIL01088,CUST0165,Payment problem,"My card payment for ORD00254 is still pending in my bank app. Did the order go through? Please reply when you can. I hope this can be resolved soon. Kind regards, Jordan Ember.",2026-01-13 13:21,Payment Issue,ORD00254
EMAIL01267,CUST0213,Question about Atlas Training Shoe,"Hello, could you tell me more about the Atlas Training Shoe? I need the size, material, and care details before ordering. Please reply today. Please let me know what you need from me. Kind regards, Skyler Ivy.",2026-02-20 19:10,Product Information,ORD00318
EMAIL01713,CUST0123,Very disappointed,"Hello, I am unhappy with order ORD00351. The Willow Resistance Band Set was not as described and this has been frustrating. Please reply before the weekend. Please let me know what you need from me. Kind regards, Jordan Ember.",2026-03-29 18:02,Complaint,ORD00351
EMAIL00797,CUST0177,Accidental order,"Oops, I ordered the wrong item. Is it still possible to stop order ORD00078? Please reply when you can. Sorry if I missed this information somewhere. Kind regards, Quinn Ivy.",2026-04-07 17:07,Cancellation,ORD00078
EMAIL00302,CUST0105,Return request,"The Willow Canvas Tote arrived damaged. I would like to return it and receive a refund for ORD00379. Please reply as soon as possible. Please let me know what you need from me. Kind regards, Jamie Lark.",2026-01-24 15:22,Return/Refund,ORD00379
EMAIL01031,CUST0256,Payment problem,"My card payment for ORD00171 is still pending in my bank app. Did the order go through? Please reply when you can. A quick reply would be appreciated. Kind regards, Morgan Cove.",2026-06-20 12:41,Payment Issue,ORD00171
EMAIL02198,CUST0138,Change my address,"Hi, how do I update the delivery address saved in my account for future orders? Please reply today. I checked the help page but could not find a clear answer. Kind regards, Avery Briar.",2026-08-23 15:43,Other,
EMAIL00466,CUST0281,Refund status,"I returned order ORD00431 and have not received my refund. Can someone check the status for me? Please reply when you can. I hope this can be resolved soon. Kind regards, Taylor Hollow.",2026-05-29 10:06,Return/Refund,ORD00431
EMAIL01684,CUST0196,Poor experience,"I have tried to get help with ORD01064 twice. Still no answer. Really disappointed with the service. Please reply today. I hope this can be resolved soon. Kind regards, Taylor Hollow.",2026-03-24 15:40,Complaint,ORD01064
EMAIL00168,CUST0232,Tracking update needed,"Could you check the delivery status of ORD00108? The tracking has not changed and I am starting to worry. Please reply as soon as possible. Please let me know what you need from me. Kind regards, Skyler Dale.",2026-01-03 10:22,Order Status,ORD00108
EMAIL00151,CUST0115,Where is my order?,"Dear support team, I placed order ORD00186 a few days ago and it still says delivered. Can you tell me when it will arrive? Regards, Morgan Cove Please reply as soon as possible. Sorry if I missed this information somewhere. Kind regards, Morgan Cove.",2026-04-13 09:57,Order Status,ORD00186
EMAIL00610,CUST0109,Cancel order,"I no longer need the Solace Studio Microphone. Can you cancel ORD00259 and refund the payment? Please reply as soon as possible. I checked the help page but could not find a clear answer. Kind regards, Riley Ember.",2026-04-19 13:42,Cancellation,ORD00259
EMAIL00172,CUST0264,Has my package shipped?,"Hi, I ordered a Aster Quilted Vest. Is order ORD00642 on its way yet? Please reply this week. Please let me know what you need from me. Kind regards, Taylor Briar.",2026-05-30 17:53,Order Status,ORD00642
EMAIL01850,CUST0110,Exchange request,"I would like to exchange the Pioneer Trail Runner from order ORD00756 for a different size or color. Please tell me the next steps. Please reply when you can. Please let me know what you need from me. Kind regards, Avery Briar.",2026-07-12 08:13,Exchange,ORD00756
EMAIL01412,CUST0157,Is this in stock?,"Do you still have the Meadow Training Shoe available? I am looking for one as a gift. Please reply before the weekend. A quick reply would be appreciated. Kind regards, Avery Juniper.",2026-03-20 08:19,Product Information,ORD01008
EMAIL02292,CUST0168,Need account help,"Dear support team, I cannot log in after resetting my password. Can you help me access my account? Please reply when you can. A quick reply would be appreciated. Kind regards, Riley Briar.",2026-03-25 09:52,Other,ORD00489
EMAIL01286,CUST0265,Is this in stock?,"Do you still have the Coast Gentle Cleanser available? I am looking for one as a gift. Please reply as soon as possible. A quick reply would be appreciated. Kind regards, Casey Ivy.",2026-03-15 15:33,Product Information,ORD00357
EMAIL01463,CUST0194,Warranty question,"Hi, does the Harbor Fleece Hoodie come with a warranty? I could not find the answer on the product page. Please reply today. A quick reply would be appreciated. Kind regards, Jamie Ivy.",2026-05-30 20:11,Product Information,ORD00536
EMAIL00996,CUST0274,I was charged twice,"I can see two charges for order ORD00612, but I only placed one order. Please look into this. Please reply this week. I checked the help page but could not find a clear answer. Kind regards, Casey Cove.",2026-01-23 12:04,Payment Issue,ORD00612
EMAIL00137,CUST0238,Tracking update needed,"Could you check the delivery status of ORD00421? The tracking has not changed and I am starting to worry. Please reply before the weekend. I checked the help page but could not find a clear answer. Kind regards, Skyler Grove.",2026-02-15 12:56,Order Status,ORD00421
EMAIL02329,CUST0019,Need account help,"Hello, I cannot log in after resetting my password. Can you help me access my account? Please reply before the weekend. A quick reply would be appreciated. Kind regards, Rowan Ember.",2026-05-02 14:39,Other,ORD00878
EMAIL01737,CUST0126,Very disappointed,"Hello, I am unhappy with order ORD00935. The Pioneer Trail Runner was not as described and this has been frustrating. Please reply when you can. A quick reply would be appreciated. Kind regards, Jamie Ivy.",2026-06-24 19:14,Complaint,ORD00935
EMAIL01197,CUST0300,I was charged twice,"I can see two charges for order ORD00984, but I only placed one order. Please look into this. Please reply when you can. I hope this can be resolved soon. Kind regards, Jamie Hollow.",2026-08-19 19:44,Payment Issue,ORD00984
EMAIL00307,CUST0019,I need to return an item,"Hi, I received the Cedar Bamboo Organizer from order ORD00547, but it does not fit my needs. Please send the return instructions. Please reply when you can. Sorry if I missed this information somewhere. Kind regards, Rowan Ember.",2026-05-02 13:21,Return/Refund,ORD00547
EMAIL01996,CUST0176,Exchange request,"I would like to exchange the Echo Coffee Grinder from order ORD00082 for a different size or color. Please tell me the next steps. Please reply this week. I checked the help page but could not find a clear answer. Kind regards, Skyler Lark.",2026-08-04 14:09,Exchange,ORD00082
EMAIL01975,CUST0242,Can you replace this?,"Hi, the Cedar Laptop Sleeve from ORD01018 is the wrong size. How can I swap it for the correct one? Please reply this week. Please let me know what you need from me. Kind regards, Taylor Ember.",2026-02-18 09:51,Exchange,ORD01018
EMAIL01098,CUST0176,I was charged twice,"I can see two charges for order ORD00082, but I only placed one order. Please look into this. Please reply as soon as possible. I checked the help page but could not find a clear answer. Kind regards, Skyler Lark.",2026-07-15 15:45,Payment Issue,ORD00082
EMAIL01007,CUST0163,Checkout error,"Hi, my payment keeps failing when I try to buy the Nimbus Night Cream. The card works everywhere else. Please reply when you can. I hope this can be resolved soon. Kind regards, Quinn Fern.",2026-06-23 10:03,Payment Issue,ORD00157
EMAIL00525,CUST0292,Refund status,"I returned order ORD00276 and have not received my refund. Can someone check the status for me? Please reply today. I hope this can be resolved soon. Kind regards, Skyler Juniper.",2026-08-22 17:26,Return/Refund,ORD00276
EMAIL00573,CUST0168,Return request,"The Atlas Insulated Bottle arrived damaged. I would like to return it and receive a refund for ORD00770. Please reply today. Please let me know what you need from me. Kind regards, Riley Briar.",2026-03-24 17:48,Return/Refund,ORD00770
EMAIL02277,CUST0215,Change my address,"Hi, how do I update the delivery address saved in my account for future orders? Please reply before the weekend. I checked the help page but could not find a clear answer. Kind regards, Rowan Hollow.",2026-08-22 09:43,Other,ORD00240
EMAIL00220,CUST0271,Where is my order?,"Hey, I placed order ORD00937 a few days ago and it still says shipped. Can you tell me when it will arrive? Regards, Avery Dale Please reply this week. Please let me know what you need from me. Kind regards, Avery Dale.",2026-08-22 11:21,Order Status,ORD00937
EMAIL01076,CUST0033,I was charged twice,"I can see two charges for order ORD00086, but I only placed one order. Please look into this. Please reply this week. A quick reply would be appreciated. Kind regards, Rowan Lark.",2026-08-05 15:56,Payment Issue,ORD00086
EMAIL00639,CUST0168,Cancel order,"I no longer need the Brook Quilted Vest. Can you cancel ORD00568 and refund the payment? Please reply when you can. Please let me know what you need from me. Kind regards, Riley Briar.",2026-05-13 18:26,Cancellation,ORD00568
EMAIL02157,CUST0061,Discount code question,"Do you have a student discount or a promo code I can use for the Terra Bamboo Organizer? Please reply before the weekend. A quick reply would be appreciated. Kind regards, Rowan Dale.",2026-03-10 17:26,Other,
EMAIL02310,CUST0296,Discount code question,"Do you have a student discount or a promo code I can use for the Nova Crossbody Bag? Please reply before the weekend. I hope this can be resolved soon. Kind regards, Riley Briar.",2026-05-21 11:26,Other,ORD00419
EMAIL00487,CUST0104,Refund status,"I returned order ORD00556 and have not received my refund. Can someone check the status for me? Please reply as soon as possible. I checked the help page but could not find a clear answer. Kind regards, Rowan Briar.",2026-05-06 08:31,Return/Refund,ORD00556
EMAIL01356,CUST0044,Is this in stock?,"Do you still have the Echo Cast Iron Pan available? I am looking for one as a gift. Please reply as soon as possible. A quick reply would be appreciated. Kind regards, Casey Briar.",2026-01-02 12:48,Product Information,
EMAIL01285,CUST0160,Warranty question,"Hi, does the Coast Foam Roller come with a warranty? I could not find the answer on the product page. Please reply this week. I hope this can be resolved soon. Kind regards, Riley Ember.",2026-03-14 14:17,Product Information,ORD00450
EMAIL02308,CUST0082,Discount code question,"Do you have a student discount or a promo code I can use for the Coast Denim Jacket? Please reply as soon as possible. Please let me know what you need from me. Kind regards, Rowan Dale.",2026-01-05 15:33,Other,ORD01034
EMAIL02240,CUST0292,Discount code question,"Do you have a student discount or a promo code I can use for the Solace Glass Storage Set? Please reply when you can. Sorry if I missed this information somewhere. Kind regards, Skyler Juniper.",2026-04-30 17:11,Other,
EMAIL00650,CUST0139,Please cancel my order,"Hey, please cancel order ORD01160 before it ships. I made this purchase by mistake. Please reply today. I hope this can be resolved soon. Kind regards, Skyler Dale.",2026-05-30 13:48,Cancellation,ORD01160
EMAIL02242,CUST0091,Change my address,"Hi, how do I update the delivery address saved in my account for future orders? Please reply when you can. Please let me know what you need from me. Kind regards, Morgan Hollow.",2026-02-21 10:14,Other,ORD00067
EMAIL01291,CUST0289,Is this in stock?,"Do you still have the Sage Wireless Earbuds available? I am looking for one as a gift. Please reply before the weekend. I hope this can be resolved soon. Kind regards, Rowan Briar.",2026-05-22 11:39,Product Information,ORD00365
EMAIL01609,CUST0245,Complaint about delivery,"My package for ORD00861 arrived much later than promised and nobody sent an update. This is not acceptable. Please reply before the weekend. Please let me know what you need from me. Kind regards, Skyler Grove.",2026-07-02 12:18,Complaint,ORD00861
EMAIL00567,CUST0099,Return request,"The Solace Daily Runner arrived damaged. I would like to return it and receive a refund for ORD00211. Please reply when you can. I hope this can be resolved soon. Kind regards, Jamie Cove.",2026-07-24 16:18,Return/Refund,ORD00211
EMAIL02331,CUST0077,Change my address,"Hi, how do I update the delivery address saved in my account for future orders? Please reply today. A quick reply would be appreciated. Kind regards, Casey Hollow.",2026-08-11 15:15,Other,
EMAIL00919,CUST0072,Payment problem,"My card payment for ORD00952 is still pending in my bank app. Did the order go through? Please reply when you can. I hope this can be resolved soon. Kind regards, Riley Lark.",2026-01-24 16:52,Payment Issue,ORD00952
EMAIL00768,CUST0246,Please cancel my order,"Hey, please cancel order ORD00026 before it ships. I made this purchase by mistake. Please reply as soon as possible. I hope this can be resolved soon. Kind regards, Riley Grove.",2026-01-05 19:04,Cancellation,ORD00026
EMAIL02304,CUST0053,Discount code question,"Do you have a student discount or a promo code I can use for the Nimbus Night Cream? Please reply today. Sorry if I missed this information somewhere. Kind regards, Morgan Cove.",2026-03-04 16:33,Other,ORD00286
EMAIL01365,CUST0283,Is this in stock?,"Do you still have the Brook Vitamin C Set available? I am looking for one as a gift. Please reply as soon as possible. I hope this can be resolved soon. Kind regards, Casey Juniper.",2026-03-22 08:03,Product Information,ORD00310
EMAIL02237,CUST0013,Change my address,"Hi, how do I update the delivery address saved in my account for future orders? Please reply as soon as possible. I hope this can be resolved soon. Kind regards, Morgan Cove.",2026-08-08 13:47,Other,ORD00322
EMAIL02336,CUST0291,Need account help,"Hey, I cannot log in after resetting my password. Can you help me access my account? Please reply when you can. Please let me know what you need from me. Kind regards, Riley Lark.",2026-01-21 12:05,Other,ORD00460
EMAIL01675,CUST0183,Very disappointed,"Hey, I am unhappy with order ORD00735. The Terra Rain Jacket was not as described and this has been frustrating. Please reply when you can. Please let me know what you need from me. Kind regards, Quinn Cove.",2026-08-09 12:16,Complaint,ORD00735
EMAIL00775,CUST0001,Cancel order,"I no longer need the Echo Coffee Grinder. Can you cancel ORD01150 and refund the payment? Please reply this week. A quick reply would be appreciated. Kind regards, Casey Briar.",2026-01-07 19:06,Cancellation,ORD01150
EMAIL00968,CUST0017,Payment problem,"My card payment for ORD00044 is still pending in my bank app. Did the order go through? Please reply as soon as possible. I checked the help page but could not find a clear answer. Kind regards, Casey Lark.",2026-03-21 13:40,Payment Issue,ORD00044
EMAIL00056,CUST0021,Has my package shipped?,"Hi, I ordered a Lumen Denim Jacket. Is order ORD00321 on its way yet? Please reply as soon as possible. I checked the help page but could not find a clear answer. Kind regards, Riley Cove.",2026-08-15 18:05,Order Status,ORD00321
EMAIL01158,CUST0065,Checkout error,"Hi, my payment keeps failing when I try to buy the Drift Travel Backpack. The card works everywhere else. Please reply this week. I hope this can be resolved soon. Kind regards, Skyler Lark.",2026-02-20 11:50,Payment Issue,ORD00425
EMAIL01318,CUST0196,Is this in stock?,"Do you still have the Drift Insulated Bottle available? I am looking for one as a gift. Please reply when you can. A quick reply would be appreciated. Kind regards, Taylor Hollow.",2026-07-28 14:08,Product Information,ORD00373
EMAIL02053,CUST0153,Exchange request,"I would like to exchange the Lumen Gentle Cleanser from order ORD00089 for a different size or color. Please tell me the next steps. Please reply when you can. A quick reply would be appreciated. Kind regards, Quinn Lark.",2026-07-08 12:06,Exchange,ORD00089
EMAIL00809,CUST0153,Cancel order,"I no longer need the Lumen Gentle Cleanser. Can you cancel ORD00089 and refund the payment? Please reply as soon as possible. Please let me know what you need from me. Kind regards, Quinn Lark.",2026-04-16 20:17,Cancellation,ORD00089
EMAIL00782,CUST0171,Cancel order,"I no longer need the Atlas Denim Jacket. Can you cancel ORD00974 and refund the payment? Please reply as soon as possible. A quick reply would be appreciated. Kind regards, Riley Ivy.",2026-06-06 20:28,Cancellation,ORD00974
EMAIL00609,CUST0211,Please cancel my order,"Hello, please cancel order ORD00663 before it ships. I made this purchase by mistake. Please reply today. I checked the help page but could not find a clear answer. Kind regards, Riley Hollow.",2026-01-08 12:07,Cancellation,ORD00663
EMAIL00642,CUST0152,Please cancel my order,"Hello, please cancel order ORD00127 before it ships. I made this purchase by mistake. Please reply as soon as possible. Please let me know what you need from me. Kind regards, Morgan Cove.",2026-03-04 14:30,Cancellation,ORD00127
EMAIL02247,CUST0250,Need account help,"Hey, I cannot log in after resetting my password. Can you help me access my account? Please reply today. I hope this can be resolved soon. Kind regards, Quinn Cove.",2026-06-11 20:48,Other,ORD01182
EMAIL00893,CUST0190,Cancel order,"I no longer need the Nova Coffee Grinder. Can you cancel ORD00024 and refund the payment? Please reply this week. Please let me know what you need from me. Kind regards, Taylor Lark.",2026-01-05 17:20,Cancellation,ORD00024
EMAIL02081,CUST0299,Wrong item size,"The item in order ORD00716 does not fit. I do not need a refund; I would prefer an exchange if possible. Please reply today. Please let me know what you need from me. Kind regards, Jordan Briar.",2026-07-20 14:26,Exchange,ORD00716
EMAIL02015,CUST0246,Wrong item size,"The item in order ORD00026 does not fit. I do not need a refund; I would prefer an exchange if possible. Please reply as soon as possible. I checked the help page but could not find a clear answer. Kind regards, Riley Grove.",2026-06-03 10:29,Exchange,ORD00026
EMAIL00011,CUST0252,Has my package shipped?,"Hi, I ordered a Echo Walking Shoe. Is order ORD00470 on its way yet? Please reply before the weekend. A quick reply would be appreciated. Kind regards, Avery Fern.",2026-03-16 08:36,Order Status,ORD00470
EMAIL00105,CUST0142,Tracking update needed,"Could you check the delivery status of ORD00389? The tracking has not changed and I am starting to worry. Please reply when you can. I hope this can be resolved soon. Kind regards, Riley Cove.",2026-04-01 13:57,Order Status,ORD00389
EMAIL01296,CUST0010,Is this in stock?,"Do you still have the Summit Rain Jacket available? I am looking for one as a gift. Please reply today. I checked the help page but could not find a clear answer. Kind regards, Taylor Grove.",2026-01-29 18:48,Product Information,
EMAIL00792,CUST0251,Please cancel my order,"Dear support team, please cancel order ORD00095 before it ships. I made this purchase by mistake. Please reply this week. I checked the help page but could not find a clear answer. Kind regards, Jamie Juniper.",2026-07-04 10:22,Cancellation,ORD00095
EMAIL00385,CUST0082,Refund status,"I returned order ORD01034 and have not received my refund. Can someone check the status for me? Please reply when you can. A quick reply would be appreciated. Kind regards, Rowan Dale.",2026-06-06 18:10,Return/Refund,ORD01034
EMAIL01589,CUST0097,Complaint about delivery,"My package for ORD00238 arrived much later than promised and nobody sent an update. This is not acceptable. Please reply before the weekend. I hope this can be resolved soon. Kind regards, Morgan Fern.",2026-06-05 08:49,Complaint,ORD00238
EMAIL01908,CUST0116,Wrong item size,"The item in order ORD00694 does not fit. I do not need a refund; I would prefer an exchange if possible. Please reply today. A quick reply would be appreciated. Kind regards, Rowan Juniper.",2026-03-23 10:55,Exchange,ORD00694
EMAIL01909,CUST0270,Need a different size,"Hey, I received the Solace Glass Storage Set from order ORD00846, but the size is wrong. Can I exchange it for a smaller size? Please reply when you can. I checked the help page but could not find a clear answer. Kind regards, Jordan Juniper.",2026-07-25 16:29,Exchange,ORD00846
EMAIL00401,CUST0050,Return request,"The Coast Denim Jacket arrived damaged. I would like to return it and receive a refund for ORD00581. Please reply as soon as possible. I hope this can be resolved soon. Kind regards, Casey Briar.",2026-06-16 11:48,Return/Refund,ORD00581
EMAIL01814,CUST0177,Can you replace this?,"Hi, the Pioneer Compact Blender from ORD00435 is the wrong size. How can I swap it for the correct one? Please reply when you can. Please let me know what you need from me. Kind regards, Quinn Ivy.",2026-04-04 20:32,Exchange,ORD00435
EMAIL00233,CUST0155,Has my package shipped?,"Hi, I ordered a Nimbus Training Shoe. Is order ORD00510 on its way yet? Please reply this week. I hope this can be resolved soon. Kind regards, Quinn Ember.",2026-05-29 16:54,Order Status,ORD00510
EMAIL00863,CUST0195,Cancel order,"I no longer need the Lumen Gentle Cleanser. Can you cancel ORD00780 and refund the payment? Please reply today. I hope this can be resolved soon. Kind regards, Jamie Grove.",2026-03-17 12:16,Cancellation,ORD00780
EMAIL02003,CUST0236,Need a different size,"Hi, I received the Coast Travel Backpack from order ORD00449, but the size is wrong. Can I exchange it for a smaller size? Please reply before the weekend. I checked the help page but could not find a clear answer. Kind regards, Riley Ivy.",2026-06-04 20:46,Exchange,ORD00449
EMAIL02256,CUST0254,Need account help,"Hey, I cannot log in after resetting my password. Can you help me access my account? Please reply today. A quick reply would be appreciated. Kind regards, Taylor Cove.",2026-06-24 10:46,Other,ORD00826
EMAIL01256,CUST0287,Question about Pioneer Rain Jacket,"Hi, could you tell me more about the Pioneer Rain Jacket? I need the size, material, and care details before ordering. Please reply today. A quick reply would be appreciated. Kind regards, Jordan Ivy.",2026-06-17 16:48,Product Information,ORD00741
EMAIL00894,CUST0254,Please cancel my order,"Hey, please cancel order ORD01006 before it ships. I made this purchase by mistake. Please reply today. A quick reply would be appreciated. Kind regards, Taylor Cove.",2026-03-20 18:39,Cancellation,ORD01006
EMAIL02296,CUST0253,Need account help,"Hi, I cannot log in after resetting my password. Can you help me access my account? Please reply before the weekend. I checked the help page but could not find a clear answer. Kind regards, Taylor Fern.",2026-03-31 19:47,Other,ORD00541
EMAIL01954,CUST0095,Wrong item size,"The item in order ORD00522 does not fit. I do not need a refund; I would prefer an exchange if possible. Please reply as soon as possible. I checked the help page but could not find a clear answer. Kind regards, Skyler Hollow.",2026-06-10 11:41,Exchange,ORD00522
EMAIL01550,CUST0075,Very disappointed,"Hey, I am unhappy with order ORD00413. The Nimbus Electric Kettle was not as described and this has been frustrating. Please reply as soon as possible. I checked the help page but could not find a clear answer. Kind regards, Riley Lark.",2026-01-30 15:03,Complaint,ORD00413
EMAIL00296,CUST0217,Has my package shipped?,"Hi, I ordered a Orbit Studio Microphone. Is order ORD00119 on its way yet? Please reply when you can. Please let me know what you need from me. Kind regards, Avery Grove.",2026-01-22 10:28,Order Status,ORD00119
EMAIL01707,CUST0048,Poor experience,"I have tried to get help with ORD00115 twice. Still no answer. Really disappointed with the service. Please reply today. I hope this can be resolved soon. Kind regards, Morgan Cove.",2026-07-16 10:52,Complaint,ORD00115
EMAIL02361,CUST0004,Discount code question,"Do you have a student discount or a promo code I can use for the Nova Coffee Grinder? Please reply when you can. Please let me know what you need from me. Kind regards, Avery Cove.",2026-04-29 17:08,Other,ORD00557
EMAIL02339,CUST0216,Discount code question,"Do you have a student discount or a promo code I can use for the Willow Portable Speaker? Please reply as soon as possible. I checked the help page but could not find a clear answer. Kind regards, Morgan Lark.",2026-03-17 18:52,Other,ORD00008
EMAIL00914,CUST0283,I was charged twice,"I can see two charges for order ORD00310, but I only placed one order. Please look into this. Please reply when you can. A quick reply would be appreciated. Kind regards, Casey Juniper.",2026-06-05 10:56,Payment Issue,ORD00310
EMAIL02303,CUST0214,Change my address,"Hi, how do I update the delivery address saved in my account for future orders? Please reply when you can. Sorry if I missed this information somewhere. Kind regards, Rowan Ivy.",2026-08-01 16:33,Other,
EMAIL01846,CUST0116,Can you replace this?,"Hi, the Willow Walking Shoe from ORD00255 is the wrong size. How can I swap it for the correct one? Please reply when you can. I checked the help page but could not find a clear answer. Kind regards, Rowan Juniper.",2026-03-13 08:58,Exchange,ORD00255
EMAIL01288,CUST0006,Question about Orbit Laptop Sleeve,"Hello, could you tell me more about the Orbit Laptop Sleeve? I need the size, material, and care details before ordering. Please reply before the weekend. A quick reply would be appreciated. Kind regards, Rowan Hollow.",2026-01-31 08:10,Product Information,ORD00993
EMAIL02074,CUST0286,Wrong item size,"The item in order ORD00543 does not fit. I do not need a refund; I would prefer an exchange if possible. Please reply before the weekend. I hope this can be resolved soon. Kind regards, Jamie Grove.",2026-06-15 14:42,Exchange,ORD00543
EMAIL01491,CUST0056,Warranty question,"Hi, does the Nova Crossbody Bag come with a warranty? I could not find the answer on the product page. Please reply as soon as possible. Sorry if I missed this information somewhere. Kind regards, Avery Dale.",2026-08-23 17:29,Product Information,ORD00550
EMAIL01758,CUST0039,Poor experience,"I have tried to get help with ORD01013 twice. Still no answer. Really disappointed with the service. Please reply when you can. I checked the help page but could not find a clear answer. Kind regards, Jordan Fern.",2026-04-14 08:03,Complaint,ORD01013
EMAIL01893,CUST0265,Wrong item size,"The item in order ORD00610 does not fit. I do not need a refund; I would prefer an exchange if possible. Please reply today. I checked the help page but could not find a clear answer. Kind regards, Casey Ivy.",2026-03-14 08:17,Exchange,ORD00610
EMAIL00222,CUST0213,Has my package shipped?,"Hi, I ordered a Harbor Training Shoe. Is order ORD00723 on its way yet? Please reply this week. I checked the help page but could not find a clear answer. Kind regards, Skyler Ivy.",2026-08-23 13:41,Order Status,ORD00723
EMAIL01350,CUST0256,Question about Terra Bamboo Organizer,"Dear support team, could you tell me more about the Terra Bamboo Organizer? I need the size, material, and care details before ordering. Please reply today. Sorry if I missed this information somewhere. Kind regards, Morgan Cove.",2026-07-26 16:35,Product Information,ORD00171
EMAIL02380,CUST0060,Need account help,"Hey, I cannot log in after resetting my password. Can you help me access my account? Please reply today. Sorry if I missed this information somewhere. Kind regards, Taylor Briar.",2026-03-07 08:38,Other,
EMAIL00858,CUST0027,Please cancel my order,"Hi, please cancel order ORD00116 before it ships. I made this purchase by mistake. Please reply as soon as possible. I hope this can be resolved soon. Kind regards, Jamie Lark.",2026-06-22 16:16,Cancellation,ORD00116
EMAIL02112,CUST0278,Need account help,"Hello, I cannot log in after resetting my password. Can you help me access my account? Please reply before the weekend. I checked the help page but could not find a clear answer. Kind regards, Jamie Cove.",2026-04-01 09:13,Other,ORD00938
EMAIL01397,CUST0038,Question about Aster Night Cream,"Hey, could you tell me more about the Aster Night Cream? I need the size, material, and care details before ordering. Please reply as soon as possible. A quick reply would be appreciated. Kind regards, Rowan Dale.",2026-07-22 13:40,Product Information,ORD00832
EMAIL01022,CUST0202,I was charged twice,"I can see two charges for order ORD00512, but I only placed one order. Please look into this. Please reply as soon as possible. I hope this can be resolved soon. Kind regards, Morgan Fern.",2026-05-13 14:30,Payment Issue,ORD00512
EMAIL01062,CUST0124,I was charged twice,"I can see two charges for order ORD00014, but I only placed one order. Please look into this. Please reply as soon as possible. Please let me know what you need from me. Kind regards, Taylor Juniper.",2026-04-27 18:33,Payment Issue,ORD00014
EMAIL00127,CUST0099,Where is my order?,"Hey, I placed order ORD00211 a few days ago and it still says returned. Can you tell me when it will arrive? Please help, Jamie Cove Please reply before the weekend. I hope this can be resolved soon. Kind regards, Jamie Cove.",2026-06-15 09:09,Order Status,ORD00211
EMAIL02399,CUST0295,Change my address,"Hi, how do I update the delivery address saved in my account for future orders? Please reply today. I hope this can be resolved soon. Kind regards, Morgan Hollow.",2026-01-29 14:45,Other,
EMAIL02255,CUST0096,Need account help,"Hi, I cannot log in after resetting my password. Can you help me access my account? Please reply today. Please let me know what you need from me. Kind regards, Skyler Juniper.",2026-01-21 19:02,Other,ORD00983
EMAIL01453,CUST0206,Is this in stock?,"Do you still have the Harbor Insulated Bottle available? I am looking for one as a gift. Please reply this week. A quick reply would be appreciated. Kind regards, Morgan Cove.",2026-02-25 16:27,Product Information,
EMAIL01852,CUST0026,Need a different size,"Hi, I received the Echo Laptop Sleeve from order ORD00270, but the size is wrong. Can I exchange it for a smaller size? Please reply this week. A quick reply would be appreciated. Kind regards, Avery Cove.",2026-06-14 11:13,Exchange,ORD00270
EMAIL01220,CUST0155,Is this in stock?,"Do you still have the Solace Air Fryer available? I am looking for one as a gift. Please reply as soon as possible. A quick reply would be appreciated. Kind regards, Quinn Ember.",2026-01-22 09:14,Product Information,ORD00263
EMAIL00952,CUST0231,Payment problem,"My card payment for ORD01097 is still pending in my bank app. Did the order go through? Please reply this week. I checked the help page but could not find a clear answer. Kind regards, Jamie Lark.",2026-04-16 11:08,Payment Issue,ORD01097
EMAIL01167,CUST0229,Payment problem,"My card payment for ORD00715 is still pending in my bank app. Did the order go through? Please reply before the weekend. I hope this can be resolved soon. Kind regards, Jordan Ember.",2026-06-18 08:02,Payment Issue,ORD00715
EMAIL01407,CUST0290,Is this in stock?,"Do you still have the Terra Hydrating Serum available? I am looking for one as a gift. Please reply this week. A quick reply would be appreciated. Kind regards, Casey Hollow.",2026-02-11 13:48,Product Information,ORD00537
EMAIL01580,CUST0224,Very disappointed,"Hey, I am unhappy with order ORD00674. The Echo Walking Shoe was not as described and this has been frustrating. Please reply this week. I hope this can be resolved soon. Kind regards, Taylor Ivy.",2026-08-24 08:41,Complaint,ORD00674
EMAIL00555,CUST0119,Refund status,"I returned order ORD00506 and have not received my refund. Can someone check the status for me? Please reply as soon as possible. A quick reply would be appreciated. Kind regards, Riley Juniper.",2026-05-05 18:03,Return/Refund,ORD00506
EMAIL01746,CUST0174,Complaint about delivery,"My package for ORD00996 arrived much later than promised and nobody sent an update. This is not acceptable. Please reply before the weekend. Please let me know what you need from me. Kind regards, Avery Dale.",2026-08-13 16:25,Complaint,ORD00996
EMAIL00698,CUST0079,Accidental order,"Oops, I ordered the wrong item. Is it still possible to stop order ORD00939? Please reply when you can. I checked the help page but could not find a clear answer. Kind regards, Riley Dale.",2026-01-01 15:11,Cancellation,ORD00939
EMAIL01651,CUST0124,Poor experience,"I have tried to get help with ORD00014 twice. Still no answer. Really disappointed with the service. Please reply before the weekend. A quick reply would be appreciated. Kind regards, Taylor Juniper.",2026-06-09 16:50,Complaint,ORD00014
EMAIL01851,CUST0065,Wrong item size,"The item in order ORD00425 does not fit. I do not need a refund; I would prefer an exchange if possible. Please reply this week. Please let me know what you need from me. Kind regards, Skyler Lark.",2026-01-02 10:09,Exchange,ORD00425
EMAIL00178,CUST0106,Where is my order?,"Dear support team, I placed order ORD00569 a few days ago and it still says delivered. Can you tell me when it will arrive? Thank you, Quinn Ivy Please reply this week. I checked the help page but could not find a clear answer. Kind regards, Quinn Ivy.",2026-06-11 18:06,Order Status,ORD00569
EMAIL00452,CUST0226,I need to return an item,"Hello, I received the Drift Insulated Bottle from order ORD00122, but it does not fit my needs. Please send the return instructions. Please reply before the weekend. I checked the help page but could not find a clear answer. Kind regards, Casey Hollow.",2026-03-16 14:51,Return/Refund,ORD00122
EMAIL01136,CUST0040,Checkout error,"Hi, my payment keeps failing when I try to buy the Willow Canvas Tote. The card works everywhere else. Please reply today. A quick reply would be appreciated. Kind regards, Rowan Ember.",2026-05-30 19:33,Payment Issue,ORD00917
EMAIL01269,CUST0276,Warranty question,"Hi, does the Orbit Bamboo Organizer come with a warranty? I could not find the answer on the product page. Please reply when you can. Sorry if I missed this information somewhere. Kind regards, Morgan Lark.",2026-08-04 20:39,Product Information,ORD00335
EMAIL01035,CUST0120,Checkout error,"Hi, my payment keeps failing when I try to buy the Meadow Vitamin C Set. The card works everywhere else. Please reply when you can. Please let me know what you need from me. Kind regards, Quinn Cove.",2026-08-06 11:56,Payment Issue,ORD00484
EMAIL01895,CUST0172,Exchange request,"I would like to exchange the Solace Travel Backpack from order ORD00151 for a different size or color. Please tell me the next steps. Please reply as soon as possible. Please let me know what you need from me. Kind regards, Jordan Briar.",2026-04-28 13:22,Exchange,ORD00151
EMAIL01281,CUST0184,Is this in stock?,"Do you still have the Coast Travel Backpack available? I am looking for one as a gift. Please reply as soon as possible. A quick reply would be appreciated. Kind regards, Skyler Ember.",2026-03-20 17:32,Product Information,ORD00958
EMAIL01134,CUST0121,Payment problem,"My card payment for ORD01074 is still pending in my bank app. Did the order go through? Please reply as soon as possible. I hope this can be resolved soon. Kind regards, Riley Grove.",2026-01-25 17:34,Payment Issue,ORD01074
EMAIL01218,CUST0241,Warranty question,"Hi, does the Echo Noise-Canceling Headphones come with a warranty? I could not find the answer on the product page. Please reply this week. Sorry if I missed this information somewhere. Kind regards, Quinn Fern.",2026-02-18 13:37,Product Information,ORD00696
EMAIL01166,CUST0002,Checkout error,"Hi, my payment keeps failing when I try to buy the Nimbus Canvas Tote. The card works everywhere else. Please reply today. Please let me know what you need from me. Kind regards, Morgan Dale.",2026-07-28 10:52,Payment Issue,ORD00011
EMAIL02034,CUST0055,Can you replace this?,"Hi, the Aster Quilted Vest from ORD00216 is the wrong size. How can I swap it for the correct one? Please reply when you can. Please let me know what you need from me. Kind regards, Jamie Ivy.",2026-04-15 11:06,Exchange,ORD00216
EMAIL00972,CUST0133,Payment problem,"My card payment for ORD00328 is still pending in my bank app. Did the order go through? Please reply this week. I hope this can be resolved soon. Kind regards, Quinn Dale.",2026-05-07 18:14,Payment Issue,ORD00328
EMAIL01927,CUST0109,Can you replace this?,"Hi, the Echo Noise-Canceling Headphones from ORD00111 is the wrong size. How can I swap it for the correct one? Please reply as soon as possible. Please let me know what you need from me. Kind regards, Riley Ember.",2026-02-07 20:33,Exchange,ORD00111
EMAIL00017,CUST0180,Where is my order?,"Hey, I placed order ORD00750 a few days ago and it still says shipped. Can you tell me when it will arrive? Regards, Morgan Dale Please reply this week. Please let me know what you need from me. Kind regards, Morgan Dale.",2026-07-04 10:26,Order Status,ORD00750
EMAIL00036,CUST0222,Where is my order?,"Dear support team, I placed order ORD00626 a few days ago and it still says delivered. Can you tell me when it will arrive? Regards, Quinn Fern Please reply when you can. Sorry if I missed this information somewhere. Kind regards, Quinn Fern.",2026-04-18 16:31,Order Status,ORD00626
EMAIL00210,CUST0163,Tracking update needed,"Could you check the delivery status of ORD00157? The tracking has not changed and I am starting to worry. Please reply before the weekend. Please let me know what you need from me. Kind regards, Quinn Fern.",2026-08-11 15:08,Order Status,ORD00157
EMAIL00995,CUST0277,Payment problem,"My card payment for ORD00643 is still pending in my bank app. Did the order go through? Please reply when you can. Please let me know what you need from me. Kind regards, Quinn Briar.",2026-04-12 15:09,Payment Issue,ORD00643
EMAIL01622,CUST0134,Complaint about delivery,"My package for ORD00704 arrived much later than promised and nobody sent an update. This is not acceptable. Please reply before the weekend. I hope this can be resolved soon. Kind regards, Taylor Ember.",2026-06-04 12:44,Complaint,ORD00704
EMAIL01915,CUST0181,Need a different size,"Dear support team, I received the Echo Gentle Cleanser from order ORD00358, but the size is wrong. Can I exchange it for a smaller size? Please reply this week. Sorry if I missed this information somewhere. Kind regards, Avery Hollow.",2026-01-31 18:37,Exchange,ORD00358
EMAIL00962,CUST0129,Payment problem,"My card payment for ORD00415 is still pending in my bank app. Did the order go through? Please reply today. I checked the help page but could not find a clear answer. Kind regards, Quinn Briar.",2026-07-28 12:23,Payment Issue,ORD00415
EMAIL01058,CUST0106,Checkout error,"Hi, my payment keeps failing when I try to buy the Cedar Wireless Earbuds. The card works everywhere else. Please reply this week. I hope this can be resolved soon. Kind regards, Quinn Ivy.",2026-06-09 14:10,Payment Issue,ORD00575
EMAIL00430,CUST0146,I need to return an item,"Hey, I received the Echo Foam Roller from order ORD00913, but it does not fit my needs. Please send the return instructions. Please reply before the weekend. Please let me know what you need from me. Kind regards, Rowan Hollow.",2026-07-26 15:49,Return/Refund,ORD00913
EMAIL02100,CUST0160,Wrong item size,"The item in order ORD00450 does not fit. I do not need a refund; I would prefer an exchange if possible. Please reply today. I checked the help page but could not find a clear answer. Kind regards, Riley Ember.",2026-03-23 20:30,Exchange,ORD00450
EMAIL01625,CUST0172,Very disappointed,"Dear support team, I am unhappy with order ORD00244. The Nimbus Foam Roller was not as described and this has been frustrating. Please reply this week. Please let me know what you need from me. Kind regards, Jordan Briar.",2026-02-08 09:31,Complaint,ORD00244
EMAIL02098,CUST0240,Can you replace this?,"Hi, the Brook Walking Shoe from ORD00883 is the wrong size. How can I swap it for the correct one? Please reply as soon as possible. Sorry if I missed this information somewhere. Kind regards, Avery Lark.",2026-04-18 16:30,Exchange,ORD00883
EMAIL01498,CUST0087,Warranty question,"Hi, does the Ember Gentle Cleanser come with a warranty? I could not find the answer on the product page. Please reply before the weekend. Please let me know what you need from me. Kind regards, Taylor Hollow.",2026-01-21 20:37,Product Information,
EMAIL02103,CUST0176,Discount code question,"Do you have a student discount or a promo code I can use for the Orbit Air Fryer? Please reply when you can. Please let me know what you need from me. Kind regards, Skyler Lark.",2026-02-16 11:55,Other,
EMAIL00597,CUST0147,Refund status,"I returned order ORD00896 and have not received my refund. Can someone check the status for me? Please reply today. Please let me know what you need from me. Kind regards, Rowan Grove.",2026-08-12 11:15,Return/Refund,ORD00896
EMAIL02285,CUST0136,Change my address,"Hi, how do I update the delivery address saved in my account for future orders? Please reply when you can. I checked the help page but could not find a clear answer. Kind regards, Casey Ivy.",2026-04-13 17:31,Other,ORD00353
EMAIL02127,CUST0052,Change my address,"Hi, how do I update the delivery address saved in my account for future orders? Please reply this week. Please let me know what you need from me. Kind regards, Jordan Hollow.",2026-06-19 20:20,Other,
EMAIL01990,CUST0127,Need a different size,"Hey, I received the Harbor Wireless Earbuds from order ORD01036, but the size is wrong. Can I exchange it for a smaller size? Please reply when you can. I hope this can be resolved soon. Kind regards, Jamie Hollow.",2026-02-14 20:46,Exchange,ORD01036
EMAIL02134,CUST0047,Discount code question,"Do you have a student discount or a promo code I can use for the Sage Denim Jacket? Please reply this week. A quick reply would be appreciated. Kind regards, Skyler Ivy.",2026-02-05 18:51,Other,ORD01117
EMAIL00866,CUST0055,Please cancel my order,"Dear support team, please cancel order ORD00578 before it ships. I made this purchase by mistake. Please reply as soon as possible. Sorry if I missed this information somewhere. Kind regards, Jamie Ivy.",2026-06-20 16:10,Cancellation,ORD00578
EMAIL00903,CUST0224,Checkout error,"Hi, my payment keeps failing when I try to buy the Meadow Quilted Vest. The card works everywhere else. Please reply this week. Sorry if I missed this information somewhere. Kind regards, Taylor Ivy.",2026-07-22 20:28,Payment Issue,ORD01085
EMAIL00200,CUST0019,Tracking update needed,"Could you check the delivery status of ORD00547? The tracking has not changed and I am starting to worry. Please reply today. I checked the help page but could not find a clear answer. Kind regards, Rowan Ember.",2026-03-13 17:24,Order Status,ORD00547
EMAIL01614,CUST0278,Complaint about delivery,"My package for ORD00938 arrived much later than promised and nobody sent an update. This is not acceptable. Please reply as soon as possible. I hope this can be resolved soon. Kind regards, Jamie Cove.",2026-08-21 15:00,Complaint,ORD00938
EMAIL01345,CUST0280,Question about Nimbus Portable Speaker,"Hello, could you tell me more about the Nimbus Portable Speaker? I need the size, material, and care details before ordering. Please reply today. Please let me know what you need from me. Kind regards, Jordan Fern.",2026-02-06 15:26,Product Information,
EMAIL00431,CUST0286,Return request,"The Willow Walking Shoe arrived damaged. I would like to return it and receive a refund for ORD00474. Please reply before the weekend. I checked the help page but could not find a clear answer. Kind regards, Jamie Grove.",2026-07-20 13:27,Return/Refund,ORD00474
EMAIL01911,CUST0088,Can you replace this?,"Hi, the Summit Night Cream from ORD01179 is the wrong size. How can I swap it for the correct one? Please reply today. I checked the help page but could not find a clear answer. Kind regards, Jordan Cove.",2026-08-13 20:32,Exchange,ORD01179
EMAIL00519,CUST0269,I need to return an item,"Hello, I received the Nova Yoga Mat from order ORD01095, but it does not fit my needs. Please send the return instructions. Please reply when you can. Sorry if I missed this information somewhere. Kind regards, Jordan Lark.",2026-05-26 18:11,Return/Refund,ORD01095
EMAIL01963,CUST0193,Need a different size,"Hey, I received the Summit Glass Storage Set from order ORD00260, but the size is wrong. Can I exchange it for a smaller size? Please reply before the weekend. Sorry if I missed this information somewhere. Kind regards, Rowan Ivy.",2026-06-17 14:57,Exchange,ORD00260
EMAIL01010,CUST0219,Checkout error,"Hi, my payment keeps failing when I try to buy the Echo Coffee Grinder. The card works everywhere else. Please reply when you can. I checked the help page but could not find a clear answer. Kind regards, Avery Dale.",2026-05-12 17:16,Payment Issue,ORD00548
EMAIL00479,CUST0290,I need to return an item,"Hey, I received the Harbor Travel Backpack from order ORD00043, but it does not fit my needs. Please send the return instructions. Please reply today. I hope this can be resolved soon. Kind regards, Casey Hollow.",2026-01-04 08:20,Return/Refund,ORD00043
EMAIL00434,CUST0207,I need to return an item,"Hello, I received the Orbit Studio Microphone from order ORD00904, but it does not fit my needs. Please send the return instructions. Please reply when you can. Please let me know what you need from me. Kind regards, Jordan Ivy.",2026-05-15 17:49,Return/Refund,ORD00904
EMAIL01600,CUST0145,Very disappointed,"Dear support team, I am unhappy with order ORD00147. The Ember Resistance Band Set was not as described and this has been frustrating. Please reply as soon as possible. Please let me know what you need from me. Kind regards, Skyler Cove.",2026-02-10 17:44,Complaint,ORD00147
EMAIL01151,CUST0203,Payment problem,"My card payment for ORD00930 is still pending in my bank app. Did the order go through? Please reply as soon as possible. Sorry if I missed this information somewhere. Kind regards, Quinn Ivy.",2026-05-31 19:57,Payment Issue,ORD00930
EMAIL02031,CUST0030,Wrong item size,"The item in order ORD01086 does not fit. I do not need a refund; I would prefer an exchange if possible. Please reply this week. Sorry if I missed this information somewhere. Kind regards, Taylor Cove.",2026-08-17 12:37,Exchange,ORD01086
EMAIL02302,CUST0113,Change my address,"Hi, how do I update the delivery address saved in my account for future orders? Please reply this week. I checked the help page but could not find a clear answer. Kind regards, Avery Cove.",2026-01-28 08:05,Other,ORD00678
EMAIL00931,CUST0030,I was charged twice,"I can see two charges for order ORD00631, but I only placed one order. Please look into this. Please reply before the weekend. I hope this can be resolved soon. Kind regards, Taylor Cove.",2026-05-06 17:51,Payment Issue,ORD00631
EMAIL02115,CUST0099,Need account help,"Hey, I cannot log in after resetting my password. Can you help me access my account? Please reply today. A quick reply would be appreciated. Kind regards, Jamie Cove.",2026-08-23 19:14,Other,ORD00665
EMAIL02080,CUST0136,Wrong item size,"The item in order ORD00918 does not fit. I do not need a refund; I would prefer an exchange if possible. Please reply when you can. Please let me know what you need from me. Kind regards, Casey Ivy.",2026-06-06 18:27,Exchange,ORD00918
EMAIL00533,CUST0023,Refund status,"I returned order ORD00669 and have not received my refund. Can someone check the status for me? Please reply this week. I checked the help page but could not find a clear answer. Kind regards, Riley Dale.",2026-02-03 17:00,Return/Refund,ORD00669
EMAIL00289,CUST0194,Tracking update needed,"Could you check the delivery status of ORD00536? The tracking has not changed and I am starting to worry. Please reply before the weekend. I hope this can be resolved soon. Kind regards, Jamie Ivy.",2026-02-19 08:37,Order Status,ORD00536
EMAIL01773,CUST0254,Very disappointed,"Hello, I am unhappy with order ORD00860. The Atlas Gentle Cleanser was not as described and this has been frustrating. Please reply this week. I checked the help page but could not find a clear answer. Kind regards, Taylor Cove.",2026-06-08 14:26,Complaint,ORD00860
EMAIL01879,CUST0070,Can you replace this?,"Hi, the Coast Portable Speaker from ORD00818 is the wrong size. How can I swap it for the correct one? Please reply before the weekend. I checked the help page but could not find a clear answer. Kind regards, Taylor Cove.",2026-02-17 10:50,Exchange,ORD00818
EMAIL01116,CUST0293,I was charged twice,"I can see two charges for order ORD00804, but I only placed one order. Please look into this. Please reply when you can. I hope this can be resolved soon. Kind regards, Quinn Ember.",2026-07-08 17:49,Payment Issue,ORD00804
EMAIL00802,CUST0065,Accidental order,"Oops, I ordered the wrong item. Is it still possible to stop order ORD00425? Please reply this week. I checked the help page but could not find a clear answer. Kind regards, Skyler Lark.",2026-03-08 18:46,Cancellation,ORD00425
EMAIL02106,CUST0295,Need account help,"Dear support team, I cannot log in after resetting my password. Can you help me access my account? Please reply today. I hope this can be resolved soon. Kind regards, Morgan Hollow.",2026-01-27 18:56,Other,ORD00392
EMAIL00032,CUST0224,Where is my order?,"Hello, I placed order ORD01085 a few days ago and it still says shipped. Can you tell me when it will arrive? Please help, Taylor Ivy Please reply before the weekend. I hope this can be resolved soon. Kind regards, Taylor Ivy.",2026-07-29 12:22,Order Status,ORD01085
EMAIL00249,CUST0150,Where is my order?,"Dear support team, I placed order ORD00701 a few days ago and it still says out for delivery. Can you tell me when it will arrive? Regards, Riley Lark Please reply as soon as possible. I checked the help page but could not find a clear answer. Kind regards, Riley Lark.",2026-02-15 15:20,Order Status,ORD00701
EMAIL01540,CUST0098,Very disappointed,"Hi, I am unhappy with order ORD00027. The Nova Gentle Cleanser was not as described and this has been frustrating. Please reply this week. I checked the help page but could not find a clear answer. Kind regards, Rowan Juniper.",2026-05-02 11:51,Complaint,ORD00027
EMAIL02137,CUST0100,Change my address,"Hi, how do I update the delivery address saved in my account for future orders? Please reply before the weekend. I checked the help page but could not find a clear answer. Kind regards, Taylor Cove.",2026-03-17 13:11,Other,ORD00970
EMAIL01553,CUST0216,Complaint about delivery,"My package for ORD01191 arrived much later than promised and nobody sent an update. This is not acceptable. Please reply this week. Please let me know what you need from me. Kind regards, Morgan Lark.",2026-07-12 08:42,Complaint,ORD01191
EMAIL00826,CUST0153,Cancel order,"I no longer need the Lumen Gentle Cleanser. Can you cancel ORD00089 and refund the payment? Please reply today. Please let me know what you need from me. Kind regards, Quinn Lark.",2026-03-02 15:59,Cancellation,ORD00089
EMAIL00841,CUST0225,Accidental order,"Oops, I ordered the wrong item. Is it still possible to stop order ORD01047? Please reply today. I hope this can be resolved soon. Kind regards, Skyler Cove.",2026-05-02 10:25,Cancellation,ORD01047
EMAIL00477,CUST0225,I need to return an item,"Dear support team, I received the Coast Gentle Cleanser from order ORD00895, but it does not fit my needs. Please send the return instructions. Please reply before the weekend. Sorry if I missed this information somewhere. Kind regards, Skyler Cove.",2026-02-21 11:22,Return/Refund,ORD00895
EMAIL02323,CUST0212,Discount code question,"Do you have a student discount or a promo code I can use for the Nimbus Night Cream? Please reply when you can. I hope this can be resolved soon. Kind regards, Avery Fern.",2026-06-08 15:44,Other,
EMAIL00688,CUST0244,Please cancel my order,"Dear support team, please cancel order ORD00724 before it ships. I made this purchase by mistake. Please reply as soon as possible. Please let me know what you need from me. Kind regards, Avery Fern.",2026-06-07 19:23,Cancellation,ORD00724
EMAIL01428,CUST0060,Question about Nimbus Foam Roller,"Hi, could you tell me more about the Nimbus Foam Roller? I need the size, material, and care details before ordering. Please reply this week. I hope this can be resolved soon. Kind regards, Taylor Briar.",2026-01-29 20:39,Product Information,ORD00842
EMAIL00447,CUST0144,Return request,"The Nova Wireless Earbuds arrived damaged. I would like to return it and receive a refund for ORD00221. Please reply before the weekend. Please let me know what you need from me. Kind regards, Skyler Ember.",2026-01-22 08:06,Return/Refund,ORD00221
EMAIL00160,CUST0107,Where is my order?,"Dear support team, I placed order ORD01007 a few days ago and it still says delivered. Can you tell me when it will arrive? Thank you, Quinn Dale Please reply when you can. Please let me know what you need from me. Kind regards, Quinn Dale.",2026-06-10 12:46,Order Status,ORD01007
EMAIL01904,CUST0189,Wrong item size,"The item in order ORD00471 does not fit. I do not need a refund; I would prefer an exchange if possible. Please reply when you can. Sorry if I missed this information somewhere. Kind regards, Quinn Ivy.",2026-04-13 18:09,Exchange,ORD00471
EMAIL02174,CUST0126,Discount code question,"Do you have a student discount or a promo code I can use for the Ember Resistance Band Set? Please reply as soon as possible. Sorry if I missed this information somewhere. Kind regards, Jamie Ivy.",2026-04-22 13:24,Other,
EMAIL01461,CUST0041,Is this in stock?,"Do you still have the Cedar Resistance Band Set available? I am looking for one as a gift. Please reply this week. I checked the help page but could not find a clear answer. Kind regards, Taylor Ivy.",2026-05-06 09:27,Product Information,ORD00609
EMAIL02251,CUST0087,Discount code question,"Do you have a student discount or a promo code I can use for the Meadow Quilted Vest? Please reply today. I checked the help page but could not find a clear answer. Kind regards, Taylor Hollow.",2026-06-09 19:57,Other,
EMAIL00003,CUST0158,Tracking update needed,"Could you check the delivery status of ORD00160? The tracking has not changed and I am starting to worry. Please reply before the weekend. Sorry if I missed this information somewhere. Kind regards, Jamie Ivy.",2026-03-05 13:57,Order Status,ORD00160
EMAIL01594,CUST0040,Complaint about delivery,"My package for ORD01042 arrived much later than promised and nobody sent an update. This is not acceptable. Please reply before the weekend. I hope this can be resolved soon. Kind regards, Rowan Ember.",2026-07-09 09:46,Complaint,ORD01042
EMAIL00360,CUST0023,Refund status,"I returned order ORD00669 and have not received my refund. Can someone check the status for me? Please reply today. I checked the help page but could not find a clear answer. Kind regards, Riley Dale.",2026-02-07 12:48,Return/Refund,ORD00669
EMAIL00427,CUST0201,I need to return an item,"Hello, I received the Nova Yoga Mat from order ORD00088, but it does not fit my needs. Please send the return instructions. Please reply when you can. I checked the help page but could not find a clear answer. Kind regards, Skyler Ivy.",2026-08-02 20:15,Return/Refund,ORD00088
EMAIL01332,CUST0238,Question about Cedar Wireless Earbuds,"Hey, could you tell me more about the Cedar Wireless Earbuds? I need the size, material, and care details before ordering. Please reply as soon as possible. I checked the help page but could not find a clear answer. Kind regards, Skyler Grove.",2026-07-11 19:07,Product Information,
EMAIL01025,CUST0222,I was charged twice,"I can see two charges for order ORD00626, but I only placed one order. Please look into this. Please reply today. A quick reply would be appreciated. Kind regards, Quinn Fern.",2026-05-16 12:14,Payment Issue,ORD00626
EMAIL01812,CUST0036,Wrong item size,"The item in order ORD00988 does not fit. I do not need a refund; I would prefer an exchange if possible. Please reply as soon as possible. Sorry if I missed this information somewhere. Kind regards, Taylor Fern.",2026-06-04 12:32,Exchange,ORD00988
EMAIL02381,CUST0013,Need account help,"Dear support team, I cannot log in after resetting my password. Can you help me access my account? Please reply before the weekend. Please let me know what you need from me. Kind regards, Morgan Cove.",2026-06-29 13:38,Other,
EMAIL01687,CUST0276,Poor experience,"I have tried to get help with ORD01152 twice. Still no answer. Really disappointed with the service. Please reply before the weekend. I hope this can be resolved soon. Kind regards, Morgan Lark.",2026-08-04 08:29,Complaint,ORD01152
EMAIL01916,CUST0248,Can you replace this?,"Hi, the Meadow Foam Roller from ORD00352 is the wrong size. How can I swap it for the correct one? Please reply before the weekend. Sorry if I missed this information somewhere. Kind regards, Rowan Juniper.",2026-04-14 20:29,Exchange,ORD00352
EMAIL02359,CUST0125,Change my address,"Hi, how do I update the delivery address saved in my account for future orders? Please reply as soon as possible. I hope this can be resolved soon. Kind regards, Morgan Hollow.",2026-04-27 18:05,Other,
EMAIL01252,CUST0208,Warranty question,"Hi, does the Ember Denim Jacket come with a warranty? I could not find the answer on the product page. Please reply when you can. I checked the help page but could not find a clear answer. Kind regards, Riley Hollow.",2026-06-17 13:36,Product Information,ORD01144
EMAIL00076,CUST0078,Has my package shipped?,"Hi, I ordered a Nimbus Night Cream. Is order ORD00840 on its way yet? Please reply as soon as possible. Please let me know what you need from me. Kind regards, Avery Grove.",2026-05-14 19:00,Order Status,ORD00840
EMAIL00916,CUST0137,Checkout error,"Hi, my payment keeps failing when I try to buy the Lumen Cast Iron Pan. The card works everywhere else. Please reply this week. Sorry if I missed this information somewhere. Kind regards, Taylor Ember.",2026-03-30 08:34,Payment Issue,ORD00177
EMAIL02349,CUST0132,Change my address,"Hi, how do I update the delivery address saved in my account for future orders? Please reply when you can. Sorry if I missed this information somewhere. Kind regards, Skyler Briar.",2026-07-26 09:01,Other,ORD00269
EMAIL01840,CUST0240,Need a different size,"Hello, I received the Brook Walking Shoe from order ORD00883, but the size is wrong. Can I exchange it for a smaller size? Please reply this week. Please let me know what you need from me. Kind regards, Avery Lark.",2026-06-22 10:15,Exchange,ORD00883
EMAIL00772,CUST0177,Cancel order,"I no longer need the Terra Hydrating Serum. Can you cancel ORD00174 and refund the payment? Please reply this week. I hope this can be resolved soon. Kind regards, Quinn Ivy.",2026-07-11 18:48,Cancellation,ORD00174
EMAIL00439,CUST0037,I need to return an item,"Dear support team, I received the Harbor Electric Kettle from order ORD00128, but it does not fit my needs. Please send the return instructions. Please reply as soon as possible. A quick reply would be appreciated. Kind regards, Skyler Cove.",2026-07-15 20:15,Return/Refund,ORD00128
EMAIL00362,CUST0252,Refund status,"I returned order ORD00316 and have not received my refund. Can someone check the status for me? Please reply today. Sorry if I missed this information somewhere. Kind regards, Avery Fern.",2026-08-19 19:31,Return/Refund,ORD00316
EMAIL02032,CUST0234,Exchange request,"I would like to exchange the Solace Daily Runner from order ORD00655 for a different size or color. Please tell me the next steps. Please reply when you can. I checked the help page but could not find a clear answer. Kind regards, Riley Juniper.",2026-05-06 09:07,Exchange,ORD00655
EMAIL02346,CUST0124,Need account help,"Hi, I cannot log in after resetting my password. Can you help me access my account? Please reply this week. I hope this can be resolved soon. Kind regards, Taylor Juniper.",2026-04-14 18:21,Other,
EMAIL01316,CUST0111,Warranty question,"Hi, does the Aster Daily Runner come with a warranty? I could not find the answer on the product page. Please reply today. I checked the help page but could not find a clear answer. Kind regards, Casey Ivy.",2026-05-12 17:55,Product Information,ORD00680
EMAIL01815,CUST0154,Need a different size,"Hello, I received the Ember Resistance Band Set from order ORD00481, but the size is wrong. Can I exchange it for a smaller size? Please reply as soon as possible. A quick reply would be appreciated. Kind regards, Avery Ivy.",2026-04-10 14:08,Exchange,ORD00481
EMAIL01667,CUST0299,Complaint about delivery,"My package for ORD00716 arrived much later than promised and nobody sent an update. This is not acceptable. Please reply this week. I hope this can be resolved soon. Kind regards, Jordan Briar.",2026-05-18 12:25,Complaint,ORD00716
EMAIL01445,CUST0195,Question about Lumen Gentle Cleanser,"Dear support team, could you tell me more about the Lumen Gentle Cleanser? I need the size, material, and care details before ordering. Please reply as soon as possible. I checked the help page but could not find a clear answer. Kind regards, Jamie Grove.",2026-02-09 12:50,Product Information,ORD00780
EMAIL01336,CUST0241,Is this in stock?,"Do you still have the Brook Air Fryer available? I am looking for one as a gift. Please reply this week. Sorry if I missed this information somewhere. Kind regards, Quinn Fern.",2026-02-22 14:48,Product Information,ORD00582
EMAIL00186,CUST0105,Where is my order?,"Hi, I placed order ORD00524 a few days ago and it still says cancelled. Can you tell me when it will arrive? Thank you, Jamie Lark Please reply this week. Please let me know what you need from me. Kind regards, Jamie Lark.",2026-08-25 20:42,Order Status,ORD00524
EMAIL00742,CUST0300,Please cancel my order,"Hi, please cancel order ORD00330 before it ships. I made this purchase by mistake. Please reply before the weekend. Please let me know what you need from me. Kind regards, Jamie Hollow.",2026-08-04 20:35,Cancellation,ORD00330
EMAIL01493,CUST0133,Warranty question,"Hi, does the Nova Trail Runner come with a warranty? I could not find the answer on the product page. Please reply today. Please let me know what you need from me. Kind regards, Quinn Dale.",2026-07-17 16:30,Product Information,ORD00328
EMAIL01209,CUST0292,Is this in stock?,"Do you still have the Nova Gentle Cleanser available? I am looking for one as a gift. Please reply as soon as possible. Sorry if I missed this information somewhere. Kind regards, Skyler Juniper.",2026-03-05 12:21,Product Information,
EMAIL01346,CUST0071,Warranty question,"Hi, does the Aster Quilted Vest come with a warranty? I could not find the answer on the product page. Please reply before the weekend. Please let me know what you need from me. Kind regards, Jordan Ivy.",2026-04-27 09:33,Product Information,ORD00898
EMAIL01508,CUST0021,Complaint about delivery,"My package for ORD00321 arrived much later than promised and nobody sent an update. This is not acceptable. Please reply today. Sorry if I missed this information somewhere. Kind regards, Riley Cove.",2026-08-01 08:30,Complaint,ORD00321
EMAIL00902,CUST0069,I was charged twice,"I can see two charges for order ORD00414, but I only placed one order. Please look into this. Please reply when you can. Please let me know what you need from me. Kind regards, Rowan Ember.",2026-05-23 20:58,Payment Issue,ORD00414
EMAIL00730,CUST0047,Cancel order,"I no longer need the Lumen Denim Jacket. Can you cancel ORD00003 and refund the payment? Please reply when you can. I hope this can be resolved soon. Kind regards, Skyler Ivy.",2026-07-28 19:34,Cancellation,ORD00003
EMAIL00538,CUST0036,I need to return an item,"Hello, I received the Aster Laptop Sleeve from order ORD00071, but it does not fit my needs. Please send the return instructions. Please reply today. I checked the help page but could not find a clear answer. Kind regards, Taylor Fern.",2026-07-08 20:21,Return/Refund,ORD00071
EMAIL01268,CUST0102,Question about Nimbus Fleece Hoodie,"Hello, could you tell me more about the Nimbus Fleece Hoodie? I need the size, material, and care details before ordering. Please reply before the weekend. I checked the help page but could not find a clear answer. Kind regards, Riley Juniper.",2026-03-25 20:11,Product Information,ORD01075
EMAIL00277,CUST0003,Has my package shipped?,"Hi, I ordered a Terra Canvas Tote. Is order ORD00570 on its way yet? Please reply today. I hope this can be resolved soon. Kind regards, Rowan Cove.",2026-04-28 13:06,Order Status,ORD00570
EMAIL01769,CUST0091,Very disappointed,"Dear support team, I am unhappy with order ORD00187. The Echo Gentle Cleanser was not as described and this has been frustrating. Please reply before the weekend. A quick reply would be appreciated. Kind regards, Morgan Hollow.",2026-07-10 08:46,Complaint,ORD00187
EMAIL02227,CUST0298,Discount code question,"Do you have a student discount or a promo code I can use for the Summit Air Fryer? Please reply as soon as possible. I checked the help page but could not find a clear answer. Kind regards, Jordan Lark.",2026-03-26 09:25,Other,ORD00732
EMAIL00483,CUST0162,Return request,"The Pioneer Vitamin C Set arrived damaged. I would like to return it and receive a refund for ORD01104. Please reply when you can. I hope this can be resolved soon. Kind regards, Jamie Juniper.",2026-05-13 10:57,Return/Refund,ORD01104
EMAIL01929,CUST0068,Need a different size,"Hi, I received the Willow Resistance Band Set from order ORD01193, but the size is wrong. Can I exchange it for a smaller size? Please reply when you can. I checked the help page but could not find a clear answer. Kind regards, Avery Ivy.",2026-05-20 14:42,Exchange,ORD01193
EMAIL00029,CUST0216,Where is my order?,"Hi, I placed order ORD00063 a few days ago and it still says processing. Can you tell me when it will arrive? Thank you, Morgan Lark Please reply when you can. Sorry if I missed this information somewhere. Kind regards, Morgan Lark.",2026-04-09 10:22,Order Status,ORD00063
EMAIL02079,CUST0001,Need a different size,"Hi, I received the Echo Coffee Grinder from order ORD01150, but the size is wrong. Can I exchange it for a smaller size? Please reply today. Sorry if I missed this information somewhere. Kind regards, Casey Briar.",2026-05-06 18:18,Exchange,ORD01150
EMAIL02186,CUST0155,Need account help,"Hi, I cannot log in after resetting my password. Can you help me access my account? Please reply as soon as possible. I checked the help page but could not find a clear answer. Kind regards, Quinn Ember.",2026-03-06 14:51,Other,
EMAIL02371,CUST0066,Change my address,"Hi, how do I update the delivery address saved in my account for future orders? Please reply as soon as possible. Please let me know what you need from me. Kind regards, Morgan Grove.",2026-03-23 19:26,Other,ORD00779
EMAIL01044,CUST0118,I was charged twice,"I can see two charges for order ORD01199, but I only placed one order. Please look into this. Please reply this week. I checked the help page but could not find a clear answer. Kind regards, Jordan Ivy.",2026-02-08 09:41,Payment Issue,ORD01199
EMAIL00082,CUST0228,Where is my order?,"Hey, I placed order ORD01140 a few days ago and it still says delivered. Can you tell me when it will arrive? Thanks, Avery Fern Please reply today. I checked the help page but could not find a clear answer. Kind regards, Avery Fern.",2026-06-16 08:39,Order Status,ORD01140
EMAIL00975,CUST0253,I was charged twice,"I can see two charges for order ORD00404, but I only placed one order. Please look into this. Please reply when you can. Please let me know what you need from me. Kind regards, Taylor Fern.",2026-04-22 10:13,Payment Issue,ORD00404
EMAIL00077,CUST0235,Where is my order?,"Dear support team, I placed order ORD00395 a few days ago and it still says out for delivery. Can you tell me when it will arrive? Thanks, Taylor Lark Please reply when you can. A quick reply would be appreciated. Kind regards, Taylor Lark.",2026-04-18 19:34,Order Status,ORD00395
EMAIL02178,CUST0126,Need account help,"Hi, I cannot log in after resetting my password. Can you help me access my account? Please reply before the weekend. I hope this can be resolved soon. Kind regards, Jamie Ivy.",2026-04-29 15:07,Other,ORD00935
EMAIL01132,CUST0055,I was charged twice,"I can see two charges for order ORD00265, but I only placed one order. Please look into this. Please reply when you can. I hope this can be resolved soon. Kind regards, Jamie Ivy.",2026-01-24 14:21,Payment Issue,ORD00265
EMAIL01824,CUST0062,Need a different size,"Hey, I received the Ember Resistance Band Set from order ORD00210, but the size is wrong. Can I exchange it for a smaller size? Please reply when you can. Please let me know what you need from me. Kind regards, Jordan Cove.",2026-06-20 08:52,Exchange,ORD00210
EMAIL00338,CUST0148,I need to return an item,"Hi, I received the Willow Denim Jacket from order ORD00758, but it does not fit my needs. Please send the return instructions. Please reply today. Sorry if I missed this information somewhere. Kind regards, Casey Hollow.",2026-06-18 10:17,Return/Refund,ORD00758
EMAIL00906,CUST0068,Checkout error,"Hi, my payment keeps failing when I try to buy the Willow Resistance Band Set. The card works everywhere else. Please reply as soon as possible. Please let me know what you need from me. Kind regards, Avery Ivy.",2026-01-07 10:59,Payment Issue,ORD01193
EMAIL00166,CUST0257,Tracking update needed,"Could you check the delivery status of ORD00607? The tracking has not changed and I am starting to worry. Please reply today. Sorry if I missed this information somewhere. Kind regards, Riley Hollow.",2026-04-17 14:09,Order Status,ORD00607
EMAIL01647,CUST0038,Very disappointed,"Hello, I am unhappy with order ORD00195. The Willow Portable Speaker was not as described and this has been frustrating. Please reply today. Sorry if I missed this information somewhere. Kind regards, Rowan Dale.",2026-07-21 12:15,Complaint,ORD00195
EMAIL00726,CUST0150,Please cancel my order,"Hi, please cancel order ORD00615 before it ships. I made this purchase by mistake. Please reply today. I checked the help page but could not find a clear answer. Kind regards, Riley Lark.",2026-03-03 09:49,Cancellation,ORD00615
EMAIL02205,CUST0277,Need account help,"Hey, I cannot log in after resetting my password. Can you help me access my account? Please reply as soon as possible. Sorry if I missed this information somewhere. Kind regards, Quinn Briar.",2026-02-18 16:01,Other,ORD00643
EMAIL02262,CUST0207,Need account help,"Dear support team, I cannot log in after resetting my password. Can you help me access my account? Please reply before the weekend. Please let me know what you need from me. Kind regards, Jordan Ivy.",2026-04-25 17:09,Other,ORD00904
EMAIL02226,CUST0253,Need account help,"Hi, I cannot log in after resetting my password. Can you help me access my account? Please reply before the weekend. Sorry if I missed this information somewhere. Kind regards, Taylor Fern.",2026-05-09 15:58,Other,ORD00541
EMAIL01825,CUST0163,Exchange request,"I would like to exchange the Aster Studio Microphone from order ORD00423 for a different size or color. Please tell me the next steps. Please reply when you can. I hope this can be resolved soon. Kind regards, Quinn Fern.",2026-06-01 10:59,Exchange,ORD00423
EMAIL01897,CUST0147,Can you replace this?,"Hi, the Willow Walking Shoe from ORD00530 is the wrong size. How can I swap it for the correct one? Please reply this week. Please let me know what you need from me. Kind regards, Rowan Grove.",2026-01-10 09:59,Exchange,ORD00530
EMAIL00744,CUST0173,Please cancel my order,"Hi, please cancel order ORD01054 before it ships. I made this purchase by mistake. Please reply today. I hope this can be resolved soon. Kind regards, Casey Hollow.",2026-01-02 09:57,Cancellation,ORD01054
EMAIL01784,CUST0247,Complaint about delivery,"My package for ORD00267 arrived much later than promised and nobody sent an update. This is not acceptable. Please reply when you can. I checked the help page but could not find a clear answer. Kind regards, Morgan Dale.",2026-01-25 12:34,Complaint,ORD00267
EMAIL02075,CUST0196,Can you replace this?,"Hi, the Sage Ceramic Mug Set from ORD01026 is the wrong size. How can I swap it for the correct one? Please reply this week. I hope this can be resolved soon. Kind regards, Taylor Hollow.",2026-06-06 17:16,Exchange,ORD01026
EMAIL01309,CUST0234,Is this in stock?,"Do you still have the Sage Denim Jacket available? I am looking for one as a gift. Please reply when you can. Please let me know what you need from me. Kind regards, Riley Juniper.",2026-06-13 11:22,Product Information,ORD00432
EMAIL01330,CUST0294,Is this in stock?,"Do you still have the Orbit Training Shoe available? I am looking for one as a gift. Please reply this week. I checked the help page but could not find a clear answer. Kind regards, Rowan Grove.",2026-04-05 13:09,Product Information,
EMAIL00652,CUST0141,Please cancel my order,"Hi, please cancel order ORD01162 before it ships. I made this purchase by mistake. Please reply as soon as possible. A quick reply would be appreciated. Kind regards, Riley Grove.",2026-03-03 15:39,Cancellation,ORD01162
EMAIL01351,CUST0055,Question about Aster Night Cream,"Hey, could you tell me more about the Aster Night Cream? I need the size, material, and care details before ordering. Please reply before the weekend. A quick reply would be appreciated. Kind regards, Jamie Ivy.",2026-06-01 16:48,Product Information,
EMAIL00475,CUST0258,I need to return an item,"Hey, I received the Harbor Insulated Bottle from order ORD00209, but it does not fit my needs. Please send the return instructions. Please reply as soon as possible. I hope this can be resolved soon. Kind regards, Avery Fern.",2026-06-29 18:24,Return/Refund,ORD00209
EMAIL00357,CUST0172,Return request,"The Solace Travel Backpack arrived damaged. I would like to return it and receive a refund for ORD00151. Please reply today. I checked the help page but could not find a clear answer. Kind regards, Jordan Briar.",2026-07-11 08:43,Return/Refund,ORD00151
EMAIL00437,CUST0028,Return request,"The Brook Walking Shoe arrived damaged. I would like to return it and receive a refund for ORD00769. Please reply as soon as possible. Sorry if I missed this information somewhere. Kind regards, Skyler Ivy.",2026-04-30 13:08,Return/Refund,ORD00769
EMAIL00192,CUST0228,Where is my order?,"Hello, I placed order ORD00057 a few days ago and it still says processing. Can you tell me when it will arrive? Thank you, Avery Fern Please reply this week. I checked the help page but could not find a clear answer. Kind regards, Avery Fern.",2026-02-28 14:47,Order Status,ORD00057
EMAIL01492,CUST0136,Warranty question,"Hi, does the Echo Coffee Grinder come with a warranty? I could not find the answer on the product page. Please reply before the weekend. A quick reply would be appreciated. Kind regards, Casey Ivy.",2026-02-09 09:32,Product Information,ORD00867
EMAIL00813,CUST0184,Accidental order,"Oops, I ordered the wrong item. Is it still possible to stop order ORD00266? Please reply today. Sorry if I missed this information somewhere. Kind regards, Skyler Ember.",2026-07-06 11:51,Cancellation,ORD00266
EMAIL01393,CUST0107,Is this in stock?,"Do you still have the Lumen Cast Iron Pan available? I am looking for one as a gift. Please reply as soon as possible. I checked the help page but could not find a clear answer. Kind regards, Quinn Dale.",2026-04-25 13:24,Product Information,ORD01146
EMAIL00715,CUST0261,Cancel order,"I no longer need the Sage Ceramic Mug Set. Can you cancel ORD00605 and refund the payment? Please reply this week. Please let me know what you need from me. Kind regards, Casey Ivy.",2026-05-16 14:56,Cancellation,ORD00605
EMAIL01658,CUST0253,Complaint about delivery,"My package for ORD00541 arrived much later than promised and nobody sent an update. This is not acceptable. Please reply this week. I hope this can be resolved soon. Kind regards, Taylor Fern.",2026-04-20 08:37,Complaint,ORD00541
EMAIL02036,CUST0216,Can you replace this?,"Hi, the Willow Portable Speaker from ORD00008 is the wrong size. How can I swap it for the correct one? Please reply when you can. Sorry if I missed this information somewhere. Kind regards, Morgan Lark.",2026-08-22 16:32,Exchange,ORD00008
EMAIL01254,CUST0164,Question about Terra Rain Jacket,"Hello, could you tell me more about the Terra Rain Jacket? I need the size, material, and care details before ordering. Please reply as soon as possible. A quick reply would be appreciated. Kind regards, Casey Ember.",2026-06-15 14:11,Product Information,ORD01126
EMAIL00235,CUST0110,Where is my order?,"Hey, I placed order ORD00756 a few days ago and it still says delivered. Can you tell me when it will arrive? Regards, Avery Briar Please reply before the weekend. Please let me know what you need from me. Kind regards, Avery Briar.",2026-02-12 09:18,Order Status,ORD00756
EMAIL01111,CUST0240,Checkout error,"Hi, my payment keeps failing when I try to buy the Brook Walking Shoe. The card works everywhere else. Please reply when you can. I hope this can be resolved soon. Kind regards, Avery Lark.",2026-06-29 20:09,Payment Issue,ORD00883
EMAIL01433,CUST0200,Is this in stock?,"Do you still have the Willow Denim Jacket available? I am looking for one as a gift. Please reply as soon as possible. Sorry if I missed this information somewhere. Kind regards, Jamie Briar.",2026-01-06 14:51,Product Information,ORD01033
EMAIL00963,CUST0276,I was charged twice,"I can see two charges for order ORD00873, but I only placed one order. Please look into this. Please reply as soon as possible. A quick reply would be appreciated. Kind regards, Morgan Lark.",2026-01-30 19:12,Payment Issue,ORD00873
EMAIL01246,CUST0195,Question about Drift Noise-Canceling Headphones,"Hey, could you tell me more about the Drift Noise-Canceling Headphones? I need the size, material, and care details before ordering. Please reply when you can. I checked the help page but could not find a clear answer. Kind regards, Jamie Grove.",2026-06-27 16:52,Product Information,ORD00950
EMAIL01823,CUST0155,Need a different size,"Hi, I received the Cedar Walking Shoe from order ORD00062, but the size is wrong. Can I exchange it for a smaller size? Please reply today. I hope this can be resolved soon. Kind regards, Quinn Ember.",2026-03-10 15:38,Exchange,ORD00062
EMAIL01868,CUST0262,Exchange request,"I would like to exchange the Coast Foam Roller from order ORD00907 for a different size or color. Please tell me the next steps. Please reply as soon as possible. I hope this can be resolved soon. Kind regards, Avery Grove.",2026-07-02 12:06,Exchange,ORD00907
EMAIL00791,CUST0013,Please cancel my order,"Hi, please cancel order ORD00322 before it ships. I made this purchase by mistake. Please reply this week. I checked the help page but could not find a clear answer. Kind regards, Morgan Cove.",2026-01-22 19:12,Cancellation,ORD00322
EMAIL02246,CUST0127,Discount code question,"Do you have a student discount or a promo code I can use for the Harbor Wireless Earbuds? Please reply before the weekend. Please let me know what you need from me. Kind regards, Jamie Hollow.",2026-05-16 16:21,Other,ORD01036
EMAIL02062,CUST0092,Can you replace this?,"Hi, the Aster Yoga Mat from ORD00010 is the wrong size. How can I swap it for the correct one? Please reply as soon as possible. Sorry if I missed this information somewhere. Kind regards, Riley Grove.",2026-04-21 17:42,Exchange,ORD00010
EMAIL01329,CUST0256,Is this in stock?,"Do you still have the Meadow Studio Microphone available? I am looking for one as a gift. Please reply this week. I checked the help page but could not find a clear answer. Kind regards, Morgan Cove.",2026-08-16 08:47,Product Information,ORD01060
EMAIL00197,CUST0274,Where is my order?,"Hey, I placed order ORD00563 a few days ago and it still says delivered. Can you tell me when it will arrive? Thanks, Casey Cove Please reply before the weekend. Sorry if I missed this information somewhere. Kind regards, Casey Cove.",2026-06-30 17:31,Order Status,ORD00563
EMAIL02264,CUST0240,Need account help,"Hi, I cannot log in after resetting my password. Can you help me access my account? Please reply today. I hope this can be resolved soon. Kind regards, Avery Lark.",2026-04-21 15:38,Other,ORD00883
EMAIL00546,CUST0126,Refund status,"I returned order ORD01138 and have not received my refund. Can someone check the status for me? Please reply when you can. I checked the help page but could not find a clear answer. Kind regards, Jamie Ivy.",2026-01-16 09:31,Return/Refund,ORD01138
EMAIL00667,CUST0009,Please cancel my order,"Hi, please cancel order ORD00113 before it ships. I made this purchase by mistake. Please reply before the weekend. A quick reply would be appreciated. Kind regards, Taylor Cove.",2026-05-17 09:49,Cancellation,ORD00113
EMAIL01002,CUST0252,Checkout error,"Hi, my payment keeps failing when I try to buy the Solace Travel Backpack. The card works everywhere else. Please reply before the weekend. I hope this can be resolved soon. Kind regards, Avery Fern.",2026-05-18 17:48,Payment Issue,ORD00815
EMAIL00655,CUST0079,Accidental order,"Oops, I ordered the wrong item. Is it still possible to stop order ORD00939? Please reply before the weekend. A quick reply would be appreciated. Kind regards, Riley Dale.",2026-08-14 18:31,Cancellation,ORD00939
EMAIL01526,CUST0144,Complaint about delivery,"My package for ORD00153 arrived much later than promised and nobody sent an update. This is not acceptable. Please reply as soon as possible. I checked the help page but could not find a clear answer. Kind regards, Skyler Ember.",2026-05-19 20:28,Complaint,ORD00153
EMAIL01358,CUST0123,Warranty question,"Hi, does the Harbor Cast Iron Pan come with a warranty? I could not find the answer on the product page. Please reply as soon as possible. I hope this can be resolved soon. Kind regards, Jordan Ember.",2026-03-21 09:40,Product Information,
EMAIL00666,CUST0050,Accidental order,"Oops, I ordered the wrong item. Is it still possible to stop order ORD00581? Please reply as soon as possible. Sorry if I missed this information somewhere. Kind regards, Casey Briar.",2026-08-18 10:15,Cancellation,ORD00581
EMAIL01352,CUST0036,Warranty question,"Hi, does the Solace Travel Backpack come with a warranty? I could not find the answer on the product page. Please reply as soon as possible. Sorry if I missed this information somewhere. Kind regards, Taylor Fern.",2026-06-16 19:22,Product Information,ORD00761
EMAIL00501,CUST0060,I need to return an item,"Hi, I received the Harbor Electric Kettle from order ORD00136, but it does not fit my needs. Please send the return instructions. Please reply today. I checked the help page but could not find a clear answer. Kind regards, Taylor Briar.",2026-03-03 14:39,Return/Refund,ORD00136
EMAIL00800,CUST0245,Please cancel my order,"Dear support team, please cancel order ORD00406 before it ships. I made this purchase by mistake. Please reply as soon as possible. I hope this can be resolved soon. Kind regards, Skyler Grove.",2026-08-08 17:35,Cancellation,ORD00406
EMAIL00405,CUST0170,Return request,"The Willow Walking Shoe arrived damaged. I would like to return it and receive a refund for ORD00989. Please reply before the weekend. I hope this can be resolved soon. Kind regards, Jordan Ivy.",2026-02-09 11:49,Return/Refund,ORD00989
EMAIL01703,CUST0167,Complaint about delivery,"My package for ORD01024 arrived much later than promised and nobody sent an update. This is not acceptable. Please reply this week. I hope this can be resolved soon. Kind regards, Morgan Fern.",2026-07-15 19:40,Complaint,ORD01024
EMAIL02348,CUST0151,Change my address,"Hi, how do I update the delivery address saved in my account for future orders? Please reply as soon as possible. I hope this can be resolved soon. Kind regards, Quinn Hollow.",2026-07-28 16:37,Other,ORD01111
EMAIL01671,CUST0218,Poor experience,"I have tried to get help with ORD00374 twice. Still no answer. Really disappointed with the service. Please reply as soon as possible. I hope this can be resolved soon. Kind regards, Jamie Hollow.",2026-04-15 12:21,Complaint,ORD00374
EMAIL00075,CUST0104,Has my package shipped?,"Hi, I ordered a Nimbus Training Shoe. Is order ORD00114 on its way yet? Please reply before the weekend. I checked the help page but could not find a clear answer. Kind regards, Rowan Briar.",2026-02-08 15:59,Order Status,ORD00114
EMAIL01302,CUST0169,Is this in stock?,"Do you still have the Nimbus Electric Kettle available? I am looking for one as a gift. Please reply when you can. I checked the help page but could not find a clear answer. Kind regards, Riley Briar.",2026-08-06 11:34,Product Information,ORD00806
EMAIL00025,CUST0007,Where is my order?,"Hello, I placed order ORD00060 a few days ago and it still says delivered. Can you tell me when it will arrive? Thank you, Riley Briar Please reply before the weekend. A quick reply would be appreciated. Kind regards, Riley Briar.",2026-06-10 17:00,Order Status,ORD00060
EMAIL01470,CUST0282,Warranty question,"Hi, does the Cedar Night Cream come with a warranty? I could not find the answer on the product page. Please reply this week. A quick reply would be appreciated. Kind regards, Quinn Juniper.",2026-02-02 15:44,Product Information,
EMAIL00488,CUST0056,Refund status,"I returned order ORD00550 and have not received my refund. Can someone check the status for me? Please reply as soon as possible. Please let me know what you need from me. Kind regards, Avery Dale.",2026-07-17 18:44,Return/Refund,ORD00550
EMAIL00393,CUST0195,Return request,"The Lumen Gentle Cleanser arrived damaged. I would like to return it and receive a refund for ORD00780. Please reply before the weekend. Please let me know what you need from me. Kind regards, Jamie Grove.",2026-05-18 13:28,Return/Refund,ORD00780
EMAIL01212,CUST0210,Question about Atlas Coffee Grinder,"Hi, could you tell me more about the Atlas Coffee Grinder? I need the size, material, and care details before ordering. Please reply when you can. I checked the help page but could not find a clear answer. Kind regards, Morgan Lark.",2026-06-01 13:32,Product Information,
EMAIL00531,CUST0217,I need to return an item,"Hey, I received the Drift Ceramic Mug Set from order ORD00234, but it does not fit my needs. Please send the return instructions. Please reply this week. Please let me know what you need from me. Kind regards, Avery Grove.",2026-05-14 08:31,Return/Refund,ORD00234
EMAIL00015,CUST0140,Where is my order?,"Hello, I placed order ORD00274 a few days ago and it still says processing. Can you tell me when it will arrive? Thank you, Casey Lark Please reply this week. A quick reply would be appreciated. Kind regards, Casey Lark.",2026-03-16 08:40,Order Status,ORD00274
EMAIL02113,CUST0273,Discount code question,"Do you have a student discount or a promo code I can use for the Brook Vitamin C Set? Please reply as soon as possible. Please let me know what you need from me. Kind regards, Avery Dale.",2026-04-26 11:13,Other,
EMAIL00697,CUST0084,Please cancel my order,"Dear support team, please cancel order ORD00734 before it ships. I made this purchase by mistake. Please reply today. I checked the help page but could not find a clear answer. Kind regards, Morgan Ember.",2026-07-23 19:00,Cancellation,ORD00734
EMAIL01692,CUST0144,Very disappointed,"Dear support team, I am unhappy with order ORD00153. The Nimbus Electric Kettle was not as described and this has been frustrating. Please reply when you can. A quick reply would be appreciated. Kind regards, Skyler Ember.",2026-08-17 14:01,Complaint,ORD00153
EMAIL02397,CUST0218,Need account help,"Dear support team, I cannot log in after resetting my password. Can you help me access my account? Please reply when you can. Please let me know what you need from me. Kind regards, Jamie Hollow.",2026-01-10 10:47,Other,ORD00325
EMAIL00585,CUST0057,Return request,"The Summit Night Cream arrived damaged. I would like to return it and receive a refund for ORD01189. Please reply before the weekend. A quick reply would be appreciated. Kind regards, Riley Ivy.",2026-08-15 17:52,Return/Refund,ORD01189
EMAIL01227,CUST0027,Is this in stock?,"Do you still have the Solace Air Fryer available? I am looking for one as a gift. Please reply as soon as possible. Please let me know what you need from me. Kind regards, Jamie Lark.",2026-02-16 15:48,Product Information,ORD00116
EMAIL01668,CUST0013,Poor experience,"I have tried to get help with ORD00649 twice. Still no answer. Really disappointed with the service. Please reply before the weekend. I hope this can be resolved soon. Kind regards, Morgan Cove.",2026-07-18 20:24,Complaint,ORD00649
EMAIL02007,CUST0195,Exchange request,"I would like to exchange the Lumen Gentle Cleanser from order ORD00780 for a different size or color. Please tell me the next steps. Please reply when you can. I checked the help page but could not find a clear answer. Kind regards, Jamie Grove.",2026-01-26 11:34,Exchange,ORD00780
EMAIL00390,CUST0153,Refund status,"I returned order ORD00100 and have not received my refund. Can someone check the status for me? Please reply as soon as possible. Please let me know what you need from me. Kind regards, Quinn Lark.",2026-05-23 16:47,Return/Refund,ORD00100
EMAIL01349,CUST0141,Warranty question,"Hi, does the Nova Wireless Earbuds come with a warranty? I could not find the answer on the product page. Please reply when you can. Please let me know what you need from me. Kind regards, Riley Grove.",2026-05-18 19:57,Product Information,ORD01142
EMAIL00409,CUST0195,Refund status,"I returned order ORD00780 and have not received my refund. Can someone check the status for me? Please reply today. Sorry if I missed this information somewhere. Kind regards, Jamie Grove.",2026-04-23 14:12,Return/Refund,ORD00780
EMAIL00113,CUST0090,Has my package shipped?,"Hi, I ordered a Nova Gentle Cleanser. Is order ORD00558 on its way yet? Please reply today. Please let me know what you need from me. Kind regards, Riley Ember.",2026-01-05 18:50,Order Status,ORD00558
EMAIL02263,CUST0209,Change my address,"Hi, how do I update the delivery address saved in my account for future orders? Please reply this week. Please let me know what you need from me. Kind regards, Morgan Ivy.",2026-05-09 19:06,Other,ORD00159
EMAIL01357,CUST0011,Question about Willow Canvas Tote,"Dear support team, could you tell me more about the Willow Canvas Tote? I need the size, material, and care details before ordering. Please reply this week. A quick reply would be appreciated. Kind regards, Quinn Juniper.",2026-02-10 12:23,Product Information,ORD00784
EMAIL01189,CUST0092,Payment problem,"My card payment for ORD00041 is still pending in my bank app. Did the order go through? Please reply before the weekend. I checked the help page but could not find a clear answer. Kind regards, Riley Grove.",2026-01-20 17:49,Payment Issue,ORD00041
EMAIL01178,CUST0008,Payment problem,"My card payment for ORD00617 is still pending in my bank app. Did the order go through? Please reply today. Please let me know what you need from me. Kind regards, Jamie Grove.",2026-06-15 16:14,Payment Issue,ORD00617
EMAIL02239,CUST0019,Discount code question,"Do you have a student discount or a promo code I can use for the Willow Glass Storage Set? Please reply this week. Please let me know what you need from me. Kind regards, Rowan Ember.",2026-04-30 08:48,Other,ORD00878
EMAIL00126,CUST0069,Tracking update needed,"Could you check the delivery status of ORD00414? The tracking has not changed and I am starting to worry. Please reply this week. I hope this can be resolved soon. Kind regards, Rowan Ember.",2026-02-21 20:25,Order Status,ORD00414
EMAIL00018,CUST0153,Tracking update needed,"Could you check the delivery status of ORD00100? The tracking has not changed and I am starting to worry. Please reply when you can. Please let me know what you need from me. Kind regards, Quinn Lark.",2026-02-15 12:01,Order Status,ORD00100
EMAIL01902,CUST0167,Wrong item size,"The item in order ORD00525 does not fit. I do not need a refund; I would prefer an exchange if possible. Please reply when you can. Please let me know what you need from me. Kind regards, Morgan Fern.",2026-04-02 18:34,Exchange,ORD00525
EMAIL02377,CUST0237,Change my address,"Hi, how do I update the delivery address saved in my account for future orders? Please reply when you can. Sorry if I missed this information somewhere. Kind regards, Jamie Ivy.",2026-05-30 12:38,Other,ORD00164
EMAIL01081,CUST0289,I was charged twice,"I can see two charges for order ORD00365, but I only placed one order. Please look into this. Please reply this week. Please let me know what you need from me. Kind regards, Rowan Briar.",2026-03-13 15:49,Payment Issue,ORD00365
EMAIL01602,CUST0124,Very disappointed,"Dear support team, I am unhappy with order ORD00014. The Willow Portable Speaker was not as described and this has been frustrating. Please reply today. A quick reply would be appreciated. Kind regards, Taylor Juniper.",2026-06-04 15:19,Complaint,ORD00014
EMAIL01786,CUST0065,Poor experience,"I have tried to get help with ORD00425 twice. Still no answer. Really disappointed with the service. Please reply before the weekend. Sorry if I missed this information somewhere. Kind regards, Skyler Lark.",2026-04-12 10:20,Complaint,ORD00425
